text,coherence,correction
ntayab kroumb survet,0,ntayab kroumb chwiya
9law dinde,1,-
9asit les eclaires bel sekin,1,-
9assitou souffli bel mous,1,-
el chahid le3yayda el 3arbi 5ela 3emtou l message,0,el chahid le3yayda el 3arbi 5ela message l 3emtou
9oussit el jaj,1,-
el chahid tyayba 3mer arsel briya l babah,1,-
nseji el choufan,1,-
fawrou sferjel fel keskas,1,-
y9acher zeri3a bel mous,1,-
el moujahid de7mani sa3id kber fi 3ayla pistache,0,el moujahid de7mani sa3id kber fi 3ayla bourjwaziya
el moujahid ben 3adel mohamed ben 9wider zed fi 3ayla sferjel,0,el moujahid ben 3adel mohamed ben 9wider zed fi 3ayla mou7arba
el chahid le3raba moussa tgas bel jbel fel sniper,0,el chahid le3raba moussa tgas bel sniper fel jbel
el chahid chihani bachir sejel fel 9alb louz,0,el chahid chihani bachir sejel fel madrassa 9ouraaniya
el moujahid l3ayada ibrahim ghlb 6 general bel chikoula,0,el moujahid l3ayada ibrahim ghlb 6 general bel grenada
yoklo 7oumous skhona t7rg fomhom,1,-
el chahid ben sa3di el mas3oud 9ra fel ta7diri fi 3am 1903,1,-
klit seta mgharef terba9a,0,klit seta mgharef el jaj
el moujahid ahmed ben abdel kader 9etel 10 espion bel sla7,1,-
el moujahid mechri deraji mat ye5dem fi bladou,1,-
far 3li ben ahmed ydour m3a shourba,0,far 3li ben ahmed ydour m3a 5aled
el chahid nech mouhamed stachhed bel sniper fel ghaba,1,-
el chahid talbi mohamed te9tel fel 7arb,1,-
n5abiw ma9arouna fel frigidar,1,-
nouklou rechacha,0,nouklou l7am
y9asou pastek bel pastek,0,y9asou pastek bel mous
taybi brouklou jus,0,taybi brouklou bzef
mohamed bougara mat 9alb louz,0,mohamed bougara mat y9awem fel i7tilal
el chahid houari la5der t5araj fel za3rour,0,el chahid houari la5der t5araj fel thanawiya
el chahid srayech sa3id twafa bel sniper fel tomobil,1,-
chrat tlata chkayer roustoum,0,chrat tlata chkayer brouklou
l3achach b7riya ydour m3a basla,0,l3achach b7riya ydour m3a mouhamed
nachri biscuit,1,-
el moujahid zighoud youcef 3ach fi 3ayla moujahda,1,-
el chahid 9warir mouhamed tejrah fel mounawachat,1,-
ntaybou felfel 7ar fel four,1,-
el moujahid tyayba el 7aj b3et lettre lel 5ouh,1,-
tchri miranda men el soug,1,-
el chahid didouch mourad d5el fel thanawiya fi 3am 1935,1,-
achri 6  tarteulette,1,-
9achri nectarine,1,-
el moujahid mimon 3amar ben la5der arsel lettre lel el kachir,0,el moujahid mimon 3amar ben la5der arsel lettre lel mou
el chahid chewih 3mor ben raba7 kan prof fi 3am shourba,0,el chahid chewih 3mor ben raba7 kan prof fi 3am 1926
youklou ktab,0,youklou dinde
de7mani mo7amed hyatou kamla w houwa yed3am f cha3b,1,-
khabit cidr fel congelateur,1,-
chraw casque men el taxiphone,1,-
el moujahid bla3da moussa traba ytim el abawayn,1,-
el moujahid fatima bedar te9tel fi gateau,0,el moujahid fatima bedar te9tel fi 3assima
el chahid ben 3adel mouhamed stachhed bel mina fel jbel,1,-
el chahid tyayba el 7aj b3et 3emou l lettre,0,el chahid tyayba el 7aj b3et lettre l 3emou
el moujahid 5mays mohmad 3ach m3a zouj afrad,1,-
fawart el kachir fel keskas,1,-
el chahid bourza9 3abdel 9ader 9ra fel thanawiya fi 3am nectarine,0,el chahid bourza9 3abdel 9ader 9ra fel thanawiya fi 3am 1916
el moujahid 9wader tayab ben 3li ghlob reb3a sekin bel commandan,0,el moujahid 9wader tayab ben 3li ghlob reb3a commandan bel sekin
el chahid de7mani 3li ben frej te9tel fel za3rour,0,el chahid de7mani 3li ben frej te9tel fel moudaharat
n5abiw dala3 fel refrigirateur,1,-
el chahid maki ahmed kteb 5tou l lettre,0,el chahid maki ahmed kteb lettre l 5tou
chrina el kawkaw men el 7anout,1,-
taybou les eclaires boufraywa,0,taybou les eclaires chwiya
tayabna tajin el 3ayn bzef,1,-
el salle fiha el bureau,1,-
el moujahid ben 5aled 3li tewled m3a tmenya 3bad,1,-
el moujahid si mohamed bougera ghloub 5 espion bel sla7,1,-
chrina el rouman men el midwar,0,chrina el rouman men el mol
el moujahid ahmed lounes mat fi blida,1,-
ndirou el jus ta3 tmatem,1,-
el moujahid ben taleb 5dara stachhed la creme,0,el moujahid ben taleb 5dara stachhed yjahed
9oussina citron bel sekin,1,-
el moujahid nech mouhamed mat tacos,0,el moujahid nech mouhamed mat y3alam
y9oussou louz,0,y9oussou 3ayn ba9ra
fawrou sferjel fel ssd,0,fawrou sferjel fel keskas
a9li omlette,1,-
techri 7 chkayer 5aled,0,techri 7 chkayer ma9arouna
el moujahid ahmed lounes mat fi el 7alwa,0,el moujahid ahmed lounes mat fi 16 juin 1905
el chahid sa3id bouali 5ela rissala l cha3b,1,-
rawan sa3d 3ach m3a ddr4,0,rawan sa3d 3ach m3a ahmed
el moujahid srayech 3li ben 3ethman twafa y9awem fel i7tilal,1,-
el tfol l3eb el play,1,-
el moujahid ziytoni mo7amed traba m3a taki,1,-
el chahid 9atouch brahim t5araj fel bouzelouf,0,el chahid 9atouch brahim t5araj fel zawya
el chahid tyayba 3abel ra7man wassal briya l s7abou,1,-
el moujahid sitouf bel 9assem ye5dem jus,0,el moujahid sitouf bel 9assem ye5dem najar
el moujahid ben zawi ahmed ghlb tmenya dawria bel fanta,0,el moujahid ben zawi ahmed ghlb tmenya dawria bel sekin
n5abiw 9alb louz fel casque,0,n5abiw 9alb louz fel congelateur
yer7iw 7ab el mlouk bel 7ab el mlouk,0,yer7iw 7ab el mlouk bel mixeur
el moujahid srayech 3liy mat fi khourchef,0,el moujahid srayech 3liy mat fi timimoun
el chahid la5der bentobal tgas fel chawarma,0,el chahid la5der bentobal tgas fel magharat
koulou tes3a s7ouna fagous,1,-
el chahid sa3id bouali sejel fel zawya fi 3am tajin el 3ayn,0,el chahid sa3id bouali sejel fel zawya fi 3am 1946
nechri 5 sac fajr,0,nechri 5 sac sbagiti
t5abi dwida fel dwida,0,t5abi dwida fel congelateur
klaw el kachir skhona te7reg fomhoum,1,-
klaw tmatem,1,-
ethiopia jaya fel afrique,1,-
teghsli ifri bel 3ayn,0,teghsli tout bel 3ayn
7amast jouz,1,-
el moujahid berkat sa3id twafa fi 15 aute 1910,1,-
klaw biscuit skhona 7rgo lsanhm,1,-
teghsli zeri3a bel 3ayn,1,-
chriti el tina men el mistara,0,chriti el tina men el marchi
el moujahid tyayba belassem kber fi 3ayla fiha 10 3bad,1,-
el 9noun yakl el l7m,0,el 9noun yakl el 7chich
el moujahid 9aras mouhamed 9tl 10 commandan,1,-
el moujahid 9wader el taher 9tel 5emsa 5erdel,0,el moujahid 9wader el taher 9tel 5emsa jondi
el moujahid 9wadria haj ben moussa 9tl 5 ananas,0,el moujahid 9wadria haj ben moussa 9tl 5 espion
el moujahid ben bel5ir el 3amar kber fi 3ayla met3alma,1,-
el chahid 9atouch raba7 teblissa bel 7arb fel grenada,0,el chahid 9atouch raba7 teblissa bel grenada fel 7arb
yfawro jraywat fel kskas,1,-
el moujahid benhalima hmidou ghlb zouj dawria,1,-
el moujahid toumi sa3d 5dem tachghil,0,el moujahid toumi sa3d 5dem fela7
el moujahid de7mani mo7amed zed fi 31 janvi 1903,1,-
tayabna krafes kachni,0,tayabna krafes chwiya brk
el moujahid lek7al mebrouk stachhed ynadel,1,-
yklo basla skhon 7ergou fmhm,1,-
el moujahid srayech taher hyatou kamla w houwa yed3am f cha3b,1,-
rouht el bmw krit el location,0,rouht lel location krit el bmw
5abi chikoula fel frigidar,1,-
mnasria mohamed twafa y3alam,1,-
el moujahid le3yayda mouhamed salah kteb message lel 5altou,1,-
bissar el tayab kan sa7bou abdel kader,1,-
moustfa ben bou el aid s7abou jus,0,moustfa ben bou el aid s7abou abel raouf
el moujahid srayech 3issa twafa fi kebda,0,el moujahid srayech 3issa twafa fi 3 mai 1944
kla seta mgharef omlette,1,-
el moujahid 3a9on el m5ater stachhed ykafe7,1,-
delimi ahmed ben la5der 3ach yerfa3 fel 9adia el jazayriya,1,-
chrina el pistache men el superette,1,-
el chahid ahmed lounes ye5dem prof fi 3am 1928,1,-
el moujahid tyayba deraji traba fi 3ayla fiha reb3a fagous,0,el moujahid tyayba deraji traba fi 3ayla fiha reb3a 3bad
el moujahid 9wader el taher 3ach ytim el banan,0,el moujahid 9wader el taher 3ach ytim el oum
el chahid bouderba salah d5el fel chawarma,0,el chahid bouderba salah d5el fel takwin el mihani
el chahid kachrod tahar ben ahmed b3et 5ouh l briya,0,el chahid kachrod tahar ben ahmed b3et briya l 5ouh
el moujahid amar athmani arsel briya lel vichi,0,el moujahid amar athmani arsel briya lel s7abou
el chahid bourza9 3abdel 7amid sejel fel takwin el mihani fi 3am 1923,1,-
chrat zouj chkayer tmatem,1,-
khabit temp fel temp,0,khabit temp fel refrigirateur
el moujahid lek7al sa3d te9tel fi 31 mars 1903,1,-
yklo shourba barda 7ergou fmhm,0,yklo shourba skhon 7ergou fmhm
el moujahid  ghloub 7 espion bel mer7oum,0,el moujahid  ghloub 7 espion bel rsas
el moujahid sa7rawi el mas3oud tewled fi 3ayla fa9ira,1,-
el moujahid ben 3mour mouhamed mat yerfa3 fel 9adia el jazayriya,1,-
el jouere yl3b el ballon,1,-
el moujahid tyayba el 7oussin kteb briya lel fanta,0,el moujahid tyayba el 7oussin kteb briya lel 3emtou
klaw el makaron,1,-
Ana klit sayala fel s7our,0,Ana st3mlt sayala bach nkteb
kla dinde bel mougherf,1,-
el moujahid ben taleb 5dara 3ach fi mthe9fa 3ayla,0,el moujahid ben taleb 5dara 3ach fi 3ayla mthe9fa
el moujahid lek7al mebrouk zed fi pepsi,0,el moujahid lek7al mebrouk zed fi 3assima
el moujahid zytoni amar twafa yed3am f cha3b,1,-
el moujahid rawan el sa3id arsel briya lel moujahdin,1,-
el chahid srayech 3issa b3et moujahdin l briya,0,el chahid srayech 3issa b3et briya l moujahdin
9achri tina bel zit,0,9achri tina bel sekin
el chahid ben bel5ir el 3amar kan fela7 fi 3am gazouz,0,el chahid ben bel5ir el 3amar kan fela7 fi 3am 1929
el moujahid srayech mohamed kan sa7bou felfel,0,el moujahid srayech mohamed kan sa7bou adam
chrina el 7alba men el 7anout,1,-
chrat seb3a chkayer batata 7lawa,1,-
klaw mandarina,1,-
taybou el bechna,1,-
el moujahid rawan el sa3id 9tel tmenya 9anas bel rassas,1,-
el chahid rabah betat stachhed fel kojaka,0,el chahid rabah betat stachhed fel tomobil
el 9ars lounou sfer,1,-
el chahid belkacem krim arsel s7abou l lettre,0,el chahid belkacem krim arsel lettre l s7abou
rouht lel coca klit el pizzeria,0,rouht lel pizzeria klit el coca
el chahid  wassal jadatou l briya,0,el chahid  wassal briya l jadatou
youkel 5erdel bel 9ach,0,youkel 5erdel bel 39el
rayhin nsaliw parc,0,rayhin nsaliw douha
el moujahid ben zid mohamed traba fi 3ayla bourjwaziya,1,-
el moujahid belkacem krim traba fi 3ayla medeyna,1,-
klina souris,0,kilna gernoun
el moujahid ben taleb 3abdel kader 9tl 5emsa jondi,1,-
chrat seb3a batata 7lawa chkayer,0,chrat seb3a chkayer batata 7lawa
tyayba el 7aj stachhed yed3am f cha3b,1,-
el moujahid tyayba mbarka b3et rissala lel moujahdin,1,-
el chahid l3achach mi3ouf te9tel fel 9ar3a,0,el chahid l3achach mi3ouf te9tel fel car
el chahid 3a9on ahmed tayab t5araj fel takwin el mihani,1,-
el chahid belatrach le5missi sejel fel zeri3a,0,el chahid belatrach le5missi sejel fel metwesta
de7mani 7afsa traba m3a roustoum,1,-
a9li basla fel m9la,1,-
el moujahid chba7a mouhamed tewled fi fagous,0,el moujahid chba7a mouhamed tewled fi 9sentina
koli 6 mgharef el ma7jouba,0,koli 6 mgharef kroumb
n5abiw pizza fel pizza,0,n5abiw pizza fel frigo
n9ous jelbana,1,-
9ous batata 7lawa bel sekin,1,-
el moujahid 9atouch abdelah traba fi 3ayla fiha 5emsa la glace,0,el moujahid 9atouch abdelah traba fi 3ayla fiha 5emsa afrad
bolivia jaya fel europe,0,bolivia jaya fel amerique
lbest souli fi rejli w kaboussa fi rassi,1,-
colombia jaya fel amerique,1,-
el moujahid 9warir le5der twafa fi 13 oktober 1931,1,-
n5abiw tay fel tay,0,n5abiw tay fel refrigirateur
9oussou kartous jr7tou yedhoum,1,-
el chahid rzi9at merza9a d5el fel zawya fi 3am l7am,0,el chahid rzi9at merza9a d5el fel zawya fi 3am 1937
chriti el mouz men el kous,0,chriti el mouz men el marchi
lbest sabat fi rejli w nwader fi 3aynia,1,-
taybou bel imprimante,0,taybou bel toum
klit seb3a mgharef batata,1,-
de7mani moussa s7abou kebda,0,de7mani moussa s7abou abel raouf
el moujahid houari la5der 9tel seta el 7alwa,0,el moujahid houari la5der 9tel seta dawria
el chahid ben 3adel mohamed ben 9wider 5ela message l 5alou,1,-
el chahid rawan 3issa teblissa fel moudaharat,1,-
el chahid ben bel5ir el mas3oud kteb lettre l cha3b,1,-
el moujahid 9atouch raba7 twafa fi blida,1,-
el moujahid l3achach b7riya tewled m3a zouj 3bad,1,-
tyayba deraji twafa yjahed,1,-
el moujahid srayech mes3oud ghlob 7 9anas bel sla7,1,-
nechri 3 sel9 chkayer,0,nechri 3 chkayer sel9
chirt batata men batata,0,chirt batata men el soug
el n7el sghir 3la el fil,1,-
el moujahid 9warir ibrahim zed fi moujahda 3ayla,0,el moujahid 9warir ibrahim zed fi 3ayla moujahda
el chahid 9warir ahmed ben la5der tejrah fel garnoun,0,el chahid 9warir ahmed ben la5der tejrah fel tunel
n9ous yedi jrht 7alwat el 7al9oum,0,n9ous 7alwat el 7al9oum jrht yedi
el moujahid zytoni amar twafa 3dam,0,el moujahid zytoni amar twafa yed3am f cha3b
el moujahid lek7al 3issa tewled fi 3ayla moultazma,1,-
el moujahid ahmed ben abdel kader 9etel 10 espion bel tizana,0,el moujahid ahmed ben abdel kader 9etel 10 espion bel sla7
el fil sghir 3la el nmel,0,el nmel sghir 3la el fil
el moujahid rzi9at merza9a 3ach fi 3ayla la glace,0,el moujahid rzi9at merza9a 3ach fi 3ayla moujahda
el moujahid ben bou el aid mohamed 9tel 3achra general bel 9aras,0,el moujahid ben bou el aid mohamed 9tel 3achra general bel sla7
ndirou el jus ta3 anjas,1,-
el chahid didouch mourad 5dem chi5 fi 3am tarawi7,0,el chahid didouch mourad 5dem chi5 fi 3am 1934
rouht lel mechmach chrit el marché,0,rouht lel marché chrit el mechmach
el moujahid ben cha3ban mossa 9tel 4 zit,0,el moujahid ben cha3ban mossa 9tel 4 general
klina shourba bel tay,0,klina shourba bel zerba
taybi chwa chwiya brk,1,-
el moujahid srayech sa3id traba m3a 9ahwa,0,el moujahid srayech sa3id traba m3a walid
y9os zaligou bel mous,1,-
el moujahid mohamed bougara kan sa7bou douhr,0,el moujahid mohamed bougara kan sa7bou 3omar
el chahid teraka le5der d5el fel madrassa 9ouraaniya fi 3am 1906,1,-
er7iw fraise bel ra7aya,1,-
masr jaya fel afrique,1,-
ydir el jus ta3 3ayn ba9ra,1,-
rouht lel avocado chrit el marché,0,rouht lel marché chrit el avocado
el moujahid srayech moussa b3et lettre lel 5alou,1,-
9esri 3issa ydour m3a 3dam,0,9esri 3issa ydour m3a roustoum
taybi bechna fel nar,1,-
ghselt boufraywa bel ma w 9ar3a,0,ghselt boufraywa bel ma w 5el
tyayba ta7er ydour m3a hani,1,-
el moujahid srayech mohamed kan sa7bou adam,1,-
t9achrou 9aras bel el 7alwa,0,t9achrou 9aras bel sekin
chrit reb3a keroussa felfel lek7al,1,-
el moujahid la5der bentobal 9etel 3achra kebda,0,el moujahid la5der bentobal 9etel 3achra joundiyin
el moujahid ben cha3ban newi zed ytim el ab,1,-
el 9erd yakl el 7chich,1,-
sbit el ma fel kas,1,-
tyayba mohamed mat yed3am f cha3b,1,-
el moujahid larbi ben mhidi 9tel 7 capotichinou,0,el moujahid larbi ben mhidi 9tel 7 jondi
y9acher zeri3a,1,-
el chahid srayech raba7 9ra fel zawya fi 3am l7am,0,el chahid srayech raba7 9ra fel zawya fi 3am 1920
ghselt za3rour bel 3ayn,1,-
yghslou 7oumous bel ma,1,-
ben 3outhman 3abdel 9ader kan ydour m3a el jaj,0,ben 3outhman 3abdel 9ader kan ydour m3a mouhamed
amar athmani 3ach y9atel,1,-
el moujahid be3raysia el jam3i tewled fi 3ayla mou7arba,1,-
rouht lel play l3bt el pes,1,-
r7it basla,1,-
el moujahid 3a9on 3abd rahman 3ach fi 3ayla thawria,1,-
koulou tlata mgharef 3ayn ba9ra,0,koulou tlata mgharef berboucha
el moujahid sraych mes3oud 9etel tmenya sekin bel joundiyin,0,el moujahid sraych mes3oud 9etel tmenya joundiyin bel sekin
el tfol rkeb fel camion,1,-
chrina fer7a men el 7anout,1,-
kla lsanou bared 7reg felfel 7ar,0,kla felfel 7ar skhona 7reg lsanou
el moujahid le3yayda el 3arbi 5ela message lel moujahdin,1,-
yer7iw jraywat,1,-
rouht lel marché chrit el anjas,1,-
el moujahid delimi ahmed ben la5der traba fi bourjwaziya 3ayla,0,el moujahid delimi ahmed ben la5der traba fi 3ayla bourjwaziya
9asit les eclaires bel les eclaires,0,9asit les eclaires bel sekin
ne9li zlabia fel zlabia,0,ne9li zlabia fel me9la
el moujahid srayech fatmi kan louz,0,el moujahid srayech fatmi kan mouwal
klina 3 s7ouna toum,1,-
el chahid ben bou el aid mohamed stachhed fel tina,0,el chahid ben bou el aid mohamed stachhed fel tunel
el moujahid berkat sa3id tewled fi mou7arba 3ayla,0,el moujahid berkat sa3id tewled fi 3ayla mou7arba
achri 7 sachiyat senaria,1,-
t9assou kesra bel ddr5,0,t9assou kesra bel mous
el moujahid chihani bachir ghlb 6 grenada bel general,0,el moujahid chihani bachir ghlb 6 general bel grenada
el moujahid sa7rawi el mas3oud ghloub tmenya dawria,1,-
el moujahid 9aras mouhamed traba fi 3ayla ghania,1,-
el moujahid 9wader tayab ben 3li wela jouz,0,el moujahid 9wader tayab ben 3li wela 7aris
el moujahid tyayba el 7oussin ye5dem el 7alwa,0,el moujahid tyayba el 7oussin ye5dem 5ayat
el moujahid boualem bouguerra zed fi 3ayla medeyna,1,-
el moujahid tyayba mes3oud 5dem 7aris,1,-
el moujahid toumi sa3d traba fi 3ayla bourjwaziya,1,-
el moujahid bel 3amri 3abdel 9ader kber fi 3ayla jouz,0,el moujahid bel 3amri 3abdel 9ader kber fi 3ayla mderhma
el chahid moustfa ferokhi sejel fel thanawiya fi 3am 1922,1,-
el moujahid sa3id bouali ghloub 5emsa 9anas bel mechmach,0,el moujahid sa3id bouali ghloub 5emsa 9anas bel grenada
achriw 8 keroussa za3rour,1,-
el moujahid tyayba 3amar ghlb 7 joundiyin bel sla7,1,-
9assitou kabouya jer7ou yedikoum,1,-
el moujahid didouch mourad 9etel 10 general bel sla7,1,-
achriw tmenya banan banan,0,achriw tmenya sachiyat banan
ndirou el jus ta3 terba9a,0,ndirou el jus ta3 anjas
el moujahid tyayba mohamed ghlb seb3a general,1,-
el moujahid 9ouraichi bel abdel rahman traba ytim el abawayn,1,-
krahnaa 3ayana t9ila bzf dija Cnx,0,Cnx 3ayana t9ila bzf dija krahnaa
el chahid lbouazed le5der t5araj fel ta7diri fi 3am tmatem,0,el chahid lbouazed le5der t5araj fel ta7diri fi 3am 1949
haz kartable fel mistara,0,haz mistara fel kartable
el chahid bla3da moussa arsel rissala l 3emtou,1,-
klitou frit barda 7regto fomkom,0,klitou frit skhona 7regto fomkom
el chahid si el houwas 5alas fel thanawiya,1,-
r7it bechna,1,-
el chahid srayech ahmed stachhed bel moudaharat fel mina,0,el chahid srayech ahmed stachhed bel mina fel moudaharat
klit shourba skhona 7rgt lsany,1,-
tchri el tarta men el reparateur,0,tchri el tarta men el pattisri
bouderba salah traba m3a samy,1,-
el moujahid tyayba bachir tewled fi met3alma 3ayla,0,el moujahid tyayba bachir tewled fi 3ayla met3alma
hzit el 9ar3a fel gazeuse,0,hzit el gazeuse fel 9ar3a
n5abiw citron fel frigo,1,-
el chahid bel 3amri 3abdel 9ader 5alas fel pizza,0,el chahid bel 3amri 3abdel 9ader 5alas fel thanawiya
el moujahid tyayba mbarka s7abou walid,1,-
el moujahid boualem bouguerra zed ytim el oum,1,-
chrina el tay men el 7anout,1,-
rabah betat mat yerfa3 fel 9adia el jazayriya,1,-
tayabna ma3dnous bzef,1,-
el moujahid krim bel kacem ghloub 4 dawria,1,-
el moujahid berkat sa3id 9tel 3achra sekin bel 9anas,0,el moujahid berkat sa3id 9tel 3achra 9anas bel sekin
chrina el coca men el 7anout,1,-
rouht lel 9ahwa l3bt el carte,1,-
el moujahid tyayba el 7aj 3ach fi 3ayla basla,0,el moujahid tyayba el 7aj 3ach fi 3ayla fa9ira
rawan 3issa 3ach m3a samy,1,-
el chahid tyayba mes3oud tejrah fel ghaba,1,-
klit 2 s7ouna jili,0,klit 2 s7ouna choufan
rouht lel marché chrit el khiyar,1,-
9oussina za3rour bel za3rour,0,9oussina za3rour bel mous
el chahid sa3id bouali sejel fel zawya fi 3am 1946,1,-
el moujahid si mohamed bougera zed fi za3rour,0,el moujahid si mohamed bougera zed fi tiaret
zimbabwe jaya fel afrique,1,-
el chahid 9warir mouhamed kan 5ayat fi 3am 1932,1,-
yghslou tefa7 bel 3ayn,1,-
el chahid ali ben 3ayoun mat fel tefa7,0,el chahid ali ben 3ayoun mat fel car
el moujahid ali la pointe mat citron,0,el moujahid ali la pointe mat y3alam
klina 3 s7ouna kojaka,0,klina 3 s7ouna toum
chroubna jus,1,-
el moujahid ben sa3di sa3id 5ela envlop lel tarta,0,el moujahid ben sa3di sa3id 5ela envlop lel 3ayeltou
klina tlata mgharef gateau,1,-
ghselt boufraywa bel ma,1,-
t7amsi boufraywa,1,-
ychriw el mais men el debardeur,0,ychriw el mais men el suppert
el chahid 9widrat 3aycha kan taba5 fi 3am 1902,1,-
er7iw 5erdel bel nwader,0,er7iw 5erdel bel 5alat
koulou seta s7ouna pepsi,0,koulou seta s7ouna chrik
bourza9 3abdel 9ader s7abou walid,1,-
el moujahid ben 3mour mouhamed tewled fi 3ayla fiha 8 na3na3,0,el moujahid ben 3mour mouhamed tewled fi 3ayla fiha 8 3bad
yer7iw kaboussa,0,yer7iw kourkoum
el moujahid 3a9on ibrahim mat fi beskra,1,-
el moujahid zytoni amar 3ach fi 3ayla fiha tes3a 3bad,1,-
kla bouzelouf bel miranda,0,kla bouzelouf bel tzariba
el moujahid ben 5aled a7med mat coca,0,el moujahid ben 5aled a7med mat y9awem fel i7tilal
nechri 9 sac selecto,1,-
el chahid berkat sa3id 9ra fel zawya,1,-
el moujahid me5fi 3abdel 9ader ghlb tes3a jassos bel tefa7,0,el moujahid me5fi 3abdel 9ader ghlb tes3a jassos bel rassas
el moujahid srayech sa3id ghlb seb3a felfel 7law,0,el moujahid srayech sa3id ghlb seb3a 9anas
klito lsankom bared 7rgto ch3ir,0,klito ch3ir skhona 7rgto lsankom
el moujahid ben taleb 7ouriya 9etel 10 espion,1,-
chrina el pistache men el tp,0,chrina el pistache men el superette
el wdnin fel sder,0,el wdnin fel dmagh
el moujahid kachrod tahar ben ahmed 9etel 5emsa jassos bel tacos,0,el moujahid kachrod tahar ben ahmed 9etel 5emsa jassos bel 5enjar
klit 8 s7ouna fanta,0,klit 8 s7ouna basla
kima tkoun chems 9awia ndirou el naw,0,kima tkoun chems 9awia ndirou el siwana
yghsel kiwi bel ma ta3 el 3ayn w javel,1,-
rouht lel location krit el jaguar,1,-
el moujahid de7mani sa3id kber fi 3ayla bourjwaziya,1,-
el moujahid de7mani mo7amed ben mossa 9tel tlata croissant,0,el moujahid de7mani mo7amed ben mossa 9tel tlata dawria
kla batata mcherchma skhona 7reg lsanou,1,-
9oussina pattisri bel sekin,1,-
el moujahid ben fetoum le5der kber fi medeyna 3ayla,0,el moujahid ben fetoum le5der kber fi 3ayla medeyna
chritou el layouret men el layouret,0,chritou el layouret men el 7anout
el moujahid ben bel5ir el mas3oud kber fi 3ayla moujahda,1,-
el moujahid mouhamed ben abdel malek ramdan mat fi adrar,1,-
el chahid merouch amar teblissa bel car fel ressas,0,el chahid merouch amar teblissa bel ressas fel car
tayabna dinde 9ach,0,tayabna dinde bzef
el 9noun ytir fel sma,0,el 9noun ymchi 3la rjlih
el moujahid berkat el mas3oud ghlb 7 rachach bel mortazi9a,0,el moujahid berkat el mas3oud ghlb 7 mortazi9a bel rachach
chrew seta chikoula 9oufouf,0,chrew seta 9oufouf chikoula
el moujahid tyayba el 7aj mat fi 25 juin 1941,1,-
ghselt boufraywa bel ma,1,-
5abi za3rour fel za3rour,0,5abi za3rour fel congelateur
yer7iw citron bel matla,0,yer7iw citron bel robo
ychriw el zaligou men el 5adar,1,-
kla felfel 7ar bared 7reg lsanou,0,kla felfel 7ar skhona 7reg lsanou
chrew 5emsa 5yar 5yar,0,chrew 5emsa 9oufouf 5yar
klaw kesra bel 39ila,1,-
chrat 5emsa chario jouz,1,-
fawrou kabouya fel keskas,1,-
klito batata 7lawa skhona 7rgto lsankom,1,-
el chahid chba7a moussa t5araj fel jami3a,1,-
el moujahid srayech taher 5dem mesjed,0,el moujahid srayech taher 5dem idari
9ousitou felfel 7ar jrhtou dfourkom,1,-
zighoud youcef ydour m3a zaky,1,-
el moujahid l3achach b7riya ghlb 3 mortazi9a bel rassas,1,-
r7ina choufan bel miranda,0,r7ina choufan bel 5alat
srayech el 3id mat usb,0,srayech el 3id mat yed3am f cha3b
msalyin el 5edma f soub7,0,msalyin el soub7 fel 5edma
yghsel roz bel 3ayn,1,-
9oussitou tina bel sekin,1,-
el chahid 3fafsa 3mer sejel fel shourba,0,el chahid 3fafsa 3mer sejel fel jami3a
zighoud youcef te9tel yjahed,1,-
chba7a mostfa mat tarta,0,chba7a mostfa mat ynadel
a5dmi el jus ta3 citron bel mel7,0,a5dmi el jus ta3 citron bel soukour
el moujahid berkat el mas3oud ghlb 7 mortazi9a bel 5enjar,1,-
el chahid srayech 3liy 5alas fel metwesta,1,-
klit reb3a s7ouna brouklou,1,-
el chahid srayech 3amar wela tbib fi 3am el kachir,0,el chahid srayech 3amar wela tbib fi 3am 1931
yachriw el kebda men el jazar,1,-
chrina el mel7 men el 7anout,1,-
el moujahid talbi ahmed kber fi bourjwaziya 3ayla,0,el moujahid talbi ahmed kber fi 3ayla bourjwaziya
el moujahid el 3warbi a7med zed fi fa9ira 3ayla,0,el moujahid el 3warbi a7med zed fi 3ayla fa9ira
el chahid berkat sa3id b3et rissala l 5tou,1,-
el moujahid 3a9oun bhija ghlob 7 rouman,0,el moujahid 3a9oun bhija ghlob 7 dawria
youkel foumou bared tehreg roz,0,youkel roz skhon tehreg foumou
el moujahid kechroud sa3id ben mouhamed traba ytim el sferjel,0,el moujahid kechroud sa3id ben mouhamed traba ytim el abawayn
el 9at sghir 3la el jmel,1,-
el moujahid ben 3mour el 7oussin 9tel zouj jassos bel rachach,1,-
el moujahid fra7tih moussa tewled m3a zouj tachghil,0,el moujahid fra7tih moussa tewled m3a zouj 5awa
ner7iw louz bel robo,1,-
el moujahid tyayba mohamed 5dem biscuit,0,el moujahid tyayba mohamed 5dem zalabji
el moujahid srayech bel 9assem 9tel  jassos bel rassas,1,-
el chahid me5fi le5der ye5dem taba5 fi 3am fajr,0,el chahid me5fi le5der ye5dem taba5 fi 3am 1928
el chahid bourza9 3abdel 7amid b3et message l cha3b,1,-
klit zouj s7ouna 7lib,0,klit zouj s7ouna ma9arouna
el moujahid 9atouch abdelah ye5dem zalabji,1,-
el chahid toumi sa3d 5dem fela7 fi 3am toum,0,el chahid toumi sa3d 5dem fela7 fi 3am 1934
el moujahid tyayba 3amar ghlb 7 sekin bel joundiyin,0,el moujahid tyayba 3amar ghlb 7 joundiyin bel sekin
el moujahid swa3dia 5aled ben said ghlb seta dawria bel sla7,1,-
kla bouzelouf bel tzariba,1,-
el chahid lbouazed le5der t5araj fel 9ahwa,0,el chahid lbouazed le5der t5araj fel ta7diri
ner7iw fagous bel el gelb,0,ner7iw fagous bel 5alat
el moujahid tyayba mbarka 3ach fi 3ayla mou7arba,1,-
el chems lounha sfer,1,-
9atar jaya fi asia,1,-
el chahid 9warir ahmed ben la5der 5alas fel zawya fi 3am 1907,1,-
klina rfis,1,-
el moujahid ben 3mour el 7oussin 3ach ytim el oum,1,-
el moujahid bel far sa3dia twafa fi 25 mars 1901,1,-
teghsli 3ayn ba9ra bel ma w douhr,0,teghsli 3ayn ba9ra bel ma w 5el
9achart kebch,0,9achart mechmach
gheslo brouklou bel ma w watr,0,gheslo brouklou bel ma w javel
achri tmenya dwida dwida,0,achri tmenya keroussa dwida
ychri tarteulette men el pattisri,1,-
el moujahid tyayba mohamed stachhed fi les eclaires,0,el moujahid tyayba mohamed stachhed fi 25 oktober 1911
ukrania jaya fel europe,1,-
tayabna ma3dnous fel 7ab el mlouk,0,tayabna ma3dnous fel cuisinier
el moujahid 3ethmania 3abd el 7afi 9etel tmenya dawria bel sla7,1,-
t9assou anjas bel usb,0,t9assou anjas bel mous
klit seb3a s7ouna godas,0,klit seb3a s7ouna shourba
chritou el trining men el souli,0,chritou el trining men el 7anout
el chahid ali ben 3ayoun mat fel car,1,-
el moujahid ben bel5ir el 3amar kber fi 3ayla met3alma,1,-
tayabt el 3des bel nilou,0,tayabt el 3des bel kamoun
el chahid ben taleb 3abdel kader 5ela cha3b l lettre,0,el chahid ben taleb 3abdel kader 5ela lettre l cha3b
klaw trida skhona 7ergo lsankom,1,-
el chahid ahmed ben abdel kader 9ra fel ta7diri fi 3am 1912,1,-
el moujahid talbi mohamed 3ach m3a adam,1,-
de7mani 3li ben frej 3ach yjahed,1,-
el moujahid bel3amri brahim kber fi moujahda 3ayla,0,el moujahid bel3amri brahim kber fi 3ayla moujahda
ghenia jaya fel afrique,1,-
el moujahid srayech raba7 tewled fi 3ayla fa9ira,1,-
techri tlata pastek chario,0,techri tlata chario pastek
el moujahid 9aras mouhamed 9tl 10 commandan bel rassas,1,-
el chahid tyayba mohamed 5dem zalabji fi 3am shourba,0,el chahid tyayba mohamed 5dem zalabji fi 3am 1947
el moujahid de7mani bel 9assem traba fi moujahda 3ayla,0,el moujahid de7mani bel 9assem traba fi 3ayla moujahda
el moujahid mechri deraji mat tacos,0,el moujahid mechri deraji mat ye5dem fi bladou
el moujahid 9atouch abdelah 9tel seb3a jassos bel 5enjar,1,-
ye9liw imprimant,0,ye9liw el ma7jouba
bolivia jaya fel amerique,1,-
el chahid belatrach le5missi tgas bel car fel mina,0,el chahid belatrach le5missi tgas bel mina fel car
klina tmenya mgharef te5chou5a,1,-
el moujahid ali ammar 9tel zouj joundiyin,1,-
9achrou felfel 7law bel gazouz,0,9achrou felfel 7law bel mous
diri el confuture ta3 pastek bel mel7,0,diri el confuture ta3 pastek bel soukour
koli batata bel 39el,1,-
tayboulhem chargeur,0,tayboulhem chawarma
el moujahid ben bou el aid mohamed 3ach m3a 8 makaron,0,el moujahid ben bou el aid mohamed 3ach m3a 8 5awa
el moujahid yahiawi 3mor zed fi 6 oktober 1902,1,-
lotfi twafa felfel 7law,0,lotfi twafa yjahed
el moujahid 3a9on ahmed tayab te9tel fi 9ahwa,0,el moujahid 3a9on ahmed tayab te9tel fi el wed
el 9arra fiha el bled,1,-
rouht lel location krit el honda,1,-
el moujahid mnasria mohamed 9tl seb3a mortazi9a bel pizza,0,el moujahid mnasria mohamed 9tl seb3a mortazi9a bel rsas
ychriw el mais men el debardeur,0,ychriw el mais men el 5adar
el moujahid cha3ban ben sa3d wela sayghi,1,-
9warir le5der traba m3a moustfa,1,-
talbi ahmed ydour m3a selecto,0,talbi ahmed ydour m3a mossa
el moujahid ben 3adel el mas3oud tewled fi 3ayla fiha 5 3bad,1,-
ye9li batata me9lia fel ferchita,0,ye9li batata me9lia fel m9la
el moujahid le3yayda 3amar traba ytim el abawayn,1,-
chrina fer7a men el register,0,chrina fer7a men el superette
n9ous el creuvette,1,-
hazit wer9a fel kartable,1,-
abderrahmane mira s7abou kartous,0,abderrahmane mira s7abou ahmed
kla tes3a mgharef kabouya,1,-
el moujahid lek7al 3issa tewled fi 3ayla tmatem,0,el moujahid lek7al 3issa tewled fi 3ayla moultazma
chriti el banan men el marchi,1,-
el moujahid m5alifa ahmed 9etel zouj commandan bel el hendi,0,el moujahid m5alifa ahmed 9etel zouj commandan bel grenada
el moujahid ben bou el aid mohamed te9tel fi ifri,0,el moujahid ben bou el aid mohamed te9tel fi 3 december 1943
el moujahid ben bou el aid mohamed wassal briya lel 3emtou,1,-
dar el jus ta3 dala3 bel mel7,0,dar el jus ta3 dala3 bel soukour
kla reb3a mgharef dinde,1,-
youkel foumou barda tehreg kebch,0,youkel kebch skhona tehreg foumou
r7ina el ghers bel biscuit,0,r7ina el ghers bel roubo
el moujahid me5fi le5der ghlb tlata general,1,-
achriw zouj  berboucha,1,-
el chahid ben dawed 3liy ben sala7 stachhed fel car,1,-
rouht lel bakor chrit el marché,0,rouht lel marché chrit el bakor
9achrou bitrave bel bougelez,0,9achrou bitrave bel mous
el moujahid ben amor raba7 3ach m3a rouman,0,el moujahid ben amor raba7 3ach m3a 5aled
el moujahid 3a9on mohamed zed fi 3 oktober 1936,1,-
el moujahid tyayba mes3oud kber ytim el abawayn,1,-
rouht el dodge krit el location,0,rouht lel location krit el dodge
el chahid ben 5aled 3li kan la7am fi 3am pastek,0,el chahid ben 5aled 3li kan la7am fi 3am 1948
chrit 10 shourba shourba,0,chrit 10 sac shourba
yghslou felfel 7ar bel 3ayn,1,-
rouht fi b7r lel bus,0,rouht fi bus lel b7r
ndirou el confuture ta3 tout bel mel7,0,ndirou el confuture ta3 tout bel soukour
el chahid berkat sa3id b3et 5tou l rissala,0,el chahid berkat sa3id b3et rissala l 5tou
chrina el 3neb men el merchi,1,-
Tacheklo 3lina Rakom,0,Rakom Tachéklo 3lina
el moujahid 9warir ibrahim wassal lettre lel mer7oum,0,el moujahid 9warir ibrahim wassal lettre lel moujahdin
el moujahid tyayba moussa ghlb 5 gazouz,0,el moujahid tyayba moussa ghlb 5 jassos
el anjas lounou 9ehwi,0,el anjas lounou sfer
ntaybou l7am,1,-
rawan sa3d te9tel kebda,0,rawan sa3d te9tel ye5dem fi bladou
el chahid ben sa3id mouhamed stachhed fel tomobil,1,-
t9achrou el hendi bel sekin,1,-
el moujahid srayech 3abd rahman zed fi 3ayla mderhma,1,-
ydour m3a woudouaa,0,ydour m3a ya39oub
ychriw el felfel 7ar men el siwana,0,ychriw el felfel 7ar men el 5adar
chritou el berboucha men el ebot,0,chritou el berboucha men el 7anout
e9liw el serdine bel farina,1,-
el moujahid me5fi mes3oud kber ytim el fer7a,0,el moujahid me5fi mes3oud kber ytim el abawayn
youklou dinde,1,-
el 9at sghir 3la el 7san,1,-
t9assou nectarine bel nectarine,0,t9assou nectarine bel mous
ahmed ben abdel kader kan sa7bou hani,1,-
el moujahid yahiawi 3mor traba ytim el 9ahwa,0,el moujahid yahiawi 3mor traba ytim el abawayn
srayech m5tar twafa ye5dem fi bladou,1,-
el moujahid ahmed zabana kber m3a zouj 5awa,1,-
ychriw el 3des men el 5adar,1,-
chritou el berboucha men el 7anout,1,-
el chahid 9warir ibrahim 9ra fel metwesta fi 3am kojaka,0,el chahid 9warir ibrahim 9ra fel metwesta fi 3am 1942
dayf lah sa3d stachhed 3asr,0,dayf lah sa3d stachhed yed3am f cha3b
ner7iw jelbana,1,-
el moujahid sa7rawi el mas3oud tewled fi 29 december 1919,1,-
el chahid yahiawi 3mor t5araj fel mandarina,0,el chahid yahiawi 3mor t5araj fel ta7diri
ychriw za3rour men el tp,0,ychriw za3rour men el merchi
ne9li 3des,0,ne9li zlabia
diri el confuture ta3 pastek bel soukour,1,-
el moujahid 9wadria haj ben moussa arsel rissala lel 9aras,0,el moujahid 9wadria haj ben moussa arsel rissala lel jedou
el chahid rawan 3issa kteb envlop l 5alou,1,-
t9achrou gazouz,0,t9achrou mouz
nhazou kartable fel ktab,0,nhazou ktab fel kartable
el chahid ben fetoum le5der kan mineurs fi 3am 1901,1,-
9achri toum bel el kachir,0,9achri toum bel mous
el chahid mohamed bougara mat fel bougelez,0,el chahid mohamed bougara mat fel jbel
tyayba ta7er ydour m3a makaron,0,tyayba ta7er ydour m3a hani
ben blida fatima zouhra s7abou farouk,1,-
el chahid srayech taher 9ra fel takwin el mihani,1,-
el chahid bel 3arbi sghir 5dem 7aris fi 3am el hendi,0,el chahid bel 3arbi sghir 5dem 7aris fi 3am 1946
5abi 7alwat el 7al9oum fel 7alwat el 7al9oum,0,5abi 7alwat el 7al9oum fel frigo
klit les eclaires skhona 7rgt lsany,1,-
el moujahid belkacem krim ghlb 3achra sekin bel joundiyin,0,el moujahid belkacem krim ghlb 3achra joundiyin bel sekin
el chahid 3a9on ahmed tayab t5araj fel el kachir,0,el chahid 3a9on ahmed tayab t5araj fel takwin el mihani
rouht lel location krit el ferrari,1,-
y5abiw ch3ir fel refrigirateur,1,-
r7it slata bel slata,0,r7it slata bel robo
Ana nkteb fel ktab,1,-
chrina el dala3 men el kounach,0,chrina el dala3 men el merchi
el moujahid moustfa ferokhi ydour m3a isma3il,1,-
el moujahid tyayba 3mer te9tel fi boumerdas,1,-
el moujahid kachrod tahar ben ahmed mat zlabia,0,el moujahid kachrod tahar ben ahmed mat yjahed
fra7tih el 3ayachi 3ach m3a ahmed,1,-
el moujahid 9esri 3issa traba fi 3ayla 7lib,0,el moujahid 9esri 3issa traba fi 3ayla ghania
el moujahid far 3li ben ahmed tewled fi selecto,0,el moujahid far 3li ben ahmed tewled fi 1 avril 1937
y9os senaria bel soub7,0,y9os senaria bel sekin
ychriw el 7oumous men el suppert,1,-
el moujahid ben taleb 7ouriya 9etel 10 espion bel rsas,1,-
el moujahid me5fi mohamed sidi9 ghlob 3achra sekin bel jondi,0,el moujahid me5fi mohamed sidi9 ghlob 3achra jondi bel sekin
el moujahid chewih 3mor ben raba7 3ach m3a tmenya afrad,1,-
chrina el fourmage men superette,1,-
nokelo garnoun skhona 7regna lsana,1,-
e9li tefa7 fel tefa7,0,e9li tefa7 fel me9la
klaw biscuit skhona 7rgo lsanhm,1,-
el chahid ben 3mour el 7oussin twafa bel sekin fel magharat,1,-
klaw te5chou5a barda 7rgo lsanhm,0,klaw te5chou5a skhon 7rgo lsanhm
el moujahid l3achach mes3oud stachhed fi boumerdas,1,-
el moujahid 9raychi 3abd ra7man 5dem zarbia,0,el moujahid 9raychi 3abd ra7man 5dem prof
el moujahid swa3dia 5aled ben said ghlb seta dawria bel rassas,1,-
fawri slata fel bourma,0,fawri slata fel kskas
9as nouga jrah nouga,0,9as nouga jrah yedou
yhazou kartable fel sayala,0,yhazou sayala fel kartable
el moujahid 3a9on mohamed 9tl zouj gazouz,0,el moujahid 3a9on mohamed 9tl zouj commandan
el swide jaya fel europe,1,-
tayabna el gratin fel cuisinier,1,-
9acharna jus,0,9acharna sferjel
ychriw el felfel 7law men el parapluit,0,ychriw el felfel 7law men el 5adar
el n7el ytir fel sma,1,-
achriw 8  9ahwa,1,-
9oussitou khourchef jerhtou sbou3koum,1,-
ychriw el bitrave men el casque,0,ychriw el bitrave men el 5adar
gseltou el kaboussa fel tabouna,0,gseltou el kaboussa fel ghassala
9as temp bel sekin,1,-
klaw el kiwi,1,-
el moujahid 9atouch abdelah 9tel seb3a jassos bel sla7,1,-
el chahid jeloud mouhamed ben salem 5alas fel jami3a fi 3am 1940,1,-
ydir el jus ta3 3ayn ba9ra bel soukour,1,-
el moujahid 9esri 3issa ye5dem taba5,1,-
el moujahid larbi ben mhidi tewled fi na3na3,0,el moujahid larbi ben mhidi tewled fi galma
el moujahid ben bel5ir el mas3oud tewled fi ananas,0,el moujahid ben bel5ir el mas3oud tewled fi stif
el moujahid 9atouch abdelah 9tel seb3a citron,0,el moujahid 9atouch abdelah 9tel seb3a jassos
el moujahid ben bel5ir el 3amar kber fi met3alma 3ayla,0,el moujahid ben bel5ir el 3amar kber fi 3ayla met3alma
el moujahid ahmed 3a9oun 3ach m3a brahim,1,-
tfawar 5erdel fel ferchita,0,tfawar 5erdel fel keskas
koulou berboucha bel mogherfa,1,-
el chahid de7mani 3aicha ye5dem 5ayat fi 3am 1903,1,-
chritou el trida men el 7anout,1,-
el jej sghir 3la el jmel,1,-
9as nouga jrah yedou,1,-
finlanda jaya fel amerique,0,finlanda jaya fel europe
el moujahid ahmed zabana traba m3a 5emsa 3bad,1,-
aban ramdan ydour m3a tarawi7,0,aban ramdan ydour m3a adam
9asit doufri jraht mandarina,0,9asit mandarina jraht doufri
ytayeb tlitli fel trining,0,ytayeb tlitli fel tabouna
el chahid tyayba mbarka twafa fel jouz,0,el chahid tyayba mbarka twafa fel car
el chahid chba7a mes3oud t5araj fel takwin el mihani,1,-
a5dmou el jus ta3 kartous bel mel7,0,a5dmou el jus ta3 kartous bel soukour
chraw casque men el 7ab el mlouk,0,chraw casque men el taxiphone
el moujahid ben blida fatima zouhra ghlob 2 chwa,0,el moujahid ben blida fatima zouhra ghlob 2 jassos
el chahid tyayba 3mer teblissa bel 7arb fel ressas,0,el chahid tyayba 3mer teblissa bel ressas fel 7arb
el moujahid amar athmani ghloub tes3a espion bel rassas,1,-
9oussina za3rour bel mous,1,-
el chahid rzi9at merza9a b3et cha3b l lettre,0,el chahid rzi9at merza9a b3et lettre l cha3b
taybou senaria,1,-
klina banan,1,-
el moujahid bel far sa3dia 9etel 8 grenada bel jondi,0,el moujahid bel far sa3dia 9etel 8 jondi bel grenada
el chahid 9aras moussa t5araj fel jami3a,1,-
el moujahid 3a9on ahmed tayab 5ela lettre lel kouris,0,el moujahid 3a9on ahmed tayab 5ela lettre lel jadatou
el chahid nech el 3oumri stachhed bel 7arb fel mous,0,el chahid nech el 3oumri stachhed bel mous fel 7arb
y9os senaria jrh defro,1,-
klaw el 5oubz skhona 7ergo lsankom,1,-
ghsel bougelez bel ma,0,ghsel fraise bel ma
7amsou 7oumous fel four,1,-
9ousitou kiwi bel mous,1,-
fawart el kachir fel maghreb,0,fawart el kachir fel keskas
el moujahid srayech 3issa ghloub 4 9anas,1,-
el chahid 9wader tayab ben 3li tejrah bel sniper fel magharat,1,-
el chahid srayech raba7 5dem mecanicient fi 3am 1909,1,-
el moujahid berkat el mas3oud kan sa7bou 9alb louz,0,el moujahid berkat el mas3oud kan sa7bou abel raouf
el moujahid 3ethmania 3abd el 7afi zed fi 3ayla moujahda,1,-
achriw tmenya sachiyat banan,1,-
9ous millfay jr7 millfay,0,9ous millfay jr7 sob3o
el chahid swalmia moussa 9ra fel metwesta,1,-
el chahid moustfa ferokhi mat fel magharat,1,-
el moujahid chba7a mes3oud zed fi 3ayla mou7arba,1,-
el chahid 3ethmania 3abd el 7afi 5alas fel gateau,0,el chahid 3ethmania 3abd el 7afi 5alas fel takwin el mihani
el chahid ahmed ben abdel kader stachhed fel tefa7,0,el chahid ahmed ben abdel kader stachhed fel ghaba
el chahid 9warir le5der mat fel boufraywa,0,el chahid 9warir le5der mat fel tunel
salitou el douha fel l7am,0,salitou el douha fel mesjed
el chahid  5alas fel zawya fi 3am mechmach,0,el chahid  5alas fel zawya fi 3am 1940
kla banan bel lehfa,1,-
el chahid nech salem b3et message l moujahdin,1,-
el chahid 9atouch abdelah arsel lettre l mou,1,-
klaw pastek,1,-
el chahid talbi 3abel ra7man arsel moujahdin l lettre,0,el chahid talbi 3abel ra7man arsel lettre l moujahdin
jeloud mouhamed ben salem kan sa7bou mossa,1,-
t9assou kesra jre7na dfourhom,1,-
klit choufan bared 7rgt lsany,0,klit choufan skhon 7rgt lsany
el chahid rawan el sa3id t5araj fel chawarma,0,el chahid rawan el sa3id t5araj fel ta7diri
el automobile ysbg el 7san,1,-
el senegal jaya fel amerique,0,el senegal jaya fel afrique
nouklou el processeur,0,nouklou el anjas
el moujahid belkacem krim ye5dem 9ar3a,0,el moujahid belkacem krim ye5dem 7afaf
kina ethernet,0,kina fourmage
ben blida 3abdel 9ader te9tel banan,0,ben blida 3abdel 9ader te9tel y9awem fel i7tilal
yfawro jraywat fel mogherfa,0,yfawro jraywat fel kskas
n9ous 7alwat el 7al9oum bel 3asr,0,n9ous 7alwat el 7al9oum bel mous
el moujahid 9eras 3issa9aras mes3oud zed fi toum,0,el moujahid 9eras 3issa9aras mes3oud zed fi tiaret
r7it godas,0,r7it bechna
yghslou cidr bel 3ayn,0,yghslou nectarine bel 3ayn
el moujahid tyayba 3mer traba ytim el l7am,0,el moujahid tyayba 3mer traba ytim el abawayn
el chahid 9wadria haj ben moussa arsel rissala l moujahdin,1,-
el moujahid bla3da moussa te9tel fi 4 september 1945,1,-
ner7iw sferjel bel garnoun,0,ner7iw sferjel bel roubo
nghsel jraywat bel 3ayn,1,-
el moujahid ben sa3di sa3id 3ach fi 3ayla fiha 5emsa 5awa,1,-
9oussina dfarhoum jrhna brouklou,0,9oussina brouklou jrhna dfarhoum
el moujahid nech mouhamed 9etel 3 general bel grenada,1,-
talbi bouzidi 3ach y9awem fel i7tilal,1,-
el moujahid talbi bouzidi tewled fi 3ayla thawria,1,-
el moujahid de7mani fatima kber fi 3ayla fiha 3 afrad,1,-
kechroud sa3id ben mouhamed mat y7areb,1,-
rouht lel degla chrit el marché,0,rouht lel marché chrit el degla
y3agabou mli7 controle,0,y3agabou controle mli7
klit bitrave skhona 7rgt fomi,1,-
el moujahid bouna3as mouhamed tewled fi tougourt,1,-
echriw la glace men el ethernet,0,echriw la glace men el patisrie
chrat 9 chario chbe7 sefra,1,-
el moujahid ben blida el chrif 3ach m3a yahia,1,-
hazina 9alam fel kartable,1,-
el moujahid 9atouch raba7 kber ytim el ab,1,-
el moujahid le3yayda 3amar 9etel zouj joundiyin bel rassas,1,-
el 3bed yaklou bel rjlin,0,el 3bed yaklou bel ydin
el moujahid ben blida fatima zouhra ghlob 2 jassos bel na3na3,0,el moujahid ben blida fatima zouhra ghlob 2 jassos bel sla7
el moujahid didouch mourad 9etel 10 general bel rassas,1,-
slovaquia jaya fi asia,0,slovaquia jaya fel europe
chritou el layouret men el superette,1,-
chrit kartous,1,-
koulou tarteulette bel 39el,1,-
charw 4 chkayer android,0,charw 4 chkayer fourmage
chrit zouj  tout,1,-
chriti la glace men el pattisri,1,-
el moujahid tawam mohamed tewled fi fa9ira 3ayla,0,el moujahid tawam mohamed tewled fi 3ayla fa9ira
el moujahid ben bou el aid mohamed wassal briya lel chikoula,0,el moujahid ben bou el aid mohamed wassal briya lel 3emtou
klaw te5chou5a skhon 7rgo te5chou5a,0,klaw te5chou5a skhon 7rgo lsanhm
el moujahid srayech fatmi 3ach fi met3alma 3ayla,0,el moujahid srayech fatmi 3ach fi 3ayla met3alma
el chahid srayech 3amar 9ra fel chrik,0,el chahid srayech 3amar 9ra fel jami3a
el moujahid amar athmani ghloub tes3a espion,1,-
el chahid tyayba mohamed 5dem zalabji fi 3am 1947,1,-
el chahid nech salem twafa bel ghaba fel sekin,0,el chahid nech salem twafa bel sekin fel ghaba
chritou el trida men el trida,0,chritou el trida men el 7anout
el moujahid bourza9 3abdel 9ader traba m3a 2 croissant,0,el moujahid bourza9 3abdel 9ader traba m3a 2 afrad
ziytoni mo7amed hyatou kamla w houwa zarbia,0,ziytoni mo7amed hyatou kamla w houwa yjahed
el moujahid talbi el 3ajla 9tl 6 dawria bel sekin,1,-
ychriw el basla men el basla,0,ychriw el basla men el merchi
el chahid ali la pointe wassal rissala l 3emou,1,-
youkel m7albi bel kebch,0,youkel m7albi bel mogherfa
el moujahid houari la5der te9tel yerfa3 fel 9adia el jazayriya,1,-
klaw el marto,0,klaw el kiwi
el moujahid ben bel5ir el mas3oud wela mouwal,1,-
rouht lel herira klit el restaurant,0,rouht lel restaurant klit el herira
chrat tes3a el 7alwa sachiyat,0,chrat tes3a sachiyat el 7alwa
el moujahid ben fetoum le5der 9tl zouj general bel grenada,1,-
el moujahid ali la pointe tewled fi chawarma,0,el moujahid ali la pointe tewled fi salah
el moujahid ben taleb 3abdel kader 9tl 5emsa jondi bel rouman,0,el moujahid ben taleb 3abdel kader 9tl 5emsa jondi bel sla7
el chahid srayech fatmi kan mouwal fi 3am 3asr,0,el chahid srayech fatmi kan mouwal fi 3am 1917
el moujahid ben blida fatima zouhra s7abou farouk,1,-
el moujahid srayech m5tar 3ach fi 3ayla 5oukh,0,el moujahid srayech m5tar 3ach fi 3ayla bourjwaziya
el moujahid 3a9on 3abd rahman b3et rissala lel s7abou,1,-
a9li felfel 7law fel bourma,0,a9li felfel 7law fel m9la
chrina el 7alba men el 7anout,1,-
ntaybou tarteulette,1,-
diri el confuture ta3 pastek,1,-
el moujahid srayech ibrahim mat kouris,0,el moujahid srayech ibrahim mat ykafe7
el chahid 9warir mouhamed tejrah bel mounawachat fel grenada,0,el chahid 9warir mouhamed tejrah bel grenada fel mounawachat
khabit omlette fel omlette,0,khabit omlette fel refrigirateur
fawart rfis fel mougherfa,0,fawart rfis fel kskas
9achrou batata,1,-
el moujahid si mohamed bougera hyatou kamla w houwa ykafe7,1,-
r7it tmatem bel robo,1,-
el moujahid tyayba sala7 9etel tes3a espion bel rsas,1,-
y5abiw fagous fel fagous,0,y5abiw fagous fel frigo
el moujahid talbi ahmed mat fi 3 juil 1921,1,-
el moujahid fra7tih moussa 5ela lettre lel na3na3,0,el moujahid fra7tih moussa 5ela lettre lel mou
yechriw tlata louz chkayer,0,yechriw tlata chkayer louz
el moujahid 9raychi 3abd ra7man traba m3a 7 3bad,1,-
el telephone foug el bureau,1,-
el moujahid tyayba bachir te9tel fi tiaret,1,-
chrina el 7out men el 7out,0,chrina el 7out men el 7anout
el moujahid l3ayada 5ira kber ytim el oum,1,-
el moujahid bouna3as mouhamed tewled fi makaron,0,el moujahid bouna3as mouhamed tewled fi tougourt
5demna el jus ta3 7alwat el 7al9oum,0,5demna el jus ta3 kartous
el chahid chba7a moussa t5araj fel 5yar,0,el chahid chba7a moussa t5araj fel jami3a
el moujahid mohamed bougara traba ytim el oum,1,-
el koursi foug el 9ar3a,0,el 9ar3a foug el koursi
rouht el wolkswagen krit el location,0,rouht lel location krit el wolkswagen
achriw 4 chario zaligou,1,-
chrina ifri men el 7anout,1,-
el chahid swa3dia 3amar t5araj fel el 7alwa,0,el chahid swa3dia 3amar t5araj fel zawya
el moujahid 3a9on ibrahim mat fi mer7oum,0,el moujahid 3a9on ibrahim mat fi beskra
rouht lel cosmetique jebt el dentifrice,1,-
ychri chrik men el pattisri,1,-
el chahid nech el 3oumri stachhed bel mous fel 7arb,1,-
el moujahid moustfa ferokhi 5ela lettre lel douha,0,el moujahid moustfa ferokhi 5ela lettre lel moujahdin
klina capo,0,klina 3ayn ba9ra
noukel bouzelouf,1,-
el chahid dayf lah ahmed t5araj fel takwin el mihani fi 3am 1949,1,-
el chahid bissar mohamed mat fel ghaba,1,-
tayab croissant chwiya,1,-
el moujahid tyayba moussa 3ach la creme,0,el moujahid tyayba moussa 3ach ye5dem fi bladou
me5fi le5der ydour m3a taki,1,-
9assou rouman bel mous,1,-
el moujahid tyayba mohamed stachhed fi 25 oktober 1911,1,-
yokel jelbana skhona 7reg lsano,1,-
el rebat 3asima ta3 el maroc,1,-
ladan ta3 el 3asr yeden el sba7,0,ladan ta3 el 3asr yeden fel geyla
el moujahid srayech 3issa ghloub 4 9anas bel chrik,0,el moujahid srayech 3issa ghloub 4 9anas bel sla7
el moujahid 9wader tayab ben 3li 3ach ytim el abawayn,1,-
el moujahid ahmed zabana ye5dem el 3sel,0,el moujahid ahmed zabana ye5dem mou3alim
el moujahid houari el haj 3ach m3a mouhamed,1,-
nokelo garnoun skhona 7regna garnoun,0,nokelo garnoun skhona 7regna lsana
7amsi pistache,1,-
ali ben 3ayoun twafa chwa,0,ali ben 3ayoun twafa y9atel
noukel el ma9arouna,1,-
chraw el mer7oum,1,-
ndirou el confuture ta3 9aras bel mel7,0,ndirou el confuture ta3 9aras bel soukour
klitou fomkom barda 7regto el jaj,0,klitou el jaj skhona 7regto fomkom
fawrou bitrave fel kskas,1,-
n5abiw zeri3a fel congelateur,1,-
9oussina kebch bel mesfouf,0,9oussina kebch bel mous
el moujahid me5fi le5der zed fi 3ayla mthe9fa,1,-
el chahid kechroud sa3id ben mouhamed kan najar fi 3am 9ar3a,0,el chahid kechroud sa3id ben mouhamed kan najar fi 3am 1908
ychri el cacao men el 7adad,0,ychri el cacao men el grossist
khabit omlette fel refrigirateur,1,-
el chahid srayech m5tar teblissa fel 7arb,1,-
el moujahid si el houwas 3ach fi 3ayla fiha 7 5awa,1,-
r7aw roz bel nwader,0,r7aw roz bel 5alat
chritou el fourmage men el m5eda,0,chritou el fourmage men el superette
t5abi el 3neb fel frigo,1,-
9assou sbou3hom jerhto sferjel,0,9assou sferjel jerhto sbou3hom
t5abi 3dam fel fajr,0,t5abi 3dam fel congelateur
el chahid l3achach b7riya 5alas fel metwesta fi 3am citron,0,el chahid l3achach b7riya 5alas fel metwesta fi 3am 1910
el moujahid ali mellah ye5dem ananas,0,el moujahid ali mellah ye5dem facteur
el moujahid l3achach mi3ouf wassal rissala lel anjas,0,el moujahid l3achach mi3ouf wassal rissala lel 3emou
el chahid me5fi mohamed sidi9 tejrah bel train fel grenada,0,el chahid me5fi mohamed sidi9 tejrah bel grenada fel train
t9assou chwa jre7na chwa,0,t9assou chwa jre7na dfourhom
el moujahid swalmia moussa twafa fi defla,1,-
achri 5  frit,1,-
9oussina pattisri bel ddr3,0,9oussina pattisri bel sekin
klit gem7 bel rouman,0,klit gem7 bel mougherf
klito felfel skhon 7rgto lsankom,1,-
el chahid ben cha3ban mossa wassal lettre l jedou,1,-
el moujahid bouna3as mouhamed 5dem 3dam,0,el moujahid bouna3as mouhamed 5dem mineurs
9oussitou mechmach jerhtou sbou3koum,1,-
yechriw reb3a keroussa el jaj,1,-
el departement fih el salle,1,-
el chahid ben taleb 3abdel kader wela fermli fi 3am 1937,1,-
klaw berboucha skhona te7reg fomhoum,1,-
9achrou gateau,0,9achrou felfel 7law
el moujahid ben 3mour tayab 3ach fi 3ayla fiha zouj afrad,1,-
chrat tlata brouklou chkayer,0,chrat tlata chkayer brouklou
techri seta chario krafes,1,-
r7ina kojaka,0,r7ina choufan
rouht lel khiyar chrit el marché,0,rouht lel marché chrit el khiyar
far 3li ben ahmed ydour m3a 5aled,1,-
el moujahid teraka le5der 5dem tarawi7,0,el moujahid teraka le5der 5dem mecanicient
el moujahid lek7al sa3d mat yerfa3 fel 9adia el jazayriya,1,-
rayhin nsaliw douha,1,-
zimbabwe jaya fel europe,0,zimbabwe jaya fel afrique
taybi bechna chwiya brk,1,-
el moujahid lek7al mebrouk 3ach ytim el 9alb louz,0,el moujahid lek7al mebrouk 3ach ytim el ab
9achri toum,1,-
el chems lounha zreg,0,el chems lounha sfer
chritou el 3aych men el 3aych,0,chritou el 3aych men el 7anout
teghsli zeri3a bel 3ayn w 5el,1,-
el moujahid le3raba moussa traba fi 3ayla tajin el 3ayn,0,el moujahid le3raba moussa traba fi 3ayla mthe9fa
ner7iw jelbana bel 5alat,1,-
youklou el ma7jouba bel tzariba,1,-
chrina 7ab el mlouk men el 7ibre,0,chrina 7ab el mlouk men el 5adar
el moujahid l3ayada 5ira 5dem gateau,0,el moujahid l3ayada 5ira 5dem imam
el chahid mnasria mohamed 5dem jazar fi 3am mac os,0,el chahid mnasria mohamed 5dem jazar fi 3am 1924
el chahid le3yayda mouhamed salah kteb la famille l message,0,el chahid le3yayda mouhamed salah kteb message l la famille
el tfol rkeb fel automobile,1,-
el moujahid ben zid 3amar zed m3a seb3a kebda,0,el moujahid ben zid 3amar zed m3a seb3a 3bad
charw 9 ifri chkayer,0,charw 9 chkayer ifri
ne9li l7am fel m9la,1,-
9ousitou felfel 7ar bel felfel 7ar,0,9ousitou felfel 7ar bel sekin
youkel 8 s7ouna fer7a,0,youkel 8 s7ouna gem7
malisia jaya fi asia,1,-
rawan sa3d te9tel ye5dem fi bladou,1,-
rouht lel koucha chrit el basbousa,1,-
el moujahid la5der bentobal kan sa7bou ahmed,1,-
klaw tri9,0,klaw tina
el moujahid delimi ahmed ben la5der twafa fi 5enchla,1,-
el moujahid rabah betat 9tl 5 commandan bel la creme,0,el moujahid rabah betat 9tl 5 commandan bel rachach
el moujahid chba7a moussa traba ytim el abawayn,1,-
el moujahid amar athmani zed m3a tmenya 5awa,1,-
t5bi bouzelouf fel bouzelouf,0,t5bi bouzelouf fel frigidar
el moujahid houari la5der 5dem 7afaf,1,-
cherchemna el bechma9,0,cherchemna el 3dam
teghsli tout bel 3ayn w ifri,0,teghsli tout bel 3ayn w javel
n5abiw felfel fel felfel,0,n5abiw felfel fel frigidar
el moujahid swalmia moussa wela tarteulette,0,el moujahid swalmia moussa wela mou3alim
chrat tes3a el 7alwa el 7alwa,0,chrat tes3a sachiyat el 7alwa
yechriw 8 9oufouf farouk,0,yechriw 8 9oufouf zit
chroubna layouret,1,-
achri 6  tarteulette,1,-
hazitou kartable fel 9amous,0,hazitou 9amous fel kartable
r7ina kawkaw,1,-
9asit les eclaires jraht doufri,1,-
rouht el lexus krit el location,0,rouht lel location krit el lexus
ychriw el brouklou men el beri,0,ychriw el brouklou men el 5adar
el moujahid  tewled ytim el 3dam,0,el moujahid  tewled ytim el ab
yoklo pizza skhon 7rgto pizza,0,yoklo pizza skhon 7rgto lsanhom
el moujahid 9esri 3issa ye5dem bitrave,0,el moujahid 9esri 3issa ye5dem taba5
el moujahid tyayba mohamed ghlb seb3a grenada bel general,0,el moujahid tyayba mohamed ghlb seb3a general bel grenada
el moujahid bel far sa3dia traba fi 3ayla mderhma,1,-
el moujahid bissar el tayab tewled fi 3ayla met3alma,1,-
t5bi miranda fel frigo,1,-
el chahid ouhida rabah ben mohamed kteb 5ouh l lettre,0,el chahid ouhida rabah ben mohamed kteb lettre l 5ouh
el chahid 9erouj mouhamed ben rabah tgas bel magharat fel ressas,0,el chahid 9erouj mouhamed ben rabah tgas bel ressas fel magharat
yghslou felfel 7ar bel felfel 7ar,0,yghslou felfel 7ar bel 3ayn
el moujahid 9raychi 3abd ra7man te9tel fi 19 juil 1909,1,-
achriw 2  kawkaw,1,-
el moujahid berkat el mas3oud zed ytim el dala3,0,el moujahid berkat el mas3oud zed ytim el ab
9rina millfay,0,9rina tp
de7mani sa3id twafa layouret,0,de7mani sa3id twafa ynadel
el moujahid ben 5aled 3li 3ach ytim el miranda,0,el moujahid ben 5aled 3li 3ach ytim el abawayn
t9assou chaf3,0,t9assou nectarine
el moujahid bouna3as mouhamed 5dem mineurs,1,-
el moujahid sraych mes3oud b3et envlop lel tayamoum,0,el moujahid sraych mes3oud b3et envlop lel babah
el moujahid ben dawed mohamed 9etel seb3a 3dam,0,el moujahid ben dawed mohamed 9etel seb3a jassos
ychri el cacao men el grossist,1,-
el moujahid ben 3mour mouhamed mat s3ayda,0,el moujahid ben 3mour mouhamed mat yerfa3 fel 9adia el jazayriya
klina el 3aych bel mogherfa,1,-
chrina el pastek men el ktab,0,chrina el pastek men el soug
el chahid ali mellah kteb rissala l mou,1,-
el moujahid me5fi le5der ghlb tlata general bel sekin,1,-
el chahid sraych mes3oud 5alas fel metwesta fi 3am 1940,1,-
koulou 3achra s7ouna 7alwat el 7al9oum,1,-
el chahid lbouazed le5der 5ela envlop l s7abou,1,-
youkel tes3a mgharef basla,1,-
noukel el r5am,0,noukel el ma9arouna
n5abiw tay fel refrigirateur,1,-
negli ch3ir fel 5el,0,negli ch3ir fel four
el moujahid la5der bentobal tewled fi 3ayla el gelb,0,el moujahid la5der bentobal tewled fi 3ayla mou7arba
ktebt fel kounach b 9alam,1,-
el moujahid l3ayada 5ira 5dem imam,1,-
rouht lel jus jebt el cosmetique,0,rouht lel cosmetique jebt el jus
el moujahid sitouf bel 9assem traba fi 3ayla bourjwaziya,1,-
ychriw el felfel 7ar men el felfel 7ar,0,ychriw el felfel 7ar men el merchi
nechri 5 sac sbagiti,1,-
el moujahid bourza9 3abdel 9ader 9etel 3achra commandan bel rsas,1,-
achri 3 9oufouf kourkoum,1,-
n5abiw anjas fel congelateur,1,-
koli batata bel ebot,0,koli batata bel 39el
de7mani 3aicha hyatou kamla w houwa ykafe7,1,-
el moujahid 9wader tayab ben 3li twafa fi 10 november 1946,1,-
ben sa3di sa3id mat kebda,0,ben sa3di sa3id mat y7areb
el moujahid jeloud mouhamed ben salem ghloub 3 joundiyin,1,-
ychri el cacao men el grossist,1,-
el moujahid ali ben 3ayoun tewled fi 3ayla mou7arba,1,-
el moujahid ben 3adel mohamed ben 9wider wela 7afaf,1,-
haho lkode li diro,1,-
el chahid bourass la5der stachhed fel tomobil,1,-
el chahid belatrach le5missi ye5dem chi5 fi 3am 1907,1,-
el chahid ben 5aled el 3mer 5dem mouwal fi 3am 1903,1,-
el moujahid srayech ahmed 5dem tbib,1,-
el 5chem fel wjeh,1,-
el chahid berkat el mas3oud arsel jedou l rissala,0,el chahid berkat el mas3oud arsel rissala l jedou
ali ben 3ayoun twafa y9atel,1,-
el moujahid de7mani 7afsa traba fi moultazma 3ayla,0,el moujahid de7mani 7afsa traba fi 3ayla moultazma
el moujahid nech el mas3oud kteb envlop lel mou,1,-
el moujahid de7mani 3li ben frej s7abou isma3il,1,-
el sma lounha zreg,1,-
chraw tsonami,0,chraw el mer7oum
el moujahid mouhamed ben abdel malek ramdan arsel lettre lel mou,1,-
el moujahid chba7a mes3oud kan tbib,1,-
9oussou yedhoum jr7tou el hendi,0,9oussou el hendi jr7tou yedhoum
kla 5emsa mgharef 3des,1,-
achriw 7  kartous,1,-
el moujahid tyayba el 7aj stachhed yed3am f cha3b,1,-
el moujahid berkat el mas3oud ghlb 7 fer7a,0,el moujahid berkat el mas3oud ghlb 7 mortazi9a
el chahid jeloud mouhamed ben salem b3et 3ayeltou l message,0,el chahid jeloud mouhamed ben salem b3et message l 3ayeltou
el moujahid amar athmani ghlb 3 general bel sla7,1,-
rouht el jaguzr krit el location,0,rouht lel location krit el jaguar
el moujahid ahmed zabana te9tel 7lib,0,el moujahid ahmed zabana te9tel yjahed
klit lsany bared 7rgt shourba,0,klit shourba skhona 7rgt lsany
reseau t9il 7ata tekarhi,1,-
el moujahid ben taleb 3abdel kader kber ytim el caprise,0,el moujahid ben taleb 3abdel kader kber ytim el oum
n9ous mouz jrht yedi,1,-
klaw el kabouya,1,-
el tofla ft7et el bab,1,-
kla tmenya s7ouna tacos,0,kla tmenya s7ouna el serdine
el moujahid ali ammar kber fi 3ayla fiha tmenya 9alb louz,0,el moujahid ali ammar kber fi 3ayla fiha tmenya 3bad
el moujahid la5der bentobal tewled fi 3ayla mou7arba,1,-
chrat 8 9oufouf fagous,1,-
el chahid 9wadria haj ben moussa tgas bel jbel fel ressas,0,el chahid 9wadria haj ben moussa tgas bel ressas fel jbel
el chahid le3raba moussa tgas bel sniper fel jbel,1,-
9assit douhr,0,9assit batata mcherchma
el chahid chba7a moussa teblissa fel tunel,1,-
rouht fi bus lel b7r,1,-
el moujahid 5mays mohmad 5dem pintre,1,-
ye9liw banan fel banan,0,ye9liw banan fel m9la
rouht lel parfum jebt el cosmetique,0,rouht lel cosmetique jebt el parfum
t9achrou les eclaires,0,t9achrou 9aras
el moujahid srayech mohamed 9etel seb3a joundiyin bel el hendi,0,el moujahid srayech mohamed 9etel seb3a joundiyin bel rassas
el moujahid belatrach le5missi 3ach fi 3ayla mderhma,1,-
r7ina 7oumous bel 7oumous,0,r7ina 7oumous bel roubo
y5abiw zeri3a fel frigidar,1,-
el moujahid 3a9on ibrahim kber fi bourjwaziya 3ayla,0,el moujahid 3a9on ibrahim kber fi 3ayla bourjwaziya
el moujahid chba7a mostfa twafa fi 12 juil 1924,1,-
el moujahid srayech 3issa twafa fi 3 mai 1944,1,-
kla batata mcherchma skhona 7reg batata mcherchma,0,kla batata mcherchma skhona 7reg lsanou
t5bi zaligou fel matla,0,t5bi zaligou fel congelateur
el moujahid sa7rawi el mas3oud ghloub tmenya dawria bel rachach,1,-
koulou ananas bel 39ila,1,-
el moujahid srayech raba7 9tl 8 rsas bel jondi,0,el moujahid srayech raba7 9tl 8 jondi bel rsas
el moujahid berkat sa3id 9tel 3achra 9anas bel sekin,1,-
el chahid kachrod tahar ben ahmed b3et briya l 5ouh,1,-
el chahid didouch mourad stachhed fel felfel 7ar,0,el chahid didouch mourad stachhed fel tomobil
chrina el serdine men el 7anout,1,-
el moujahid abderrahmane mira ghlob seb3a rassas bel espion,0,el moujahid abderrahmane mira ghlob seb3a espion bel rassas
kla 5yar bel terba9a,0,kla 5yar bel mougherf
el tofla lbset el 5imar,1,-
el chahid tyayba 3mer arsel babah l briya,0,el chahid tyayba 3mer arsel briya l babah
el chahid srayech 3li ben 3ethman te9tel fel moudaharat,1,-
klit 7 s7ouna el ghers,0,klit 7 s7ouna el kachir
el moujahid ben sa3di el mas3oud 9tl 2 espion bel za3rour,0,el moujahid ben sa3di el mas3oud 9tl 2 espion bel sekin
el moujahid l3ayada 5ira ghlob seb3a commandan bel sla7,1,-
achri 6 sachiyat maghreb,0,achri 6 sachiyat kebda
achroub el 5g,0,achroub el dwak
talbi ahmed ydour m3a mossa,1,-
rouht el cadillac krit el location,0,rouht lel location krit el cadillac
9as gateau jrah gateau,0,9as gateau jrah yedou
el chahid tyayba ta7er ye5dem la7am fi 3am 1922,1,-
chrew reb3a keroussa iso,0,chrew reb3a keroussa debcha
salaw el tarawi7 fel bourak,0,salaw el tarawi7 fel mesjed
el chahid ben ghanem el sa3id 5alas fel madrassa 9ouraaniya fi 3am 1912,1,-
el moujahid srayech raba7 kan sa7bou jouz,0,el moujahid srayech raba7 kan sa7bou adam
9asit doufri jraht bouzelouf,0,9asit bouzelouf jraht doufri
el chahid lek7al 3mer 5alas fel metwesta,1,-
rouht lel pizzeria klit el coca,1,-
el moujahid 9widrat 3aycha tewled fi 3ayla met3alma,1,-
el moujahid el 3warbi a7med zed fi alger,1,-
el chahid ben 3mour el 7oussin 5alas fel thanawiya fi 3am felfel,0,el chahid ben 3mour el 7oussin 5alas fel thanawiya fi 3am 1922
klaw batata bel fourmage,1,-
nokelo batata me9lia skhona 7regna lsana,1,-
el chahid bel 3amri 3abdel 9ader kteb envlop l 5tou,1,-
ntayab chikoula fel tay,0,ntayab chikoula fel nar
tchriw el 7alwa men el 7anout,1,-
ntaybou package,0,ntaybou chrik
el moujahid de7mani 7afsa traba m3a roustoum,1,-
ner7iw jelbana bel ra7aya,1,-
9oussina maghreb,0,9oussina chawarma
el chahid ben taleb 7ouriya 5dem pintre fi 3am 1935,1,-
el moujahid ben 3mour tayab ghlob reb3a 9anas bel rassas,1,-
e9li jus,0,e9li tefa7
el chahid belkacem krim teblissa fel car,1,-
el moujahid l3achach mi3ouf kan sa7bou youcef,1,-
el moujahid lbouazed le5der 9tel tmenya dawria bel tizana,0,el moujahid lbouazed le5der 9tel tmenya dawria bel 5enjar
9achart mechmach,1,-
el moujahid kechroud sa3id ben mouhamed kan sa7bou tacos,0,el moujahid kechroud sa3id ben mouhamed kan sa7bou zaky
el moujahid bel3amri brahim twafa kartous,0,el moujahid bel3amri brahim twafa ynadel
el moujahid 3a9on el m5ater stachhed tmatem,0,el moujahid 3a9on el m5ater stachhed ykafe7
el moujahid ben sa3di sa3id traba ytim el oum,1,-
el moujahid belkacem krim 3ach m3a ddr3,0,el moujahid belkacem krim 3ach m3a brahim
el moujahid ouhida rabah ben mohamed traba ytim el abawayn,1,-
9oussitou tina jerhtou tina,0,9oussitou tina jerhtou sbou3koum
r7ina 9amis,0,r7ina batata 7lawa
yghsel krafes bel 3ayn,1,-
yghselou el zawra fel biscuit,0,yghselou el zawra fel machine a laver
9atouch brahim kan sa7bou walid,1,-
el moujahid rzi9at merza9a 3ach ytim el 3dam,0,el moujahid rzi9at merza9a 3ach ytim el oum
el chahid amar athmani arsel cha3b l briya,0,el chahid amar athmani arsel briya l cha3b
didouch mourad kan ydour m3a isma3il,1,-
tayabna loubia fel nar,1,-
el moujahid srayech mbarek zed fi 3ayla fiha tlata 5awa,1,-
el moujahid ali ammar traba m3a isma3il,1,-
yegliw bechna,1,-
9asit bitrave jraht doufri,1,-
el moujahid aban ramdan stachhed fi 3anaba,1,-
charw seb3a  rouman,1,-
el moujahid ben 3adel el mas3oud tewled fi ghania 3ayla,0,el moujahid ben 3adel el mas3oud tewled fi 3ayla ghania
klit 9aras bel mougherf,1,-
n5abiw ma9arouna fel ma9arouna,0,n5abiw ma9arouna fel frigidar
el chahid srayech raba7 5dem mecanicient fi 3am el kachir,0,el chahid srayech raba7 5dem mecanicient fi 3am 1909
el moujahid bourza9 3aicha kber ytim el oum,1,-
el moujahid  ghlob zouj commandan,1,-
9lit 9alb louz,0,9lit toum
7atit fel jari el debcha,1,-
rouht el opel krit el location,0,rouht lel location krit el opel
el moujahid ben cha3ban el haj bouzian wela mouwal,1,-
y5abiw fagous fel frigo,1,-
el moujahid ben ghanem el sa3id 9tl 9 sekin bel espion,0,el moujahid ben ghanem el sa3id 9tl 9 espion bel sekin
khabit jelbana fel siwana,0,khabit jelbana fel congelateur
le3yayda 3amar traba m3a samy,1,-
el moujahid 9erouj mouhamed ben rabah tewled fi 3ayla 9alb louz,0,el moujahid 9erouj mouhamed ben rabah tewled fi 3ayla mou7arba
tayabna ma3dnous fel cuisinier,1,-
el moujahid de7mani a7med ghlob 4 jondi bel rassas,1,-
el moujahid ahmed 3a9oun tewled fi 19 december 1946,1,-
3a9on ibrahim s7abou ifri,0,3a9on ibrahim s7abou farouk
el moujahid 9aras mouhamed 9tl 10 dala3,0,el moujahid 9aras mouhamed 9tl 10 commandan
el chahid de7mani moussa 5ela 5ouh l envlop,0,el chahid de7mani moussa 5ela envlop l 5ouh
el moujahid ziytouni sa3id ghloub tlata general bel les eclaires,0,el moujahid ziytouni sa3id ghloub tlata general bel grenada
yechriw 8 zit 9oufouf,0,yechriw 8 9oufouf zit
el moujahid zytoni amar ghloub 7 mortazi9a bel tefa7,0,el moujahid zytoni amar ghloub 7 mortazi9a bel sekin
noukel sbagiti skhona 7regt lsani,1,-
el moujahid srayech fatmi ghlob zouj 5enjar bel mortazi9a,0,el moujahid srayech fatmi ghlob zouj mortazi9a bel 5enjar
9assou chbe7 sefra jerhto sbou3hom,1,-
neghsel mer7oum bel ma ta3 el 3ayn w usb,0,neghsel mer7oum bel ma ta3 el 3ayn w javel
rouht lel location krit el dodge,1,-
el moujahid srayech 3issa ghloub 4 9anas bel sla7,1,-
el moujahid yahiawi 3mor ghlb 6 commandan,1,-
9ousitou felfel 7ar,1,-
el moujahid srayech 3abd rahman mat ykafe7,1,-
el moujahid 9wader el taher mat fi 5enchla,1,-
koli 4 s7ouna el 7out,1,-
el chahid ben cha3ban newi tgas bel ressas fel barage,1,-
el moujahid bourza9 3abdel 7amid 3ach fi 3ayla kebda,0,el moujahid bourza9 3abdel 7amid 3ach fi 3ayla bourjwaziya
ychriw el roz men el tricout,0,ychriw el roz men el suppert
yer7iw kourkoum bel 3asr,0,yer7iw kourkoum bel mixeur
rouht fi tramway lel hotel,1,-
el moujahid teraka le5der 5dem mecanicient,1,-
el moujahid srayech 3amar te9tel fi ananas,0,el moujahid srayech 3amar te9tel fi adrar
el moujahid l3achach b7riya 3ach fi thawria 3ayla,0,el moujahid l3achach b7riya 3ach fi 3ayla thawria
cherbou rawda,0,cherbou gazouz
el imarat jaya fel amerique,0,el imarat jaya fi asia
el moujahid nech salem 3ach m3a 8 3bad,1,-
el tfol lbes el tricout,1,-
el chahid mnasria mohamed b3et 5tou l lettre,0,el chahid mnasria mohamed b3et lettre l 5tou
ner7iw fagous bel roubo,1,-
el chahid de7mani mo7amed 9ra fel metwesta fi 3am basla,0,el chahid de7mani mo7amed 9ra fel metwesta fi 3am 1935
ysaliw slat el janaza fel shourba,0,ysaliw slat el janaza fel mesjed
nech salem te9tel yerfa3 fel 9adia el jazayriya,1,-
klina zjaj,0,klaw batata bel fourmage
el moujahid nech el mas3oud kteb envlop lel watr,0,el moujahid nech el mas3oud kteb envlop lel mou
el moujahid de7mani fatima te9tel fi 16 september 1945,1,-
yfawro jraywat fel kskas,1,-
el chahid de7mani 3li ben frej 5alas fel jami3a fi 3am felfel,0,el chahid de7mani 3li ben frej 5alas fel jami3a fi 3am 1936
el tour eiffel jay fi paris,1,-
el moujahid bourass la5der 9tel reb3a 9ahwa,0,el moujahid bourass la5der 9tel reb3a jondi
el moujahid ahmed zabana kan ydour m3a khourchef,0,el moujahid ahmed zabana kan ydour m3a oussama
el moujahid de7mani mo7amed ben mossa 9tel tlata dawria,1,-
el moujahid l3achach mes3oud stachhed fi 24 fevri 1918,1,-
nouklou el camera,0,nouklou trida
el moujahid ben sa3id mouhamed ydour m3a selecto,0,el moujahid ben sa3id mouhamed ydour m3a is7a9
el chahid le3yayda mouhamed salah mat bel mina fel magharat,1,-
nechri 4 9oufouf makaron,1,-
el chahid ben sa3di sa3id d5el fel takwin el mihani fi 3am gazouz,0,el chahid ben sa3di sa3id d5el fel takwin el mihani fi 3am 1932
klit 7oumous bel zerba,1,-
achri 8 kamoun kamoun,0,achri 8  kamoun
el moujahid ziytoni mo7amed stachhed fi felfel 7law,0,el moujahid ziytoni mo7amed stachhed fi 20 juil 1926
5abi tmer fel tmer,0,5abi tmer fel congelateur
el chahid rawan 3issa t5araj fel metwesta fi 3am tachghil,0,el chahid rawan 3issa t5araj fel metwesta fi 3am 1902
el moujahid ali ammar wela facteur,1,-
tchriw el gelb men el jazar,1,-
el moujahid 9wasimia mouhamed ben a7med ghlb 9 9anas,1,-
chrina el mer7oum men el kartable,0,chrina el mer7oum men el soug
techri reb3a te5chou5a te5chou5a,0,techri reb3a sachiyat te5chou5a
klaw kartona,0,klaw el makaron
ytayeb rfis fel cuisinier,1,-
el moujahid ali la pointe kan ydour m3a mouhamed,1,-
ystart bel zlabia,0,ystart bel min9ala
el chahid amar athmani 9ra fel metwesta,1,-
koulou 3achra mgharef felfel 7law,1,-
el moujahid moustfa ferokhi zed m3a tes3a 3dam,0,el moujahid moustfa ferokhi zed m3a tes3a 3bad
ychri ifri men el car,0,ychri ifri men el kiosk
yghslou toum bel ma,1,-
el moujahid ben 3mour mouhamed wassal lettre lel capotichinou,0,el moujahid ben 3mour mouhamed wassal lettre lel 5tou
el moujahid 3a9on ahmed tayab kber ytim el pattisri,0,el moujahid 3a9on ahmed tayab kber ytim el ab
el chahid swalmia moussa stachhed bel ressas fel jbel,1,-
y9oussou brage jr7na sba3hom,1,-
el moujahid 9warir ibrahim 3ach m3a taki,1,-
el moujahid  tewled fi thawria 3ayla,0,el moujahid  tewled fi 3ayla thawria
el chahid srayech el 3id 9ra fel tina,0,el chahid srayech el 3id 9ra fel thanawiya
el moujahid yahiawi 3mor traba fi 3ayla bourjwaziya,1,-
el moujahid srayech 3issa zed fi moujahda 3ayla,0,el moujahid srayech 3issa zed fi 3ayla moujahda
el moujahid talbi el 3ajla wassal envlop lel cha3b,1,-
9oussit debcha jra7t ydi,1,-
tyayba mohamed mat ddr4,0,tyayba mohamed mat yed3am f cha3b
el moujahid ouhida rabah ben mohamed kan ydour m3a is7a9,1,-
el moujahid srayech 3issa 9tl  mortazi9a bel sekin,1,-
achroub el dwak,1,-
klit les eclaires skhona 7rgt lsany,1,-
el dar fiha el etage,0,el etage fih el dar
youkel l7am bel el hendi,0,youkel l7am bel mogherfa
el moujahid ben 3outhman 3abdel 9ader ghloub 7 jassos bel sekin,1,-
el moujahid amar athmani ghlb 3 general bel mer7oum,0,el moujahid amar athmani ghlb 3 general bel sla7
klaw nfc,0,klaw zeri3a
9oussitou 5yar bel 5yar,0,9oussitou 5yar bel mous
el chahid rzi9at merza9a b3et lettre l cha3b,1,-
youklou 3achra s7ouna gili,0,youklou 3achra s7ouna el ma7jouba
el moujahid ben dawed 3liy ben sala7 ghlb 4 dawria bel sla7,1,-
el moujahid 9aras mouhamed stachhed fi bourj baji mou5tar,1,-
el moujahid talbi 3abel ra7man kber ytim el kojaka,0,el moujahid talbi 3abel ra7man kber ytim el oum
ychriw el 5erdel men el imti7an,0,ychriw el 5erdel men el merchi
n9ous mouz bel mouz,0,n9ous mouz bel sekin
el moujahid chba7a moussa traba ytim el tefa7,0,el moujahid chba7a moussa traba ytim el abawayn
khabit ma3dnous fel ma3dnous,0,khabit ma3dnous fel frigo
ladan ta3 el 3asr yeden fel geyla,1,-
el moujahid ben 5aled a7med ghloub zouj 9anas bel dinde,0,el moujahid ben 5aled a7med ghloub zouj 9anas bel rachach
el chahid swa3dia 3amar twafa fel train,1,-
9oussitou 5yar jerhtou sbou3koum,1,-
el moujahid belatrach le5missi te9tel ddr4,0,el moujahid belatrach le5missi te9tel ye5dem fi bladou
el chahid ben zawi ahmed 5alas fel madrassa 9ouraaniya fi 3am 1934,1,-
el chahid ben 3outhman 3abdel 9ader b3et message l 5alou,1,-
el moujahid rzi9at merza9a 3ach fi 3ayla moujahda,1,-
rouht lel melh chrit el superette,0,rouht lel superette chrit el melh
el moujahid ben bel5ir el 3amar 9tel  commandan,1,-
el moujahid swalmia moussa zed fi 3ayla medeyna,1,-
el moujahid 3a9oun bhija zed fi bitrave,0,el moujahid 3a9oun bhija zed fi 22 aute 1913
rouht el chevrolet krit el location,0,rouht lel location krit el chevrolet
klaw kesra bel gendoura,0,klaw kesra bel 39ila
el moujahid 9eras 3issa9aras mes3oud ye5dem tay,0,el moujahid 9eras 3issa9aras mes3oud ye5dem pintre
salitou el dar f douhr,0,salitou el douhr fel dar
salaw el watr fel jama3,1,-
el moujahid 9eras 3issa9aras mes3oud te9tel mouz,0,el moujahid 9eras 3issa9aras mes3oud te9tel yed3am f cha3b
el moujahid tyayba el 7aj ghlob 9 dawria bel pastek,0,el moujahid tyayba el 7aj ghlob 9 dawria bel grenada
el moujahid srayech el 3id mat fi skikda,1,-
el 7san sghir 3la el n7el,0,el n7el sghir 3la el 7san
el chahid lek7al mebrouk stachhed bel mous fel ghaba,1,-
rouht lel location krit el maybach,1,-
chrina el louz men el intero,0,chrina el louz men el superette
yer7iw citron bel robo,1,-
el moujahid l3ayada 5ira ghlob seb3a commandan bel rachach,1,-
r7ina zeri3a,1,-
e9liw el 7out,1,-
el moujahid yahiawi 3mor zed fi makaron,0,el moujahid yahiawi 3mor zed fi 6 oktober 1902
9warir ibrahim 3ach m3a taki,1,-
9assou rouman bel mesfouf,0,9assou rouman bel mous
el moujahid ben 3outhman 3abdel 9ader kber fi 3ayla pistache,0,el moujahid ben 3outhman 3abdel 9ader kber fi 3ayla fa9ira
9oussit frit bel gem7,0,9oussit frit bel mous
ndirou el confuture ta3 tmatem bel soukour,1,-
el moujahid me5fi mohamed sidi9 3ach fi 3ayla fiha 5 3bad,1,-
y9oussou ddr3,0,y9oussou tacos
el chahid 9warir mouhamed 5alas fel zawya,1,-
youklou jelbana bel gendoura,0,youklou jelbana bel 39ila
el moujahid chba7a mostfa ghlob 10 general bel 5enjar,1,-
el moujahid 9atouch brahim zed fi 3ayla fiha 2 afrad,1,-
el chahid ben taleb 5dara wassal lettre l cha3b,1,-
el chahid talbi el 3ajla teblissa fel rouiba,0,el chahid talbi el 3ajla teblissa fel train
9lit el 3dam,1,-
n5abiw shourba fel frigo,1,-
er7iw batata bel 5alat,1,-
nghsel anjas bel anjas,0,nghsel anjas bel ma
salina f zerbia,1,-
el moujahid srayech 3liy traba ytim el abawayn,1,-
ntayab gem7 fel bougelez,0,ntayab gem7 fel cuisinier
rouht fi train lel hotel,1,-
9oussina krafes jrhna dfarhoum,1,-
el moujahid ali mellah stachhed fi 3dam,0,el moujahid ali mellah stachhed fi 28 juin 1931
el wdnin fel dmagh,1,-
el chahid ben zid 3amar mat bel car fel ressas,0,el chahid ben zid 3amar mat bel ressas fel car
el moujahid ben taleb 3abdel kader 3ach fi 3ayla fiha reb3a khourchef,0,el moujahid ben taleb 3abdel kader 3ach fi 3ayla fiha reb3a 3bad
achriw 4 chkayer tacos,1,-
el moujahid swalmia moussa zed fi medeyna 3ayla,0,el moujahid swalmia moussa zed fi 3ayla medeyna
el moujahid tyayba moussa zed m3a 2 afrad,1,-
el moujahid tyayba moussa b3et envlop lel 5tou,1,-
el moujahid ziytoni mo7amed tewled fi 3ayla fiha reb3a 3bad,1,-
el moujahid ben ghanem el sa3id 3ach ytim el bitrave,0,el moujahid ben ghanem el sa3id 3ach ytim el ab
klaw moteur,0,klaw tmatem
youklou felfel 7ar bel pepsi,0,youklou felfel 7ar bel 39ila
el moujahid srayech mohamed 9etel seb3a joundiyin bel 5enjar,1,-
el moujahid ben 3outhman 3abdel 9ader ghloub 7 capotichinou,0,el moujahid ben 3outhman 3abdel 9ader ghloub 7 jassos
la5der bentobal kan sa7bou tay,0,la5der bentobal kan sa7bou ahmed
el moujahid chba7a mes3oud 9tel 8 general bel rsas,1,-
ner7iw jelbana bel jelbana,0,ner7iw jelbana bel mixeur
chrina kawkab,0,chrina banan
el moujahid bouderba salah wassal envlop lel 5alou,1,-
r7ina 7oumous bel roubo,1,-
sparta el 3asima ta3 el younan,0,athena el 3asima ta3 el younan
ghselt watr bel 3ayn,0,ghselt el creuvette  bel 3ayn
el chahid ben zawi ahmed te9tel bel mounawachat fel sekin,0,el chahid ben zawi ahmed te9tel bel sekin fel mounawachat
chrina el capotichinou men el superette,1,-
chrina el na3na3 men el kartable,0,chrina el na3na3 men el 7anout
el moujahid mechri sa3id 3ach m3a vichi,0,el moujahid mechri sa3id 3ach m3a ahmed
el chahid 5mays mohmad arsel message l 5ouh,1,-
ne5dem el confuture ta3 mandarina,1,-
el moujahid 9aras said zed ytim el jraywat,0,el moujahid 9aras said zed ytim el abawayn
el moujahid l3achach b7riya ydour m3a basla,0,el moujahid l3achach b7riya ydour m3a mouhamed
klaw lsanhm barda 7rgo biscuit,0,klaw biscuit skhona 7rgo lsanhm
el chahid sa7rawi el mas3oud arsel lettre l babah,1,-
el moujahid bouderba salah 9tl 6 joundiyin,1,-
tayabna zlabia,1,-
klina tmenya mgharef sabat,0,klina tmenya mgharef te5chou5a
el panda yakl el l7m,0,el panda yakl el 7chich
chiraw el pizza men el plombie,0,chiraw el pizza men el fastfood
el moujahid 3a9oun bhija ydour m3a walid,1,-
el moujahid bel far sa3dia traba fi mderhma 3ayla,0,el moujahid bel far sa3dia traba fi 3ayla mderhma
klina confiture ta3 el drouj,0,klina confiture ta3 el fraise
el chahid bourza9 3abdel 7amid b3et cha3b l message,0,el chahid bourza9 3abdel 7amid b3et message l cha3b
srayech 3abd rahman traba m3a mouhamed,1,-
el moujahid ali ben 3ayoun traba m3a 8 layouret,0,el moujahid ali ben 3ayoun traba m3a 8 3bad
chba7a mouhamed hyatou kamla w houwa y7areb,1,-
yechriw tmenya tarta keroussa,0,yechriw tmenya keroussa tarta
koulou 3 mgharef zeri3a,0,koulou 3 mgharef slata
el moujahid de7mani sa3id stachhed fi 27 aute 1935,1,-
el moujahid sraych mes3oud mat y9atel,1,-
el moujahid 3a9on 3abd rahman ghloub seta joundiyin,1,-
nfawer el 3aych fel keskas,1,-
ziytouni sa3id mat el 7alwa,0,ziytouni sa3id mat ykafe7
klit tmenya s7ouna felfel,1,-
el moujahid srayech ibrahim mat ykafe7,1,-
tghselou el ezar fel machine a laver,1,-
el moujahid ben blida el chrif 3ach ytim el anjas,0,el moujahid ben blida el chrif 3ach ytim el abawayn
salitou el jama3 f douha,0,salitou el douha fel jama3
el moujahid bel 3arbi sghir 9etel 7 tay,0,el moujahid bel 3arbi sghir 9etel 7 general
9achrou zit,0,9achrou batata
el chahid lbouazed le5der 5ela s7abou l envlop,0,el chahid lbouazed le5der 5ela envlop l s7abou
koli ch3ir bel mougherf,1,-
yer7iw jus bel 5alat,1,-
achriw seta bouzelouf 9oufouf,0,achriw seta 9oufouf bouzelouf
chritou el m7elbi men el grossist,1,-
klina makaron bel 39el,1,-
el moujahid 9warir le5der twafa fi mer7oum,0,el moujahid 9warir le5der twafa fi 13 oktober 1931
el 7mar y3oum fel ma,0,el 7mar ymchi 3la rjlih
kla el serdine bel 39el,1,-
el moujahid 3a9on ibrahim s7abou ifri,0,el moujahid 3a9on ibrahim s7abou farouk
el chahid larbi ben mhidi 5ela message l mou,1,-
el moujahid mnasria mohamed 9tl seb3a bitrave,0,el moujahid mnasria mohamed 9tl seb3a mortazi9a
el tfol rkeb fel train,1,-
el moujahid bourass la5der twafa fi tindof,1,-
klaw te5chou5a skhon 7rgo lsanhm,1,-
el moujahid srayech el 3id tewled fi 3ayla tarteulette,0,el moujahid srayech el 3id tewled fi 3ayla fa9ira
el chahid tyayba mohamed 5ela lettre l 3emou,1,-
el moujahid me5fi le5der ye5dem taba5,1,-
9as yedou jrah 9aras,0,9as 9aras jrah yedou
chraw el nayazik,0,chraw el kiwi
el chahid bissar el tayab sejel fel thanawiya fi 3am 1946,1,-
youkel batata 7lawa bel lehfa,1,-
korea jaya fel europe,0,korea jaya fi asia
el moujahid tyayba 3mer traba fi 3ayla moujahda,1,-
el chahid merouch amar d5el fel metwesta fi 3am 1942,1,-
el moujahid tawam mohamed mat fi 20 aute 1911,1,-
el moujahid mnasria mohamed b3et lettre lel 3emtou,1,-
klina jraywat bel el beri,0,klina jraywat bel mogherfa
el moujahid ben cha3ban el haj bouzian mat fi 9 avril 1909,1,-
el chahid bourass la5der kan mineurs fi 3am 1904,1,-
el moujahid ali ben 3ayoun kan banan,0,el moujahid ali ben 3ayoun kan jardinier
khabit 9ahwa fel frigidar,1,-
el moujahid tyayba el 7aj ye5dem mouwal,1,-
el chahid ouhida rabah ben mohamed te9tel bel sniper fel car,1,-
9oussina kebch jrhna dfarhoum,1,-
el moujahid de7mani sa3id 9tl tes3a jondi bel rassas,1,-
el moujahid lek7al mebrouk zed fi 14 november 1942,1,-
el moujahid chba7a moussa s7abou pattisri,0,el moujahid chba7a moussa s7abou ahmed
ychriw el gem7 men el vista,0,ychriw el gem7 men el 5adar
ychriw el gem7 men el 5adar,1,-
el moujahid tyayba 3amar twafa y9awem fel i7tilal,1,-
el moujahid nech el 3oumri 3ach m3a jus,0,el moujahid nech el 3oumri 3ach m3a isma3il
el moujahid amar athmani tewled fi stif,1,-
9lit el serdine fel me9la,1,-
9assitou yedikoum jer7ou tefa7,0,9assitou tefa7 jer7ou yedikoum
el moujahid 9wasimia mouhamed ben a7med ghlb 9 9anas bel kartous,0,el moujahid 9wasimia mouhamed ben a7med ghlb 9 9anas bel grenada
el moujahid talbi ahmed tewled m3a zouj 5awa,1,-
el moujahid dayf lah sa3d zed fi la creme,0,el moujahid dayf lah sa3d zed fi s3aida
el moujahid l3achach mouhamed traba ytim el za3rour,0,el moujahid l3achach mouhamed traba ytim el ab
chrina miranda men el 7anout,1,-
yechriw reb3a el jaj keroussa,0,yechriw reb3a keroussa el jaj
ghselt 3des bel 3des,0,ghselt 3des bel ma ta3 el 3ayn
taybet el creuvette  fel 5oukh,0,taybet el creuvette  fel four
r7ina bitrave bel bitrave,0,r7ina bitrave bel roubo
el moujahid tyayba el 7aj ghlob 9 dawria bel grenada,1,-
el moujahid ahmed 3a9oun 3ach m3a felfel 7ar,0,el moujahid ahmed 3a9oun 3ach m3a brahim
el moujahid talbi mohamed zed fi chikoula,0,el moujahid talbi mohamed zed fi el wed
el moujahid srayech tahar 9etel tes3a commandan bel 5enjar,1,-
kla creme dessert bel mogherfa,1,-
chritou el 5oubz men el khabaz,1,-
el chahid de7mani fatima ye5dem 5ayat fi 3am mouz,0,el chahid de7mani fatima ye5dem 5ayat fi 3am 1948
rawan el sa3id traba m3a bougelez,0,rawan el sa3id traba m3a moustfa
rouht el fiat krit el location,0,rouht lel location krit el fiat
9as gateau jrah yedou,1,-
ner7iw selecto,0,ner7iw loubia
el chahid bourza9 3abdel 9ader arsel 5alou l message,0,el chahid bourza9 3abdel 9ader arsel message l 5alou
klaw dwida skhon 7ergo lsankom,1,-
n5abiw hrissa 7louwa fel congelateur,1,-
ytayeb dwida fel cuisinier,1,-
sbit el 9ar3a fel ma,0,sbit el ma fel 9ar3a
y9os mesjed,0,y9os 9alb louz
khabit brouklou fel brouklou,0,khabit brouklou fel refrigirateur
y5abiw ch3ir fel chaf3,0,y5abiw ch3ir fel refrigirateur
el moujahid 9aras 3abdlah ghlb tmenya ifri,0,el moujahid 9aras 3abdlah ghlb tmenya jondi
el moujahid talbi bouzidi 3ach y9awem fel i7tilal,1,-
el chahid berkat sa3id 5dem tbib fi 3am 1906,1,-
el moujahid 3a9on ibrahim kber fi 3ayla bourjwaziya,1,-
y9oussou brage jr7na brage,0,y9oussou brage jr7na sba3hom
n5abiw ananas fel ananas,0,n5abiw ananas fel frigidar
el moujahid sa7rawi el mas3oud kan mouwal,1,-
9oussou el hendi bel el hendi,0,9oussou el hendi bel sekin
yoklo bouzelouf skhon t7rg fomhom,1,-
klit 3des skhon 7rgt fomi,1,-
el chahid 9atouch brahim wela sayghi fi 3am 1910,1,-
el moujahid 9aras mouhamed traba fi 3ayla tajin el 3ayn,0,el moujahid 9aras mouhamed traba fi 3ayla ghania
el moujahid fra7tih moussa 9tl 8 mortazi9a bel sekin,1,-
mnasria chrif kan ydour m3a mouhamed,1,-
srayech ahmed s7abou 5aled,1,-
el moujahid ahmed ben abdel kader 9etel 10 rsas bel espion,0,el moujahid ahmed ben abdel kader 9etel 10 espion bel rsas
ben 3mour el 7oussin twafa tacos,0,ben 3mour el 7oussin twafa yjahed
chrat tes3a citron citron,0,chrat tes3a  citron
el moujahid l3achach mes3oud zed fi 3ayla fiha 8 afrad,1,-
el moujahid si el houwas kber fi bourjwaziya 3ayla,0,el moujahid si el houwas kber fi 3ayla bourjwaziya
el moujahid tawam mohamed tewled fi 3ayla fa9ira,1,-
9acharna boufraywa bel sekin,1,-
el moujahid fra7tih moussa zed fi 16 november 1908,1,-
9as temp bel 3icha,0,9as temp bel sekin
el moujahid merouch amar traba fi 3ayla mderhma,1,-
el moujahid mechri sa3id zed fi 3ayla fiha tlata 3bad,1,-
achri tmenya keroussa dwida,1,-
rouht lel b7r g3oudt nhar,1,-
klaw cima,0,klaw el loubia
9ousit el 5yar,1,-
el moujahid talbi mohamed zed fi el wed,1,-
n5abiw makaron fel congelateur,1,-
el moujahid tyayba mohamed 3ach fi 3ayla thawria,1,-
el 9ars lounou 5der,0,el 9ars lounou sfer
y9asou el 5oubz,1,-
ychriw el jelbana men el kachni,0,ychriw el jelbana men el 5adar
m5fi mohamed kan ydour m3a mossa,1,-
ner7i tefa7 bel soub7,0,ner7i tefa7 bel mixeur
el moujahid srayech bel 9assem kan ydour m3a zit,0,el moujahid srayech bel 9assem kan ydour m3a walid
neghsel 5erdel bel ma ta3 el 3ayn,1,-
tayabna krafes chwiya brk,1,-
el moujahid lek7al 3mer te9tel fi 26 december 1936,1,-
far 3li ben ahmed hyatou kamla w houwa la glace,0,far 3li ben ahmed hyatou kamla w houwa ye5dem fi bladou
tfawar brouklou,1,-
el moujahid srayech raba7 kan sa7bou adam,1,-
el chahid 9aras said 5ela message l 5ouh,1,-
el moujahid srayech raba7 9tl 8 jondi bel felfel,0,el moujahid srayech raba7 9tl 8 jondi bel 5enjar
moustfa ben bou el aid te9tel vichi,0,moustfa ben bou el aid te9tel ye5dem fi bladou
el moujahid rzi9at merza9a 3ach ytim el oum,1,-
el chahid ben 3outhman 3abdel 9ader mat fel el jaj,0,el chahid ben 3outhman 3abdel 9ader mat fel tunel
rouht lel dwa medli el pharmacie,0,rouht lel pharmacie medli el dwa
nechri 9 sac selecto,1,-
el moujahid ben cha3ban issa mat fi tisemsilet,1,-
ydir el confuture ta3 3ayn ba9ra bel mel7,0,ydir el confuture ta3 3ayn ba9ra bel soukour
el moujahid 9warir le5der 9tl 9 rsas bel jondi,0,el moujahid 9warir le5der 9tl 9 jondi bel rsas
el moujahid ahmed zabana traba ytim el oum,1,-
kla 3des bel mogherfa,1,-
klitou el jaj skhona 7regto fomkom,1,-
el moujahid zighoud youcef kber m3a seta 5yar,0,el moujahid zighoud youcef kber m3a seta afrad
el chahid le3raba moussa sejel fel takwin el mihani fi 3am 1925,1,-
n5abiw felfel 7law fel refrigirateur,1,-
el chahid nech el mas3oud kteb envlop l 5altou,1,-
el moujahid  5ela message lel cidr,0,el moujahid  5ela message lel cha3b
klaw dwida skhon 7ergo lsankom,1,-
khabit jelbana fel jelbana,0,khabit jelbana fel congelateur
el moujahid srayech fatmi kan mouwal,1,-
el chahid bel 3amri 3abdel 9ader 5alas fel thanawiya fi 3am 1947,1,-
tayabna zjaj,0,tayabna batata bel fourmage
el chahid ben 3adel mouhamed stachhed fel jbel,1,-
achriw 5emsa sachiyat layouret,1,-
3serna el citron,1,-
el moujahid ahmed zabana traba fi 3ayla bourjwaziya,1,-
el moujahid chewih 3mor ben raba7 9etel tes3a 7alwat el 7al9oum,0,el moujahid chewih 3mor ben raba7 9etel tes3a mortazi9a
n5abiw basla fel basla,0,n5abiw basla fel frigo
klit seb3a s7ouna shourba,1,-
de7mani a7med kan ydour m3a jouz,0,de7mani a7med kan ydour m3a farouk
el moujahid srayech 3abd rahman b3et lettre lel tajin el 3ayn,0,el moujahid srayech 3abd rahman b3et lettre lel s7abou
klit zaligou,1,-
el moujahid swalmia moussa wela mou3alim,1,-
el moujahid l3achach mi3ouf 9tl tes3a jassos bel el kachir,0,el moujahid l3achach mi3ouf 9tl tes3a jassos bel rassas
chritou el fourmage men el fourmage,0,chritou el fourmage men el 7anout
9assit tarteulette jr7t soubi3i,1,-
el chahid srayech ibrahim 9ra fel zawya fi 3am 1919,1,-
el moujahid de7mani sa3id 9tl tes3a croissant,0,el moujahid de7mani sa3id 9tl tes3a jondi
el moujahid ben ghanem el sa3id 3ach fi 3ayla za3rour,0,el moujahid ben ghanem el sa3id 3ach fi 3ayla moultazma
e9li roz fel m9la,1,-
el moujahid 9aras 3abdlah ydour m3a tarta,0,el moujahid 9aras 3abdlah ydour m3a mossa
y9asou zlabia bel watr,0,y9asou zlabia bel sekin
y5abiw nouga fel nouga,0,y5abiw nouga fel frigo
rouht lel location krit el astonmartin,1,-
klaw 5 s7ouna souli,0,klaw 5 s7ouna millfay
klina sbagiti bel mogherfa,1,-
chritou el 3aych men el terba9a,0,chritou el 3aych men el mol
el moujahid 9wadria haj ben moussa 9tl 5 rsas bel espion,0,el moujahid 9wadria haj ben moussa 9tl 5 espion bel rsas
el moujahid ben sa3di sa3id kan 9ahwa,0,el moujahid ben sa3di sa3id kan fermli
ychriw el sel9 men el sel9,0,ychriw el sel9 men el merchi
el chahid ali mellah stachhed bel mina fel barage,1,-
ndirou el jus ta3 fagous,1,-
ychriw el bechna men el suppert,1,-
el moujahid 9warir mouhamed hyatou kamla w houwa yjahed,1,-
el chahid ben sa3id mouhamed stachhed fel el jaj,0,el chahid ben sa3id mouhamed stachhed fel tomobil
chrina 7ab el mlouk men el 5adar,1,-
el moujahid srayech moussa b3et lettre lel chwa,0,el moujahid srayech moussa b3et lettre lel 5alou
9law el yajour,0,9law el gelb
didouch mourad kan ydour m3a 7alwat el 7al9oum,0,didouch mourad kan ydour m3a isma3il
chrina el pepsi men el 7anout,1,-
el chahid ouhida rabah ben mohamed te9tel fel car,1,-
koulou 3achra s7ouna sniksa,0,koulou 3achra s7ouna 7alwat el 7al9oum
el moujahid belkacem krim ye5dem 7afaf,1,-
ghsel bitrave bel ma ta3 el 3ayn w hdd,0,ghsel bitrave bel ma ta3 el 3ayn w 5el
el moujahid ben blida el chrif te9tel fi beskra,1,-
ner7iw tachghil bel roubo,1,-
el moujahid tyayba bachir wassal envlop lel nectarine,0,el moujahid tyayba bachir wassal envlop lel cha3b
t5bi kroumb fel refrigirateur,1,-
el moujahid me5fi 3abdel 9ader zed fi caprise,0,el moujahid me5fi 3abdel 9ader zed fi mascara
chriti el tefa7 men el min9ala,0,chriti el tefa7 men el marchi
el moujahid de7mani mo7amed 9tel 5emsa sekin bel general,0,el moujahid de7mani mo7amed 9tel 5emsa general bel sekin
el moujahid  tewled fi batata,0,el moujahid  tewled fi 17 december 1936
el moujahid m5alifa ahmed mat fi 5yar,0,el moujahid m5alifa ahmed mat fi ilizi
el chahid srayech 3issa tejrah fel jbel,1,-
ytayeb kesra bzef,1,-
5abi tmer fel congelateur,1,-
el faracha takl el l7m,0,el faracha takl el 7chich
el 7san kbir 3la el nmel,1,-
el sbat lbes el tfol,0,el tfol lbes el sbat
nfawer zaligou,0,nfawer kroumb
khabit cidr fel monto,0,khabit cidr fel congelateur
el moujahid 9erouj mouhamed ben rabah tewled ytim el 3dam,0,el moujahid 9erouj mouhamed ben rabah tewled ytim el ab
el moujahid ben sa3id mouhamed zed fi 3ayla fiha seta 3bad,1,-
el chahid bla3da mohamed b3et message l 5altou,1,-
el chahid talbi bouzidi te9tel bel ressas fel barage,1,-
rouht lel location krit el bmw,1,-
el moujahid ben sa3di el mas3oud hyatou kamla w houwa 3dam,0,el moujahid ben sa3di el mas3oud hyatou kamla w houwa y9awem fel i7tilal
el moujahid 9ouraichi bel abdel rahman wassal briya lel capotichinou,0,el moujahid 9ouraichi bel abdel rahman wassal briya lel s7abou
el moujahid ben dawed mohamed 9etel seb3a jassos bel rsas,1,-
ysali el jama3 f chaf3,0,ysali el chaf3 fel jama3
el chahid me5fi mohamed 5alas fel ta7diri fi 3am 1901,1,-
el moujahid me5fi le5der ghlb tlata sekin bel general,0,el moujahid me5fi le5der ghlb tlata general bel sekin
n5abiw tachghil fel frigo,1,-
el chahid bissar mohamed mat fel jraywat,0,el chahid bissar mohamed mat fel ghaba
el moujahid srayech mbarek tewled fi medeyna 3ayla,0,el moujahid srayech mbarek tewled fi 3ayla medeyna
el moujahid 9wadria haj ben moussa mat fi batata,0,el moujahid 9wadria haj ben moussa mat fi 15 mai 1931
rouht lel hanout chrit el kajou,1,-
el moujahid bourza9 3abdel 7amid 9tel 4 jondi bel 5yar,0,el moujahid bourza9 3abdel 7amid 9tel 4 jondi bel grenada
el moujahid benhalima hmidou 3ach ytim el la glace,0,el moujahid benhalima hmidou 3ach ytim el ab
el chahid bouderba salah wela pintre fi 3am banan,0,el chahid bouderba salah wela pintre fi 3am 1914
el moujahid bel3amri brahim kber fi 3ayla fiha 7 selecto,0,el moujahid bel3amri brahim kber fi 3ayla fiha 7 afrad
ychriw el tmatem men el merchi,1,-
el hizb fih zouj mn el jouzae,0,el jouzae fih zouj mn el hizb
yoklo 7oumous barda t7rg fomhom,0,yoklo 7oumous skhona t7rg fomhom
el chahid bla3da moussa arsel 3emtou l rissala,0,el chahid bla3da moussa arsel rissala l 3emtou
fawrou felfel 7law fel kskas,1,-
koli 6 mgharef kroumb,1,-
si el houwas s7abou dala3,0,si el houwas s7abou mouhamed
ychriw el bechna men el gili,0,ychriw el bechna men el suppert
ye9liw batata,1,-
kina fourmage,1,-
bourza9 3abdel 9ader te9tel gazouz,0,bourza9 3abdel 9ader te9tel yed3am f cha3b
koli el gelb bel 7ab el mlouk,0,koli el gelb bel mougherf
el moujahid srayech mbarek zed fi 3ayla fiha tlata 7lib,0,el moujahid srayech mbarek zed fi 3ayla fiha tlata 5awa
rouht lel hanout chrit el creme,1,-
el chahid mechri deraji ye5dem prof fi 3am tarteulette,0,el chahid mechri deraji ye5dem prof fi 3am 1944
el nmer yhrb mn el ghezal,0,el ghezal yhrb mn nmer
el chahid lek7al mebrouk stachhed fel kebch,0,el chahid lek7al mebrouk stachhed fel ghaba
el moujahid srayech m5tar traba fi 3ayla fiha reb3a 5awa,1,-
el moujahid 9atouch raba7 kber ytim el felfel 7law,0,el moujahid 9atouch raba7 kber ytim el ab
ben sa3di ahmed kan sa7bou youcef,1,-
fawri batata fel keskas,1,-
youkel 3 mgharef tajin el 3ayn,1,-
3ethmania 3abd el 7afi 3ach m3a is7a9,1,-
el chahid mnasria chrif 5ela 5alou l rissala,0,el chahid mnasria chrif 5ela rissala l 5alou
el kelma fiha el joumla,0,el joumla fiha el kelma
el chahid ben sa3di sa3id twafa fel fagous,0,el chahid ben sa3di sa3id twafa fel mounawachat
el chahid de7mani el 3arbi arsel briya l babah,1,-
koulou 9 s7ouna gendoura,0,koulou 9 s7ouna felfel 7law
salitou el douha fel mesjed,1,-
el moujahid srayech moussa twafa fi 21 fevri 1943,1,-
el moujahid mouhamed ben abdel malek ramdan tewled m3a 10 3bad,1,-
el moujahid ahmed 3a9oun ghlob reb3a dawria bel tachghil,0,el moujahid ahmed 3a9oun ghlob reb3a dawria bel sla7
el moujahid nech salem 5dem chi5,1,-
el moujahid 7irech ahmed kber fi 3ayla medeyna,1,-
y9oussou kroumb bel sekin,1,-
chrat 2 3des 3des,0,chrat 2 keroussa 3des
rouht lel marché chrit el mechmach,1,-
yhazou sayala fel kartable,1,-
9oussina brouklou bel brouklou,0,9oussina brouklou bel mous
malisia jaya fel afrique,0,malisia jaya fi asia
el moujahid  stachhed fi jelfa,1,-
el moujahid srayech ibrahim kan ydour m3a pizza,0,el moujahid srayech ibrahim kan ydour m3a ya39oub
9oussina tmatem jrhna dfarhoum,1,-
yghsel les eclaires bel 3ayn,0,yghsel roz bel 3ayn
srayech 3abd rahman traba m3a kiwi,0,srayech 3abd rahman traba m3a mouhamed
tayebt zaligou,1,-
el moujahid ben amor raba7 stachhed fi 28 mai 1926,1,-
el chahid chba7a mouhamed b3et envlop l jedou,1,-
el fichier fih el dossier,0,el dossier fih el fichier
ghselt hdd bel ma ta3 el 3ayn,0,ghselt tachghil bel ma ta3 el 3ayn
el moujahid bourass la5der 9tel reb3a rsas bel jondi,0,el moujahid bourass la5der 9tel reb3a jondi bel rsas
el moujahid lek7al 3issa twafa 9ahwa,0,el moujahid lek7al 3issa twafa y9atel
el chahid ben sa3di ahmed tejrah fel caprise,0,el chahid ben sa3di ahmed tejrah fel moudaharat
klaw tmenya s7ouna mer7oum,1,-
ne5dem el confuture ta3 capotichinou,0,ne5dem el confuture ta3 mandarina
tayab el kachir fel ifri,0,tayab el kachir fel tabouna
gselt el el beri fel machine a laver,1,-
chriti el banan men el kous,0,chriti el banan men el hanout
n5abiw kartous fel congelateur,1,-
el chahid ahmed ben abdel kader stachhed bel ghaba fel mous,0,el chahid ahmed ben abdel kader stachhed bel mous fel ghaba
gheslo clavier bel ma ta3 el 3ayn,0,gheslo dinde bel ma ta3 el 3ayn
el moujahid 9wader tayab ben 3li 3ach fi 3ayla kebda,0,el moujahid 9wader tayab ben 3li 3ach fi 3ayla bourjwaziya
ne9li l7am fel l7am,0,ne9li l7am fel m9la
ychri el chikoula men el chikoula,0,ychri el chikoula men el grossist
teghsel loubia bel ma ta3 el 3ayn w android,0,teghsel loubia bel ma ta3 el 3ayn w 5el
ben sa3di sa3id ydour m3a ahmed,1,-
el moujahid ben 3adel el mas3oud tewled fi 3ayla fiha 5 kebda,0,el moujahid ben 3adel el mas3oud tewled fi 3ayla fiha 5 3bad
el fil lounou gris,1,-
yhazou feutre fel kartable,1,-
achriw seta 9oufouf taki,0,achriw seta 9oufouf bouzelouf
nouklou l7am,1,-
ali la pointe mat citron,0,ali la pointe mat y3alam
fawart rfis,1,-
el chahid ali la pointe wassal 3emou l rissala,0,el chahid ali la pointe wassal rissala l 3emou
taybou la puri,1,-
klina tlata mgharef sabat,0,klina tlata mgharef gateau
nes7a9 el dictionaire fel intero,1,-
el moujahid me5fi mohamed sidi9 wela mecanicient,1,-
nfawer kroumb fel keskas,1,-
ytayeb dwida fel fajr,0,ytayeb dwida fel cuisinier
nachriw el tacos men el fastfood,1,-
ychriw el gem7 men el grossist,1,-
ner7i 3asr,0,ner7i kartous
tayabna krafes fel 3icha,0,tayabna krafes fel nar
el moujahid ben 3outhman 3abdel 9ader ghloub 7 sekin bel jassos,0,el moujahid ben 3outhman 3abdel 9ader ghloub 7 jassos bel sekin
el moujahid srayech 3amar 3ach fi 3ayla fiha 6 5awa,1,-
r7aw mesfouf,1,-
y5abiw batata 7lawa fel kimono,0,y5abiw batata 7lawa fel congelateur
el moujahid 9aras mouhamed ye5dem taba5,1,-
el moujahid 3ethmania 3abd el 7afi tewled fi tamanraset,1,-
klaw pattisri barda 7ergo lsankom,0,klaw pattisri skhon 7ergo lsankom
el moujahid 7irech ahmed kber fi 3ayla cidr,0,el moujahid 7irech ahmed kber fi 3ayla medeyna
klaw khourchef,1,-
el chahid ali ammar wassal 5altou l message,0,el chahid ali ammar wassal message l 5altou
el moujahid berkat el mas3oud tewled fi zeri3a,0,el moujahid berkat el mas3oud tewled fi 17 janvi 1949
el chahid srayech 3issa tejrah bel jbel fel sekin,0,el chahid srayech 3issa tejrah bel sekin fel jbel
el moujahid chba7a mes3oud 9tel 8 rsas bel general,0,el moujahid chba7a mes3oud 9tel 8 general bel rsas
el moujahid zighoud youcef kteb envlop lel moujahdin,1,-
klit 8 s7ouna basla,1,-
tyayba ahmed 3ach y9atel,1,-
9achrou felfel 7law bel mous,1,-
el moujahid sitouf bel 9assem traba fi bourjwaziya 3ayla,0,el moujahid sitouf bel 9assem traba fi 3ayla bourjwaziya
salaw el watr fel kebch,0,salaw el watr fel jama3
el moujahid mnasria mohamed 5dem jazar,1,-
el moujahid srayech tahar 3ach y3alam,1,-
rouht lel marché chrit el tmer,1,-
el chahid tyayba sala7 sejel fel zawya fi 3am vichi,0,el chahid tyayba sala7 sejel fel zawya fi 3am 1928
el moujahid ben dawed mohamed 9etel seb3a rsas bel jassos,0,el moujahid ben dawed mohamed 9etel seb3a jassos bel rsas
9atouch raba7 traba m3a tina,0,9atouch raba7 traba m3a yahia
el chahid houari el haj kteb lettre l 3emou,1,-
el moujahid ben blida fatima zouhra ghlob 2 jassos bel sekin,1,-
rouht lel restaurant klit el herira,1,-
yer7iw brouklou,1,-
el chahid aban ramdan tejrah fel 9ahwa,0,el chahid aban ramdan tejrah fel magharat
el chahid moustfa ben bou el aid d5el fel thanawiya fi 3am 1943,1,-
el moujahid fra7tih el 3ayachi hyatou kamla w houwa y7areb,1,-
ner7iw felfel 7ar bel 5alat,1,-
el moujahid bouna3as mouhamed zed fi mthe9fa 3ayla,0,el moujahid bouna3as mouhamed zed fi 3ayla mthe9fa
tayabna loubia fel srir,0,tayabna loubia fel nar
el moujahid nech salem 9tel tmenya dawria,1,-
el paraguay jaya fel europe,0,el paraguay jaya fel amerique
rabah betat mat tarteulette,0,rabah betat mat yerfa3 fel 9adia el jazayriya
el tfol lbes el casquette,1,-
yoklo bouzelouf skhon t7rg bouzelouf,0,yoklo bouzelouf skhon t7rg fomhom
chrina bougelez men el 7anout,1,-
chrina el pistache men el 7anout,1,-
yklo brage skhon 7ergou fmhm,1,-
el chahid l3achach mes3oud 9ra fel madrassa 9ouraaniya fi 3am 1934,1,-
3a9on 3abd rahman 3ach y9atel,1,-
5abi chbe7 sefra fel refrigirateur,1,-
el moujahid ben sa3di sa3id mat kebda,0,el moujahid ben sa3di sa3id mat y7areb
chrew 5emsa 9oufouf 5yar,1,-
el moujahid si el houwas kber fi 3ayla bourjwaziya,1,-
el moujahid  stachhed fi 27 aute 1921,1,-
el algerie jaya fel afrique,1,-
el chahid rabah betat kteb jadatou l message,0,el chahid rabah betat kteb message l jadatou
y9os el serdine jrh el serdine,0,y9os el serdine jrh defro
nechri seta keroussa el creuvette,1,-
t5bi kawkaw fel tarawi7,0,t5bi kawkaw fel frigidar
rzi9at merza9a 3ach m3a roustoum,1,-
el moujahid ben taleb 7ouriya traba m3a 7 batata,0,el moujahid ben taleb 7ouriya traba m3a 7 3bad
el moujahid srayech mes3oud ye5dem moudaris,1,-
9oussitou toum jerhtou sbou3koum,1,-
el moujahid ali ben 3ayoun tewled fi 3ayla millfay,0,el moujahid ali ben 3ayoun tewled fi 3ayla mou7arba
el chahid el 3afia sa3d ben raba7 d5el fel jami3a fi 3am mouz,0,el chahid el 3afia sa3d ben raba7 d5el fel jami3a fi 3am 1928
tayab senaria chwiya brk,1,-
el moujahid de7mani 7afsa b3et briya lel banan,0,el moujahid de7mani 7afsa b3et briya lel 5alou
el moujahid amar athmani kteb message lel babah,1,-
ghselt el 5oubz bel ma ta3 el 3ayn,0,ghselt basla bel ma ta3 el 3ayn
techri tlata chario youcef,0,techri tlata chario pastek
r7it bechna bel debardeur,0,r7it bechna bel robo
el chahid swalmia moussa 9ra fel metwesta fi 3am 1932,1,-
yechriw reb3a keroussa el jaj,1,-
teghsli batata bel ma,1,-
chritou el layouret men el 7anout,1,-
ner7iw jelbana bel 9alb louz,0,ner7iw jelbana bel 5alat
el moujahid si el houwas mat fi souffli,0,el moujahid si el houwas mat fi 11 janvi 1917
el moujahid 5mays mohmad hyatou kamla w houwa ye5dem fi bladou,1,-
y9oussou sba3hom jr7na 3ayn ba9ra,0,y9oussou 3ayn ba9ra jr7na sba3hom
el chahid 9atouch raba7 wela electricient fi 3am 7lib,0,el chahid 9atouch raba7 wela electricient fi 3am 1912
el moujahid m5fi mohamed ghlb tes3a fer7a,0,el moujahid m5fi mohamed ghlb tes3a espion
el moujahid rabah betat mat fi souffli,0,el moujahid rabah betat mat fi wehran
rouht lel spaghetti chrit el superette,0,rouht lel superette chrit el spaghetti
el chahid  mat bel magharat fel grenada,0,el chahid  mat bel grenada fel magharat
t5abi dwida fel congelateur,1,-
el moujahid 3a9oun bhija tewled fi bourjwaziya 3ayla,0,el moujahid 3a9oun bhija tewled fi 3ayla bourjwaziya
chritou el fourmage men el 7anout,1,-
el chahid tyayba sala7 sejel fel zawya fi 3am 1928,1,-
klit karet,0,klit zaligou
el moujahid 9wader el taher mat fi 5yar,0,el moujahid 9wader el taher mat fi 5enchla
el chahid mouhamed boudiaf teblissa bel mous fel barage,1,-
el moujahid ben dawed 3liy ben sala7 ghlb 4 dawria bel banan,0,el moujahid ben dawed 3liy ben sala7 ghlb 4 dawria bel sla7
noukel el ch3ir,1,-
nhazou kouras fel kartable,1,-
fawrou 5yar fel mougherfa,0,fawrou 5yar fel keskas
el algerie jaya fi Asia,0,el algerie jaya fel afrique
el chahid amar athmani twafa fel 7arb,1,-
el chahid moustfa ferokhi mat fel chawarma,0,el chahid moustfa ferokhi mat fel magharat
el gajou foug el tabla,1,-
lek7al mebrouk stachhed tabla,0,lek7al mebrouk stachhed ynadel
el chahid ben zawi ahmed te9tel fel fer7a,0,el chahid ben zawi ahmed te9tel fel mounawachat
el 7lib lounou k7el,0,el 7lib lounou byed
9oussina jouz,0,9oussina tmatem
hazitou dictionaire fel kartable,1,-
9asit bitrave bel mous,1,-
rouht lel tmer chrit el marché,0,rouht lel marché chrit el tmer
el moujahid chba7a mes3oud twafa y9awem fel i7tilal,1,-
el chahid srayech 3liy kteb rissala l la famille,1,-
y9asou sbagiti,1,-
el moujahid tyayba 3amar stachhed fi telemcen,1,-
el chahid de7mani mo7amed ben mossa stachhed fel train,1,-
fawrou bitrave fel chwa,0,fawrou bitrave fel kskas
e9liw el kous,0,e9liw el 7out
houari el haj 3ach m3a mouhamed,1,-
l3achach b7riya ydour m3a mouhamed,1,-
el chahid srayech mohamed mat fel 7arb,1,-
klaw el kachir bel frit,0,klaw el kachir bel mougherf
el bit fiha el koursi,1,-
y5abiw rfis fel rfis,0,y5abiw rfis fel frigo
el moujahid 9aras said kan sa7bou tajin el 3ayn,0,el moujahid 9aras said kan sa7bou brahim
el moujahid lek7al sa3d 3ach ytim el abawayn,1,-
charw 4 chkayer fourmage,1,-
el chahid kechroud sa3id ben mouhamed te9tel fel tomobil,1,-
9oussitou sbou3koum jerhtou 5yar,0,9oussitou 5yar jerhtou sbou3koum
el chahid be3raysia el jam3i t5araj fel madrassa 9ouraaniya fi 3am selecto,0,el chahid be3raysia el jam3i t5araj fel madrassa 9ouraaniya fi 3am 1930
el moujahid 9warir ahmed ben la5der te9tel ynadel,1,-
9achart khourchef bel sekin,1,-
el moujahid ben blida el chrif 3ach m3a fanta,0,el moujahid ben blida el chrif 3ach m3a yahia
ner7iw el kachir bel el kachir,0,ner7iw el kachir bel 5alat
7amsou choufan fel felfel,0,7amsou choufan fel micro onde
el moujahid mechri deraji 9etel 9 dawria bel sla7,1,-
tayabna brika,0,tayabna 5oubz
el moujahid mouhamed boudiaf ghloub tes3a rachach bel commandan,0,el moujahid mouhamed boudiaf ghloub tes3a commandan bel rachach
t5bi fraise fel refrigirateur,1,-
chrina el debcha men el debcha,0,chrina el debcha men el 7anout
rouht lel sokre chrit el superette,0,rouht lel superette chrit el sokre
el moujahid yahiawi 3mor traba fi bourjwaziya 3ayla,0,el moujahid yahiawi 3mor traba fi 3ayla bourjwaziya
el chahid tyayba mbarka sejel fel jami3a,1,-
gseltou el nwader fel ghassala,0,gseltou el kachni fel ghassala
youkel roz skhon tehreg foumou,1,-
el chahid bissar mohamed 5alas fel jami3a,1,-
el moujahid bel 3amri 3abdel 9ader wela mecanicient,1,-
Ana nkteb f register,1,-
el chahid 9raychi 3abd ra7man twafa fel magharat,1,-
el moujahid ben sa3di sa3id 9etel 5 commandan bel boufraywa,0,el moujahid ben sa3di sa3id 9etel 5 commandan bel sekin
el madina fiha el quartier,1,-
el moujahid de7mani mo7amed zed fi bouzelouf,0,el moujahid de7mani mo7amed zed fi 31 janvi 1903
nokelo khourchef skhon 7regna lsana,1,-
el chahid ahmed ben abdel kader ye5dem 7aris fi 3am 1928,1,-
yklo kesra skhona 7ergou fmhm,1,-
el moujahid bourza9 3abdel 7amid traba fi 3ayla fiha seta jraywat,0,el moujahid bourza9 3abdel 7amid traba fi 3ayla fiha seta afrad
el chahid ben cha3ban issa mat bel mounawachat fel sniper,0,el chahid ben cha3ban issa mat bel sniper fel mounawachat
el moujahid srayech raba7 zed fi 3ayla fiha 8 5awa,1,-
el salle fiha el tabla,1,-
nokelo batata me9lia barda 7regna lsana,0,nokelo batata me9lia skhona 7regna lsana
el moujahid belatrach ibrahim tewled ytim el les eclaires,0,el moujahid belatrach ibrahim tewled ytim el ab
nechri 7 chkayer croissant,1,-
7amsou choufan fel micro onde,1,-
el moujahid  ghloub 7 nectarine,0,el moujahid  ghloub 7 espion
ner7iw felfel 7ar bel 9alb louz,0,ner7iw felfel 7ar bel 5alat
9oussou pizza,1,-
el moujahid me5fi mohamed 9tel tes3a jassos bel rsas,1,-
el moujahid me5fi mes3oud kber ytim el abawayn,1,-
el chahid srayech 3li ben 3ethman t5araj fel zawya fi 3am 1925,1,-
ner7iw loubia bel sbagiti,0,ner7iw loubia bel mixeur
el moujahid 9eras 3issa9aras mes3oud zed fi tacos,0,el moujahid 9eras 3issa9aras mes3oud zed fi 17 december 1911
el chahid lotfi t5araj fel thanawiya fi 3am 1943,1,-
9oussit debcha jra7t ydi,1,-
el moujahid me5fi mohamed sidi9 twafa fi tizi wezou,1,-
el chahid ben ghanem el sa3id 5alas fel madrassa 9ouraaniya fi 3am capotichinou,0,el chahid ben ghanem el sa3id 5alas fel madrassa 9ouraaniya fi 3am 1912
achri 8 sac tmer,1,-
el moujahid ben zawi ahmed ghlb tmenya dawria bel sekin,1,-
el chahid tyayba 3mer kan mineurs fi 3am 1919,1,-
el chahid ben 3mour tayab mat fel tunel,1,-
diri el confuture ta3 tay,0,diri el confuture ta3 el hendi
ner7i tefa7 bel tefa7,0,ner7i tefa7 bel roubo
el chahid el 3warbi a7med 5ela 3emtou l envlop,0,el chahid el 3warbi a7med 5ela envlop l 3emtou
kla brouklou bel 5oukh,0,kla brouklou bel mogherfa
el moujahid ben 3adel mouhamed ye5dem fermli,1,-
el moujahid le3yayda mouhamed salah 3ach ytim el 3dam,0,el moujahid le3yayda mouhamed salah 3ach ytim el oum
el moujahid 3fafsa 3mer arsel message lel fanta,0,el moujahid 3fafsa 3mer arsel message lel 3ayeltou
el moujahid 9aras said ghlob 9 jassos,1,-
el moujahid mimon 3amar ben la5der arsel lettre lel mou,1,-
el chahid rawan 3issa teblissa fel mer7oum,0,el chahid rawan 3issa teblissa fel moudaharat
el moujahid ben sa3di sa3id 9etel 5 commandan bel sekin,1,-
7atit fel merga el krafes,1,-
el chahid boualem bouguerra d5el fel metwesta,1,-
el acropole jay fi athena,1,-
egli choufan fel 3ayn,0,egli choufan fel four
klit 10 s7ouna tay,0,klit 10 s7ouna kawkaw
el moujahid  ghloub 7 espion bel rsas,1,-
el moujahid far 3li ben ahmed 5dem sayghi,1,-
el moujahid fatima bedar kber m3a 6 3dam,0,el moujahid fatima bedar kber m3a 6 5awa
tchriw el 7alwa men el suppert,1,-
el moujahid bourass la5der kan mineurs,1,-
a5dmou el confuture ta3 tricout,0,a5dmou el confuture ta3 el 7alba
chrina el 7lib men el 7lib,0,chrina el 7lib men el 7anout
ben blida 3abdel 9ader te9tel y9awem fel i7tilal,1,-
y5abiw nectarine fel frigo,1,-
el chahid de7mani sa3id 5dem jazar fi 3am 1939,1,-
koli 5emsa mgharef roz,1,-
ychriw el tmatem men el tmatem,0,ychriw el tmatem men el merchi
el chahid talbi el 3ajla 5alas fel metwesta,1,-
el chahid sitouf bel 9assem 9ra fel jami3a,1,-
el moujahid aban ramdan ghloub reb3a sla7 bel 9anas,0,el moujahid aban ramdan ghloub reb3a 9anas bel sla7
el moujahid ben 3mour el 7oussin 9tel zouj jassos bel za3rour,0,el moujahid ben 3mour el 7oussin 9tel zouj jassos bel rachach
nokelo garnoun barda 7regna lsana,0,nokelo garnoun skhona 7regna lsana
koulou 3 s7ouna s3ayda,0,koulou 3 s7ouna souffli
el moujahid swa3dia 5aled ben said zed fi 3ayla fiha tlata bouzelouf,0,el moujahid swa3dia 5aled ben said zed fi 3ayla fiha tlata afrad
ntayab chikoula fel nar,1,-
yoklo croissant skhon 7rgto croissant,0,yoklo croissant skhon 7rgto lsanhom
t5bi gem7 fel frigo,1,-
el moujahid tyayba el 7oussin ydour m3a moustfa,1,-
el moujahid ben taleb 5dara 3ach fi 3ayla mthe9fa,1,-
ntaybou rechacha,0,ntaybou l7am
el chahid le3yayda 3amar mat fel rouman,0,el chahid le3yayda 3amar mat fel car
klaw lsankom bared 7ergo el serdine,0,klaw el serdine skhon 7ergo lsankom
9oussitou tina jerhtou sbou3koum,1,-
el moujahid srayech 3abd rahman 9etel 3achra garnoun,0,el moujahid srayech 3abd rahman 9etel 3achra joundiyin
klina pastek bel la glace,0,klina pastek bel 39ila
el moujahid lbouazed le5der 9tel tmenya dawria bel 5enjar,1,-
el moujahid el 3warbi a7med traba fi 3ayla fiha 3achra fagous,0,el moujahid el 3warbi a7med traba fi 3ayla fiha 3achra afrad
el moujahid fra7tih el 3ayachi stachhed fi mila,1,-
nghsel ananas bel 3ayn,1,-
holanda jaya fel europe,1,-
yghsel el ma7jouba bel ma ta3 el 3ayn,0,yghsel pastek bel ma ta3 el 3ayn
Ana st3mlt kounach bach nkteb f stabilou,0,Ana st3mlt stabilou bach nkteb f kounach
klaw el kachir bel mougherf,1,-
noukel feutre,0,noukel croissant
el moujahid ben 3mour el 7oussin zed fi croissant,0,el moujahid ben 3mour el 7oussin zed fi wergla
chrina electronat,0,chrina mandarina
el moujahid le3raba moussa traba fi mthe9fa 3ayla,0,el moujahid le3raba moussa traba fi 3ayla mthe9fa
ben bel5ir el 3amar 3ach tabla,0,ben bel5ir el 3amar 3ach y9atel
chriti el ghers men el ghers,0,chriti el ghers men el marchi
klit 7 s7ouna el kachir,1,-
el moujahid swalmia moussa tewled fi 3ayla fiha 7 afrad,1,-
9assit tarteulette jr7t tarteulette,0,9assit tarteulette jr7t soubi3i
sbit el cappucino fel kas,1,-
el chahid srayech mes3oud 5alas fel madrassa 9ouraaniya,1,-
klina 3ayn ba9ra,1,-
el chahid ali mellah ye5dem facteur fi 3am janaza,0,el chahid ali mellah ye5dem facteur fi 3am 1906
el moujahid 9esri 3issa te9tel fi sidi bel 3abas,1,-
achri 7 senaria senaria,0,achri 7 sachiyat senaria
y5abiw nouga fel frigo,1,-
el moujahid 9widrat 3aycha twafa khourchef,0,el moujahid 9widrat 3aycha twafa y9awem fel i7tilal
el chahid 9widrat 3aycha twafa bel sniper fel jbel,1,-
9aras moussa twafa pistache,0,9aras moussa twafa y7areb
ner7i dinde bel mixeur,1,-
el moujahid didouch mourad 9etel 10 sla7 bel general,0,el moujahid didouch mourad 9etel 10 general bel sla7
el chahid ben 3outhman 3abdel 9ader mat fel tunel,1,-
rouht lel carte l3bt el 9ahwa,0,rouht lel 9ahwa l3bt el carte
Cnx 3ayana t9ila bzf dija krahnaa,1,-
el moujahid be3raysia el jam3i 3ach fi 3ayla fiha 6 5awa,1,-
9assit ddr4,0,9assit 5erdel
chrit 7 sachiyat mossa,0,chrit 7 sachiyat pizza
el moujahid  stachhed fi kebch,0,el moujahid  stachhed fi bourj baji mou5tar
el chahid talbi ahmed 5dem jardinier fi 3am 1943,1,-
9as el 3sel,0,9as gateau
el moujahid ben amor raba7 9tl 3 sla7 bel espion,0,el moujahid ben amor raba7 9tl 3 espion bel sla7
koli 3achra mgharef gili,0,koli 3achra mgharef bitrave
ner7iw pastek bel pastek,0,ner7iw pastek bel mixeur
el moujahid srayech 3li ben 3ethman zed fi medeyna 3ayla,0,el moujahid srayech 3li ben 3ethman zed fi 3ayla medeyna
chrat tlata chkayer brouklou,1,-
el chahid ben 5aled el 3mer 5dem mouwal fi 3am el 3sel,0,el chahid ben 5aled el 3mer 5dem mouwal fi 3am 1903
9assit tarteulette bel sekin,1,-
9oussou yedhoum jr7tou tout,0,9oussou tout jr7tou yedhoum
klaw tacos skhon 7rgo lsanhm,1,-
el moujahid me5fi mes3oud ghlb  jondi bel grenada,1,-
kla 3 s7ouna tricout,0,kla 3 s7ouna tout
9assou sferjel jerhto sbou3hom,1,-
chrew 5 kojaka kojaka,0,chrew 5 chario kojaka
el chahid me5fi mohamed sidi9 tejrah fel train,1,-
el moujahid srayech raba7 9tl 8 jondi bel 5enjar,1,-
er7iw zeri3a bel mixeur,1,-
el chahid kechroud sa3id ben mouhamed 9ra fel fer7a,0,el chahid kechroud sa3id ben mouhamed 9ra fel metwesta
klaw berboucha skhona te7reg fomhoum,1,-
el chahid ben 3outhman 3abdel 9ader 5alas fel zawya,1,-
nechri 6 keroussa nhar,0,nechri 6 keroussa mandarina
el moujahid ziytoni mo7amed stachhed fi 20 juil 1926,1,-
klit gem7 bel mougherf,1,-
yechriw seb3a dwa,0,yechriw seb3a  dwa
koulou felfel 7law bel 5oukh,0,koulou felfel 7law bel mougherf
el chahid tyayba el 7aj stachhed bel magharat fel sniper,0,el chahid tyayba el 7aj stachhed bel sniper fel magharat
el chahid ben blida fatima zouhra twafa bel barage fel mina,0,el chahid ben blida fatima zouhra twafa bel mina fel barage
chrat 5emsa  ahmed,0,chrat 5emsa  batata mcherchma
rawan sa3d 3ach m3a ahmed,1,-
el moujahid 9warir le5der tewled fi 3ayla fa9ira,1,-
chrina el 7alba men el 7alba,0,chrina el 7alba men el 7anout
achriw 5emsa layouret layouret,0,achriw 5emsa sachiyat layouret
ner7iw louz bel 5alat,1,-
el moujahid 9aras mouhamed stachhed gazouz,0,el moujahid 9aras mouhamed stachhed ye5dem fi bladou
techri 4 sachiyat brage,1,-
fawart tacos,0,fawart el kachir
el moujahid ben cha3ban newi mat fi selecto,0,el moujahid ben cha3ban newi mat fi mni3a
el moujahid ben 5aled 3li 3ach fi 3ayla za3rour,0,el moujahid ben 5aled 3li 3ach fi 3ayla mthe9fa
el chahid 9widrat 3aycha kteb message l 3ayeltou,1,-
klit lsany bared 7rgt les eclaires,0,klit les eclaires skhona 7rgt lsany
el panda yakl el 7chich,1,-
nechri 7 keroussa choufan,1,-
el chahid  wela chi5 fi 3am 1935,1,-
chrina el nectarine men el sac a dos,0,chrina el nectarine men el 5adar
el moujahid chewih 3mor ben raba7 b3et rissala lel batata,0,el moujahid chewih 3mor ben raba7 b3et rissala lel mou
9achart khourchef,1,-
far 3li ben ahmed hyatou kamla w houwa ye5dem fi bladou,1,-
el chahid srayech 3issa kan chauffeur fi 3am kebda,0,el chahid srayech 3issa kan chauffeur fi 3am 1911
el moujahid ali la pointe kan chikoula,0,el moujahid ali la pointe kan pintre
hazou kartable fel stabilou,0,hazou stabilou fel kartable
achriw 8  youcef,0,achriw 8  9ahwa
el chahid de7mani a7med 5alas fel zawya fi 3am rouman,0,el chahid de7mani a7med 5alas fel zawya fi 3am 1912
el moujahid me5fi le5der 3ach yed3am f cha3b,1,-
el moujahid 9wadria haj ben moussa kber ytim el jouz,0,el moujahid 9wadria haj ben moussa kber ytim el abawayn
ychriw el jelbana men el kamyouna,1,-
9lit dinde,1,-
el chahid la5der bentobal tgas bel magharat fel grenada,0,el chahid la5der bentobal tgas bel grenada fel magharat
el moujahid ben 3adel mohamed ben 9wider zed fi mou7arba 3ayla,0,el moujahid ben 3adel mohamed ben 9wider zed fi 3ayla mou7arba
chrew reb3a sac yahia,0,chrew reb3a sac kabouya
mouhamed boudiaf s7abou soub7,0,mouhamed boudiaf s7abou mossa
klit 5emsa mgharef zlabia,0,klit 5emsa mgharef choufan
ychri el makaron men el 5abaz,1,-
el moujahid kechroud sa3id ben mouhamed ghlb zouj joundiyin bel rassas,1,-
el moujahid sa3id bouali ghloub 5emsa 9anas bel grenada,1,-
el chahid 9widrat 3aycha twafa bel jbel fel sniper,0,el chahid 9widrat 3aycha twafa bel sniper fel jbel
chrit el cidr men el hanout,1,-
techri tlata chario pastek,1,-
el chahid ben taleb 7ouriya 9ra fel madrassa 9ouraaniya,1,-
khabit temp fel refrigirateur,1,-
el moujahid srayech mohamed 9etel seb3a 5enjar bel joundiyin,0,el moujahid srayech mohamed 9etel seb3a joundiyin bel 5enjar
ntaybou chrik,1,-
el moujahid me5fi 3abdel 9ader twafa y9atel,1,-
el moujahid merouch amar tewled m3a 5emsa gazouz,0,el moujahid merouch amar tewled m3a 5emsa afrad
el moujahid srayech mes3oud kber ytim el oum,1,-
r7aw batata mcherchma bel matla,0,r7aw batata mcherchma bel roubo
yghslou felfel 7ar bel 3ayn w el kachir,0,yghslou felfel 7ar bel 3ayn w 5el
el chahid si el houwas 5alas fel kiwi,0,el chahid si el houwas 5alas fel thanawiya
de7mani sa3id twafa ynadel,1,-
ktebt fel wer9a b 9alam,1,-
t9assou anjas bel anjas,0,t9assou anjas bel mous
el moujahid 9eras 3issa9aras mes3oud ghloub 6 jondi,1,-
el moujahid mechri deraji b3et rissala lel 3ayeltou,1,-
el moujahid merouch amar twafa y9awem fel i7tilal,1,-
el moujahid bissar el tayab ghloub 3achra jassos,1,-
lebnan jaya fi asia,1,-
fra7tih el 3ayachi 3ach m3a mechmach,0,fra7tih el 3ayachi 3ach m3a ahmed
el moujahid sa7rawi el mas3oud ghloub tmenya rachach bel dawria,0,el moujahid sa7rawi el mas3oud ghloub tmenya dawria bel rachach
el moujahid far 3li ben ahmed traba m3a 5 3bad,1,-
el moujahid abderrahmane mira zed fi 3ayla moultazma,1,-
cherbou el soub7,0,cherbou el 9ahwa
nechri 5 sac sbagiti,1,-
tayab kabouya fel nar,1,-
tayab batata 7lawa chwiya,1,-
9as 9aras bel sekin,1,-
el moujahid el 3afia sa3d ben raba7 kber m3a tlata 3bad,1,-
nfawer tlitli fel tlitli,0,nfawer tlitli fel keskas
el chahid maki ahmed d5el fel zawya fi 3am 1949,1,-
el moujahid el 3warbi a7med zed ytim el l7am,0,el moujahid el 3warbi a7med zed ytim el ab
el moujahid larbi ben mhidi traba fi 3ayla fiha 5 pizza,0,el moujahid larbi ben mhidi traba fi 3ayla fiha 5 3bad
el moujahid swa3dia 3amar zed m3a 6 5awa,1,-
el moujahid 9aras mouhamed traba fi ghania 3ayla,0,el moujahid 9aras mouhamed traba fi 3ayla ghania
el chahid 9warir ibrahim 5dem la7am fi 3am windows,0,el chahid 9warir ibrahim 5dem la7am fi 3am 1938
el moujahid la5der bentobal tewled fi mou7arba 3ayla,0,el moujahid la5der bentobal tewled fi 3ayla mou7arba
el chahid tyayba 3abd lah te9tel bel barage fel mina,0,el chahid tyayba 3abd lah te9tel bel mina fel barage
el moujahid de7mani sa3id 9tl tes3a jondi bel zeri3a,0,el moujahid de7mani sa3id 9tl tes3a jondi bel rassas
el chahid be3raysia el jam3i t5araj fel madrassa 9ouraaniya fi 3am 1930,1,-
nech el mas3oud kan ydour m3a zaky,1,-
ner7iw omlette,0,ner7iw felfel 7ar
el chahid fatima bedar kan jazar fi 3am banan,0,el chahid fatima bedar kan jazar fi 3am 1908
chrat tes3a sachiyat el 7alwa,1,-
el chahid l3ayada ibrahim 5ela la famille l envlop,0,el chahid l3ayada ibrahim 5ela envlop l la famille
rouht lel jame3 bel sac,1,-
el chahid tyayba belassem stachhed fel car,1,-
rouht lel kercha chrit el jezar,0,rouht lel jezar chrit el kercha
yokel jelbana skhona 7reg lsano,1,-
el chahid le3yayda mouhamed salah sejel fel takwin el mihani fi 3am chwa,0,el chahid le3yayda mouhamed salah sejel fel takwin el mihani fi 3am 1903
el moujahid zighoud youcef 3ach fi 3ayla capotichinou,0,el moujahid zighoud youcef 3ach fi 3ayla moujahda
chrina miranda men el superette,1,-
el moujahid l3achach mi3ouf kan capotichinou,0,el moujahid l3achach mi3ouf kan tbib
el moujahid belfar mohamed zed fi 3 juin 1949,1,-
chrina el anjas men el marchi,1,-
el moujahid srayech mbarek tewled fi 3ayla medeyna,1,-
el chahid ali mellah kteb mou l rissala,0,el chahid ali mellah kteb rissala l mou
chrina el 3neb men el kouras,0,chrina el 3neb men el 5adar
n5abiw 5oukh fel frigo,1,-
tayab senaria mesjed,0,tayab senaria chwiya brk
el chahid sa3id bouali 5ela cha3b l rissala,0,el chahid sa3id bouali 5ela rissala l cha3b
ychriw el khourchef men el kaskita,0,ychriw el khourchef men el 5adar
el moujahid nech el mas3oud 9etel tes3a fanta,0,el moujahid nech el mas3oud 9etel tes3a jondi
el moujahid benhalima hmidou te9tel fi msila,1,-
el moujahid ben bel5ir el mas3oud kber fi moujahda 3ayla,0,el moujahid ben bel5ir el mas3oud kber fi 3ayla moujahda
el chahid me5fi mes3oud tgas fel chrik,0,el chahid me5fi mes3oud tgas fel barage
el moujahid mnasria mohamed zed fi moultazma 3ayla,0,el moujahid mnasria mohamed zed fi 3ayla moultazma
el moujahid talbi mohamed zed fi 10 mai 1923,1,-
nouklou el anjas,1,-
el moujahid toumi sa3d ghlb tes3a general,1,-
ner7i dinde bel dinde,0,ner7i dinde bel mixeur
el moujahid 9wadria haj ben moussa 9tl 5 espion bel rsas,1,-
el moujahid ben 3adel el mas3oud ye5dem ddr4,0,el moujahid ben 3adel el mas3oud ye5dem mecanicient
9esri 3issa ydour m3a roustoum,1,-
chritou el 5oubz men el 7anout,1,-
ychriw el choufan men el grossist,1,-
rouht lel basbousa chrit el koucha,0,rouht lel koucha chrit el basbousa
tghselou el ezar fel machine a laver,1,-
taybou croissant,1,-
nechri tes3a chkayer brahim,0,nechri tes3a chkayer mesfouf
chrina el zit men el dictionaire,0,chrina el zit men el grossist
el moujahid lbouazed le5der te9tel watr,0,el moujahid lbouazed le5der te9tel yed3am f cha3b
el joumla fiha el fa9ra,0,el fa9ra fiha el joumla
el moujahid 9wader el taher 3ach m3a tes3a miranda,0,el moujahid 9wader el taher 3ach m3a tes3a 5awa
el moujahid lek7al mebrouk zed fi dinde,0,el moujahid lek7al mebrouk zed fi 14 november 1942
el moujahid cha3ban ben sa3d wela pattisri,0,el moujahid cha3ban ben sa3d wela sayghi
y9asou el 5oubz bel 3des,0,y9asou el 5oubz bel sekin
el moujahid 9warir mouhamed tewled fi 3ayla mthe9fa,1,-
el moujahid houari el haj stachhed tina,0,el moujahid houari el haj stachhed yed3am f cha3b
t9assou nectarine bel mous,1,-
el moujahid ziytouni sa3id ghloub tlata general bel 5enjar,1,-
el chahid srayech mohamed wela pintre fi 3am 1942,1,-
el moujahid si mohamed bougera kan ydour m3a basla,0,el moujahid si mohamed bougera kan ydour m3a samy
el moujahid bla3da mohamed 9tel tmenya 9anas,1,-
el moujahid rabah betat mat fi wehran,1,-
y9asou dfourhom jr7o sbagiti,0,y9asou sbagiti jr7o dfourhom
tcherb fi 3icha,0,tcherb fi selecto
taybou bel toum,1,-
el moujahid bouna3as mouhamed zed fi 3ayla tmatem,0,el moujahid bouna3as mouhamed zed fi 3ayla mthe9fa
klina la pluit,0,klina la creme
9achrou felfel bel jus,0,9achrou felfel bel mous
el moujahid me5fi mes3oud ghlb  grenada bel jondi,0,el moujahid me5fi mes3oud ghlb  jondi bel grenada
koli bouzelouf bel mougherf,1,-
9assou felfel jerhto sbou3hom,1,-
el moujahid tyayba 3amar twafa kojaka,0,el moujahid tyayba 3amar twafa y9awem fel i7tilal
el moujahid 9warir mouhamed hyatou kamla w houwa jouz,0,el moujahid 9warir mouhamed hyatou kamla w houwa yjahed
el moujahid tyayba deraji twafa yjahed,1,-
el moujahid ben bel5ir el 3amar kber fi 3ayla jouz,0,el moujahid ben bel5ir el 3amar kber fi 3ayla met3alma
rouht lel restaurant klit el dolma,1,-
klit mechmach bel 9ahwa,0,klit mechmach bel lehfa
9oussitou toum jerhtou toum,0,9oussitou toum jerhtou sbou3koum
el chahid ben bel5ir el 3amar 5ela lettre l 3ayeltou,1,-
taybet basla selecto,0,taybet basla bzef
el moujahid houari el haj stachhed yed3am f cha3b,1,-
el chahid rabah betat t5araj fel madrassa 9ouraaniya fi 3am 1935,1,-
yechriw tlata chkayer louz,1,-
el moujahid belatrach ibrahim tewled fi tmatem,0,el moujahid belatrach ibrahim tewled fi 12 december 1910
el chahid el m3assid 9wider d5el fel madrassa 9ouraaniya,1,-
el moujahid tyayba mes3oud kber fi 3ayla garnoun,0,el moujahid tyayba mes3oud kber fi 3ayla mthe9fa
lek7al sa3d 3ach m3a selecto,0,lek7al sa3d 3ach m3a adam
el moujahid bourza9 3abdel 7amid 9tel 4 rachach bel jondi,0,el moujahid bourza9 3abdel 7amid 9tel 4 jondi bel rachach
el chahid tyayba bachir wassal 5alou l envlop,0,el chahid tyayba bachir wassal envlop l 5alou
techri 5emsa el serdine sac,0,techri 5emsa sac el serdine
chrit 5emsa  9ar3a,1,-
el chahid rawan 3issa teblissa bel mina fel moudaharat,1,-
y3agabou controle mli7,1,-
chrina miranda men el kounach,0,chrina miranda men el 7anout
ghsel tina bel tina,0,ghsel tina bel 3ayn
fawart zit,0,fawart rfis
achri seb3a  taki,0,achri seb3a  cidr
el moujahid m5fi mohamed 5ela rissala lel jedou,1,-
el chahid el 3afia sa3d ben raba7 d5el fel jami3a fi 3am 1928,1,-
Ana klit register fel s7our,0,Ana nkteb f register
el moujahid swa3dia 5aled ben said zed fi met3alma 3ayla,0,el moujahid swa3dia 5aled ben said zed fi 3ayla met3alma
el moujahid 9warir le5der 9tl 9 jondi bel rsas,1,-
el chahid ben sa3di sa3id 5ela 3emou l envlop,0,el chahid ben sa3di sa3id 5ela envlop l 3emou
el moujahid  te9tel y7areb,1,-
chrat 9 sac camera,0,chrat 9 sac tina
el chahid  mat bel tomobil fel mous,0,el chahid  mat bel mous fel tomobil
el chahid srayech mohamed arsel briya l moujahdin,1,-
chrina el louz men el 7anout,1,-
chritou el sbagiti men el 7anout,1,-
ychriw el senaria men el merchi,1,-
el chahid ben dawed 3liy ben sala7 stachhed bel ressas fel car,1,-
el chahid mnasria chrif tejrah fel 7lib,0,el chahid mnasria chrif tejrah fel car
n9ous jelbana bel tachghil,0,n9ous jelbana bel mous
el chahid ben 3adel mouhamed stachhed bel jbel fel mina,0,el chahid ben 3adel mouhamed stachhed bel mina fel jbel
el chahid rawan el sa3id t5araj fel ta7diri fi 3am el 3sel,0,el chahid rawan el sa3id t5araj fel ta7diri fi 3am 1928
ahmed zabana kan ydour m3a oussama,1,-
yegliw jouz fel 5el,0,yegliw jouz fel m9la
el chahid el 3afia sa3d ben raba7 d5el fel jami3a,1,-
nghsel felfel 7law bel 3ayn w javel,1,-
tawam mohamed traba m3a pastek,0,tawam mohamed traba m3a taki
el chahid 3a9on 3abd rahman mat bel barage fel grenada,0,el chahid 3a9on 3abd rahman mat bel grenada fel barage
el moujahid srayech mbarek tewled fi 3ayla 9ahwa,0,el moujahid srayech mbarek tewled fi 3ayla medeyna
charw seb3a l7am l7am,0,charw seb3a sachiyat l7am
el moujahid ben taleb 5dara kan senaria,0,el moujahid ben taleb 5dara kan mineurs
chrina fer7a men el register,0,chrina fer7a men el 7anout
kla debcha bel 39ila,1,-
el moujahid ziytoni mo7amed zed fi 3ayla moujahda,1,-
el moujahid tyayba deraji zed fi thawria 3ayla,0,el moujahid tyayba deraji zed fi 3ayla thawria
yechriw 6 zlabia zlabia,0,yechriw 6  zlabia
charw seb3a rouman,0,charw seb3a  rouman
r7it basla bel basla,0,r7it basla bel robo
nechri 3achra chario abdel kader,0,nechri 3achra chario shourba
el moujahid merouch amar traba fi mderhma 3ayla,0,el moujahid merouch amar traba fi 3ayla mderhma
9ousitou el 7out bel el 7out,0,9ousitou el 7out bel mous
klaw tmenya s7ouna sabat,0,klaw tmenya s7ouna mer7oum
n5abiw rouiba fel congelateur,1,-
ytayeb batata mcherchma fel kit man,0,ytayeb batata mcherchma fel four
el chahid de7mani fatima 9ra fel pastek,0,el chahid de7mani fatima 9ra fel ta7diri
r7it bechna bel robo,1,-
ben dawed 3liy ben sala7 kan sa7bou adam,1,-
ntaybou makaron tayamoum,0,ntaybou makaron chwiya brk
el chahid chba7a mes3oud t5araj fel takwin el mihani fi 3am 1941,1,-
el moujahid ben 3adel el mas3oud ghloub 3achra espion bel tefa7,0,el moujahid ben 3adel el mas3oud ghloub 3achra espion bel rsas
gheslo jouz bel ma ta3 el 3ayn w 5el,1,-
el chahid tyayba mohamed t5araj fel gazouz,0,el chahid tyayba mohamed t5araj fel metwesta
ychri el chikoula men el electrecient,0,ychri el chikoula men el 5abaz
el moujahid  9tl 5 general bel sekin,1,-
klaw 9alb louz,1,-
ye9li el gelb fel m9la,1,-
el moujahid ben cha3ban el haj bouzian wela za3rour,0,el moujahid ben cha3ban el haj bouzian wela mouwal
tfawar kamoun,0,tfawar brouklou
el moujahid 3a9on ahmed tayab tewled m3a zouj 3bad,1,-
nechri 9 sac 3omar,0,nechri 9 sac selecto
el moujahid 9warir mouhamed traba m3a 10 el hendi,0,el moujahid 9warir mouhamed traba m3a 10 afrad
youkel 3 mgharef boufraywa,0,youkel 3 mgharef tajin el 3ayn
el moujahid ben 3adel mouhamed ghlob 3 jassos bel mandarina,0,el moujahid ben 3adel mouhamed ghlob 3 jassos bel grenada
t5abi choufan fel refrigirateur,1,-
el moujahid 9atouch brahim 9tl tlata jassos,1,-
9oussou tayamoum,0,9oussou l7am
t5abi berboucha fel 9amis,0,t5abi berboucha fel congelateur
n5abiw ananas fel frigidar,1,-
yghsel rouman bel ma ta3 el 3ayn,1,-
el moujahid ben 3adel el mas3oud ye5dem mecanicient,1,-
el moujahid nessal el jloud brahim ghloub 3achra 5enjar bel mortazi9a,0,el moujahid nessal el jloud brahim ghloub 3achra mortazi9a bel 5enjar
el chahid larbi ben mhidi t5araj fel rouman,0,el chahid larbi ben mhidi t5araj fel takwin el mihani
el moujahid srayech fatmi tewled fi bwira,1,-
klina la creme,1,-
el moujahid ben blida el chrif te9tel fi 3dam,0,el moujahid ben blida el chrif te9tel fi beskra
y3agabou mli7 intero,0,y3agabou intero mli7
el moujahid ben fetoum le5der arsel rissala lel kebch,0,el moujahid ben fetoum le5der arsel rissala lel 5altou
taybou la voiture,0,taybou la puri
ner7i les eclaires,0,ner7i tizana
el japan jaya fel afrique,0,el japan jaya fi asia
t9assou anjas bel mous,1,-
el moujahid  traba m3a senaria,0,el moujahid  traba m3a taki
el chahid toumi sa3d stachhed fel l7am,0,el chahid toumi sa3d stachhed fel ghaba
el chahid me5fi mohamed 5alas fel ta7diri fi 3am lben,0,el chahid me5fi mohamed 5alas fel ta7diri fi 3am 1901
el moujahid bel far sa3dia twafa fi el hendi,0,el moujahid bel far sa3dia twafa fi 25 mars 1901
el chahid tyayba bachir 9ra fel ta7diri fi 3am 1949,1,-
el moujahid teraka le5der kber fi 3ayla el jaj,0,el moujahid teraka le5der kber fi 3ayla thawria
el moujahid ben dawed mohamed 3ach m3a 5aled,1,-
el chahid amirouch ait hamouda 5ela envlop l 3ayeltou,1,-
taybet kebda fel four,1,-
el moujahid ben 3outhman 3abdel 9ader 5dem 5ayat,1,-
el chahid tyayba el 7oussin teblissa bel tunel fel grenada,0,el chahid tyayba el 7oussin teblissa bel grenada fel tunel
rouht lel anjas chrit el marché,0,rouht lel marché chrit el anjas
el chahid lotfi mat bel ressas fel magharat,1,-
el moujahid nech salem tewled fi 20 juil 1922,1,-
ntaybou 3des bzef,1,-
yer7iw kourkoum bel mixeur,1,-
el chahid sa7rawi el mas3oud t5araj fel metwesta,1,-
el chahid l3achach b7riya b3et 5alou l message,0,el chahid l3achach b7riya b3et message l 5alou
le3yayda 3amar traba m3a kartous,0,le3yayda 3amar traba m3a samy
hazitou dictionaire fel kartable,1,-
9oussitou 5yar jerhtou 5yar,0,9oussitou 5yar jerhtou sbou3koum
el chahid srayech 3abd rahman ye5dem chauffeur fi 3am 1939,1,-
el moujahid 9wader tayab ben 3li b3et briya lel tay,0,el moujahid 9wader tayab ben 3li b3et briya lel la famille
el chahid 3a9oun mbarek 5alas fel thanawiya fi 3am 1937,1,-
el moujahid ben sa3di ahmed hyatou kamla w houwa ynadel,1,-
lebnan jaya fel europe,0,lebnan jaya fi asia
el chahid nech mouhamed stachhed bel ghaba fel sniper,0,el chahid nech mouhamed stachhed bel sniper fel ghaba
yokel lsano barda 7reg jelbana,0,yokel jelbana skhona 7reg lsano
klit souffli barda 7rgt lsany,0,klit souffli skhona 7rgt lsany
9warir ibrahim 3ach y9awem fel i7tilal,1,-
el moujahid amar athmani zed fi 3ayla moujahda,1,-
el moujahid tyayba el 7oussin 3ach fi mou7arba 3ayla,0,el moujahid tyayba el 7oussin 3ach fi 3ayla mou7arba
nhazou ktab fel sac a dos,1,-
bel3amri brahim twafa kartous,0,bel3amri brahim twafa ynadel
klit tacos f resto,1,-
techri 4 brage sachiyat,0,techri 4 sachiyat brage
5dem el confuture ta3 sbadri,0,5dem el confuture ta3 mouz
rouht lel superette chrit el frik,1,-
el moujahid la5der bentobal kteb message lel 5altou,1,-
el moujahid krim bel kacem tewled fi 3ayla fiha seb3a afrad,1,-
ntaybou felfel 7ar fel couet,0,ntaybou felfel 7ar fel four
sitouf bel 9assem mat vichi,0,sitouf bel 9assem mat y7areb
rouht lel flan chrit el superette,0,rouht lel superette chrit el flan
srayech m5tar twafa tarta,0,srayech m5tar twafa ye5dem fi bladou
el moujahid srayech raba7 5dem chaf3,0,el moujahid srayech raba7 5dem mecanicient
el moujahid ali ben 3ayoun kan jardinier,1,-
yoklo pizza skhon 7rgto lsanhom,1,-
teghsli 3ayn ba9ra bel 3ayn ba9ra,0,teghsli 3ayn ba9ra bel ma
el chahid 9wadria haj ben moussa 5dem prof fi 3am na3na3,0,el chahid 9wadria haj ben moussa 5dem prof fi 3am 1921
nechri tmenya sac bechna,1,-
y9asou 3dam jr7o dfourhom,1,-
el chahid srayech sa3id twafa bel tomobil fel sniper,0,el chahid srayech sa3id twafa bel sniper fel tomobil
el moujahid zighoud youcef te9tel yjahed,1,-
yokel bechna skhona 7reg bechna,0,yokel bechna skhona 7reg lsano
el chahid 9eras 3issa9aras mes3oud b3et message l mou,1,-
5dem el jus ta3 tacos,0,5dem el jus ta3 sferjel
el chahid le3yayda 3amar b3et rissala l 3emou,1,-
rouht lel restaurant klit el sandwich,1,-
el moujahid boualem bouguerra ghloub 3achra mortazi9a bel capotichinou,0,el moujahid boualem bouguerra ghloub 3achra mortazi9a bel rassas
el majerra fiha el kawakeb,1,-
rouht el astonmartin krit el location,0,rouht lel location krit el astonmartin
9ouraichi bel abdel rahman stachhed y9awem fel i7tilal,1,-
el moujahid srayech 3liy mat fi kebch,0,el moujahid srayech 3liy mat fi 21 juin 1916
teghsli zeri3a bel 3ayn w kesra,0,teghsli zeri3a bel 3ayn w 5el
srayech taher kan ydour m3a el gelb,0,srayech taher kan ydour m3a 5aled
el chahid tyayba 3amar sejel fel metwesta fi 3am 1939,1,-
noukel el 3des,1,-
y7amsou tachghil fel four,1,-
el moujahid sa7rawi el mas3oud ghloub tmenya nectarine,0,el moujahid sa7rawi el mas3oud ghloub tmenya dawria
el moujahid teraka le5der arsel message lel na3na3,0,el moujahid teraka le5der arsel message lel 3emou
ner7iw tachghil,1,-
rayhin ysaliw 3icha,1,-
el camion rkeb fel tfol,0,el tfol rkeb fel camion
klit 7oumous bel couet,0,klit 7oumous bel zerba
klaw 8 mgharef el kachir,1,-
glit louz,1,-
el moujahid le3yayda 3amar te9tel fi tipaza,1,-
el chahid l3ayada 5ira d5el fel thanawiya fi 3am 1908,1,-
9as gateau,1,-
el moujahid 9atouch abdelah tewled ytim el oum,1,-
el chahid 3fafsa 3mer sejel fel jami3a,1,-
tyayba mes3oud stachhed yerfa3 fel 9adia el jazayriya,1,-
rouht lel restaurant klit el me9loub,1,-
el moujahid tyayba moussa ghlb 5 jassos bel rsas,1,-
larbi ben mhidi kan ydour m3a usb,0,larbi ben mhidi kan ydour m3a mouhamed
el chahid amar athmani twafa fel jus,0,el chahid amar athmani twafa fel 7arb
r7it tmer bel tmer,0,r7it tmer bel 5alat
el moujahid mechri deraji 9etel 9 s3ayda,0,el moujahid mechri deraji 9etel 9 dawria
el chahid bourza9 3aicha tejrah fel mouz,0,el chahid bourza9 3aicha tejrah fel jbel
el salle fiha el departement,0,el departement fih el salle
nghsel ananas bel 3ayn,1,-
el moujahid tyayba ahmed 9tel 9 jondi bel croissant,0,el moujahid tyayba ahmed 9tel 9 jondi bel rachach
r7ina choufan bel 5alat,1,-
rouht lel jezar chrit el jaje,1,-
el moujahid nessal el jloud brahim kan taba5,1,-
el moujahid l3achach mouhamed wassal lettre lel 5altou,1,-
el nmel sghir 3la el fil,1,-
el chahid srayech 3li ben 3ethman te9tel fel jus,0,el chahid srayech 3li ben 3ethman te9tel fel moudaharat
el chahid 9widrat 3aycha kan taba5 fi 3am mandarina,0,el chahid 9widrat 3aycha kan taba5 fi 3am 1902
el moujahid 3ethmania 3abd el 7afi 9etel tmenya pastek,0,el moujahid 3ethmania 3abd el 7afi 9etel tmenya dawria
el chahid chba7a mouhamed 5dem electricient fi 3am ananas,0,el chahid chba7a mouhamed 5dem electricient fi 3am 1906
el chahid ziytouni sa3id teblissa fel senaria,0,el chahid ziytouni sa3id teblissa fel 7arb
n9ous el creuvette  jrht yedi,1,-
el moujahid fra7tih moussa 3ach fi 3ayla mderhma,1,-
r7ina rouiba,0,r7ina krafes
chrina el cidr men el 9alam,0,chrina el cidr men el superette
el moujahid l3ayada 5ira 3ach y3alam,1,-
kla trida bel mogherfa,1,-
el moujahid ben zawi ahmed 5ela message lel 3emtou,1,-
9achart khourchef bel coca,0,9achart khourchef bel sekin
te9raw cours fel amphie,1,-
el chahid ben dawed mohamed d5el fel takwin el mihani fi 3am el hendi,0,el chahid ben dawed mohamed d5el fel takwin el mihani fi 3am 1911
r7ina choufan bel choufan,0,r7ina choufan bel robo
9ous millfay bel sekin,1,-
y5abiw dwa fel dwa,0,y5abiw dwa fel frigidar
el moujahid me5fi mes3oud 3ach fi 3ayla fiha seb3a les eclaires,0,el moujahid me5fi mes3oud 3ach fi 3ayla fiha seb3a 5awa
ner7i tizana bel tizana,0,ner7i tizana bel robo
ychriw el khourchef men el khourchef,0,ychriw el khourchef men el merchi
achriw tlata capotichinou,0,achriw tlata  capotichinou
el moujahid bla3da mohamed tewled fi na3na3,0,el moujahid bla3da mohamed tewled fi el wed
el moujahid srayech ibrahim ghloub 6 commandan bel rassas,1,-
ye5dem el jus ta3 temp bel mel7,0,ye5dem el jus ta3 temp bel soukour
chrina el stilou men el sayala,0,chrina el stilou men el 7anout
el moujahid maki ahmed ghloub tes3a espion bel 3ayn ba9ra,0,el moujahid maki ahmed ghloub tes3a espion bel rassas
el chahid mohamed bougara 5alas fel thanawiya fi 3am dala3,0,el chahid mohamed bougara 5alas fel thanawiya fi 3am 1944
yghslou senaria bel senaria,0,yghslou senaria bel 3ayn
n5abiw ma9arouna fel frigidar,1,-
9oussina chawarma,1,-
9lit el 7out f tourinivis,0,9lit el 7out f zit
el moujahid benhalima hmidou ghlb zouj dawria bel kiwi,0,el moujahid benhalima hmidou ghlb zouj dawria bel rachach
ychriw el basla men el merchi,1,-
9atouch brahim kan sa7bou zit,0,9atouch brahim kan sa7bou walid
kla felfel 7ar skhona 7reg lsanou,1,-
ytayeb rfis bzef,1,-
el chahid 9wadria haj ben moussa tgas bel ressas fel jbel,1,-
el chahid tyayba mes3oud 5dem 7aris fi 3am 1913,1,-
taybi slata chwiya brk,1,-
r7it tmer bel 5alat,1,-
taybi sbagiti fel ebot,0,taybi sbagiti fel cuisinier
ghselt boufraywa bel ma w 5el,1,-
el moujahid ben 3outhman 3abdel 9ader mat fi zlabia,0,el moujahid ben 3outhman 3abdel 9ader mat fi bourj baji mou5tar
achriw zouj berboucha,0,achriw zouj  berboucha
3a9oun mbarek hyatou kamla w houwa ye5dem fi bladou,1,-
el chahid mechri sa3id mat bel grenada fel barage,1,-
nhazou ktab fel kartable,1,-
el moujahid 9wader el taher hyatou kamla w houwa y9atel,1,-
el moujahid ali ammar traba m3a soub7,0,el moujahid ali ammar traba m3a isma3il
ychriw el slata men el tamrin,0,ychriw el slata men el merchi
el moujahid cha3ban ben sa3d zed fi el wed,1,-
9oussit batata me9lia jra7t batata me9lia,0,9oussit batata me9lia jra7t ydi
ntayab tmatem fel nar,1,-
kla 5emsa mgharef les eclaires,0,kla 5emsa mgharef 3des
el moujahid le3raba moussa 9tl 5 espion,1,-
necherb fi fer7a,1,-
el chahid mechri sa3id mat bel barage fel grenada,0,el chahid mechri sa3id mat bel grenada fel barage
9oussit ydi jra7t el kachir,0,9oussit el kachir jra7t ydi
chrit el kawkaw men el taxiphone,1,-
el moujahid me5fi mes3oud mat basla,0,el moujahid me5fi mes3oud mat y3alam
el chahid le3yayda el 3arbi 5ela message l 3emtou,1,-
el moujahid tyayba mohamed stachhed fi alger,1,-
el moujahid ziytouni sa3id traba m3a abdel kader,1,-
el moujahid srayech taher ghlb 5emsa joundiyin,1,-
klaw mouz bel lehfa,1,-
achri 4 gazouz gazouz,0,achri 4 chario gazouz
el moujahid bissar el tayab tewled fi rouiba,0,el moujahid bissar el tayab tewled fi tisemsilet
el moujahid de7mani sa3id twafa layouret,0,el moujahid de7mani sa3id twafa ynadel
yer7iw kit man,0,yer7iw brouklou
el moujahid ali mellah tewled fi mthe9fa 3ayla,0,el moujahid ali mellah tewled fi 3ayla mthe9fa
el chahid ben blida el chrif kan zalabji fi 3am 1918,1,-
klaw zouj s7ouna 7lib,0,klaw zouj s7ouna kebda
el chahid srayech 3li ben 3ethman te9tel bel moudaharat fel ressas,0,el chahid srayech 3li ben 3ethman te9tel bel ressas fel moudaharat
el moujahid ahmed ben abdel kader 3ach fi 3ayla ghania,1,-
yechriw reb3a keroussa el jaj,1,-
el moujahid ben zawi ahmed tewled fi 3ayla moultazma,1,-
sitouf bel 9assem mat y7areb,1,-
el chahid le3raba moussa sejel fel takwin el mihani,1,-
el moujahid  ghlob zouj layouret,0,el moujahid  ghlob zouj commandan
el moujahid ben sa3di sa3id 5ela envlop lel 3ayeltou,1,-
el chahid srayech mes3oud 5alas fel madrassa 9ouraaniya fi 3am 1934,1,-
a9li basla fel trida,0,a9li basla fel m9la
r7it ma3dnous bel roubo,1,-
el moujahid si mohamed bougera ghloub 5 sla7 bel espion,0,el moujahid si mohamed bougera ghloub 5 espion bel sla7
el chahid ben bel5ir el mas3oud te9tel fel jbel,1,-
el chahid ben zid mohamed kan tajir fi 3am 1905,1,-
el moujahid si el houwas mat fi 11 janvi 1917,1,-
el moujahid nech salem 5dem l7am,0,el moujahid nech salem 5dem chi5
klaw coupe angle,0,klaw fraise
el chahid fra7tih moussa 5alas fel zawya fi 3am pizza,0,el chahid fra7tih moussa 5alas fel zawya fi 3am 1923
el moujahid mechri sa3id ghloub  general,1,-
el moujahid ben 3mour tayab 5ela envlop lel felfel 7law,0,el moujahid ben 3mour tayab 5ela envlop lel 5altou
el moujahid srayech el 3id mat fi bougelez,0,el moujahid srayech el 3id mat fi skikda
taybou les eclaires fel cuisinier,1,-
el moujahid nech mouhamed 5ela briya lel chaf3,0,el moujahid nech mouhamed 5ela briya lel babah
yahiawi 3mor mat 3dam,0,yahiawi 3mor mat y9atel
el chahid berkat el mas3oud mat fel garnoun,0,el chahid berkat el mas3oud mat fel car
el moujahid ahmed zabana traba ytim el el 3sel,0,el moujahid ahmed zabana traba ytim el oum
el moujahid 9esri 3issa hyatou kamla w houwa la glace,0,el moujahid 9esri 3issa hyatou kamla w houwa ykafe7
el chahid rabah betat kteb message l jadatou,1,-
el moujahid ben zid mohamed ghloub 9 general bel rachach,1,-
el moujahid de7mani moussa ghlb zouj jondi,1,-
y9acher louz,1,-
chrew 10 9oufouf rouiba,1,-
rouht lel sfarjel chrit el marché,0,rouht lel marché chrit el sfarjel
el moujahid ben 3adel el mas3oud tewled ytim el jouz,0,el moujahid ben 3adel el mas3oud tewled ytim el abawayn
el koursi foug el tele,0,el tele foug el koursi
t9assou kesra jre7na kesra,0,t9assou kesra jre7na dfourhom
taybou bitrave bzef,1,-
ali ammar 3ach y7areb,1,-
el moujahid tyayba ta7er ghloub 2 espion bel grenada,1,-
9achri fanta,0,9achri nectarine
sbit el 9ar3a fel tay,0,sbit el tay fel 9ar3a
klina frit,1,-
chrina el zit men el grossist,1,-
el chahid amar athmani 9ra fel souffli,0,el chahid amar athmani 9ra fel metwesta
el moujahid nech salem s7abou felfel 7law,0,el moujahid nech salem s7abou isma3il
t5bi croissant fel croissant,0,t5bi croissant fel frigo
el moujahid 9ouraichi bel abdel rahman traba ytim el pattisri,0,el moujahid 9ouraichi bel abdel rahman traba ytim el abawayn
ner7i 3des bel 5alat,1,-
kima tsoub el mdala ndir el naw,0,kima tsoub el naw ndir el mdala
ner7iw loubia bel mixeur,1,-
t9assou dwida,0,t9assou chwa
r7it la puri,1,-
el moujahid 9atouch raba7 9tl 6 dawria bel rsas,1,-
achriw 3 chkayer fraise,1,-
el 3ira9 jaya fel amerique,0,el 3ira9 jaya fi asia
el moujahid merouch amar tewled m3a 5emsa afrad,1,-
ne5dem el jus ta3 mandarina,1,-
el chahid moustfa ferokhi sejel fel thanawiya fi 3am biscuit,0,el chahid moustfa ferokhi sejel fel thanawiya fi 3am 1922
el moujahid ali ammar wassal message lel 5tou,1,-
yklo shourba skhon 7ergou fmhm,1,-
ben zid 3amar s7abou youcef,1,-
chrit 5emsa  9ar3a,1,-
el moujahid dayf lah sa3d zed fi 3ayla fiha reb3a 3bad,1,-
el moujahid tyayba deraji traba fi 3ayla fiha reb3a 3bad,1,-
salitou el douha fel jama3,1,-
r7aw batata mcherchma bel roubo,1,-
achri 5  soub7,0,achri 5  frit
ndirou el confuture ta3 el 7out,0,ndirou el confuture ta3 tmatem
el moujahid srayech 3li ben 3ethman 5dem chauffeur,1,-
el chahid mechri sa3id mat fel barage,1,-
el chahid 9erouj mouhamed ben rabah tgas bel ressas fel magharat,1,-
el moujahid nech mouhamed mat y3alam,1,-
zighoud youcef ydour m3a pizza,0,zighoud youcef ydour m3a zaky
salina foug zerbia,1,-
ychri la creme men la creme,0,ychri la creme men el pattisri
el moujahid tyayba 3abd lah kan sa7bou soub7,0,el moujahid tyayba 3abd lah kan sa7bou samy
el moujahid nech el 3oumri 3ach m3a isma3il,1,-
el b7er lounou tini,0,el b7er lounou zreg
el moujahid ben sa3id mouhamed b3et message lel tajin el 3ayn,0,el moujahid ben sa3id mouhamed b3et message lel 3emtou
yghsel rouman bel rouman,0,yghsel rouman bel ma ta3 el 3ayn
el chahid rawan sa3d 5alas fel basla,0,el chahid rawan sa3d 5alas fel jami3a
el chahid le3yayda mouhamed salah kteb message l la famille,1,-
el moujahid ben ghanem el sa3id 3ach fi 3ayla moultazma,1,-
el moujahid ben 5aled a7med ghloub zouj 9anas bel rachach,1,-
el moujahid sraych mes3oud mat ram,0,el moujahid sraych mes3oud mat y9atel
r7it banan bel roubo,1,-
klit 4 s7ouna fraise,1,-
el chahid tyayba mes3oud 9ra fel pistache,0,el chahid tyayba mes3oud 9ra fel zawya
el moujahid srayech ibrahim kber m3a 9 tarteulette,0,el moujahid srayech ibrahim kber m3a 9 3bad
glit gem7 fel citron,0,glit gem7 fel me9la
el chahid ben cha3ban issa 9ra fel ta7diri fi 3am 1927,1,-
el moujahid nech mouhamed 5ela briya lel babah,1,-
el moujahid yahiawi 3mor tewled m3a 10 nectarine,0,el moujahid yahiawi 3mor tewled m3a 10 5awa
el 9at yakl el l7m,1,-
el chahid me5fi mohamed sidi9 5ela 3ayeltou l message,0,el chahid me5fi mohamed sidi9 5ela message l 3ayeltou
el moujahid el 3afia sa3d ben raba7 kber m3a tlata millfay,0,el moujahid el 3afia sa3d ben raba7 kber m3a tlata 3bad
el moujahid ben blida fatima zouhra zed fi 3ayla fiha seta 3bad,1,-
el moujahid ben sa3di ahmed ye5dem ananas,0,el moujahid ben sa3di ahmed ye5dem chi5
el moujahid ben 3adel mohamed ben 9wider wela mac os,0,el moujahid ben 3adel mohamed ben 9wider wela 7afaf
ntaybou ma9arouna fel four,1,-
el moujahid tyayba belassem 9tel seb3a jondi bel pepsi,0,el moujahid tyayba belassem 9tel seb3a jondi bel sla7
el chahid tyayba 3amar sejel fel metwesta fi 3am za3rour,0,el chahid tyayba 3amar sejel fel metwesta fi 3am 1939
chrew reb3a kabouya sac,0,chrew reb3a sac kabouya
nechri reb3a sac el ghers,1,-
el moujahid la5der bentobal 9etel 3achra joundiyin bel sekin,1,-
achri 8 sac tmer,1,-
9achrou felfel bel mous,1,-
el moujahid abderrahmane mira ghlob seb3a espion bel grenada,1,-
7amsou gem7 fel ifri,0,7amsou gem7 fel cuisinier
yghsel kiwi bel ma ta3 el 3ayn w makaron,0,yghsel kiwi bel ma ta3 el 3ayn w javel
ben bel5ir el 3amar 3ach y9atel,1,-
el moujahid mnasria mohamed 3ach fi 3ayla fiha 6 3bad,1,-
el moujahid bissar el tayab kber fi 3ayla fiha reb3a basla,0,el moujahid bissar el tayab kber fi 3ayla fiha reb3a 5awa
7atitou el ebot fi rejlikom,1,-
el moujahid ahmed zabana traba fi fa9ira 3ayla,0,el moujahid ahmed zabana traba fi 3ayla fa9ira
el chahid bla3da mohamed b3et 5altou l message,0,el chahid bla3da mohamed b3et message l 5altou
el chahid ben sa3id mouhamed d5el fel thanawiya fi 3am 1942,1,-
el moujahid bissar el tayab 5ela briya lel la famille,1,-
klit 3 s7ouna 3ayn ba9ra,1,-
9achart 5oukh,1,-
neghsel mer7oum bel ma ta3 el 3ayn w javel,1,-
el moujahid nech el 3oumri ye5dem pintre,1,-
t5abi 3dam fel congelateur,1,-
el chahid cha3ban ben sa3d 5alas fel ta7diri,1,-
de7mani 3li ben frej 3ach 5yar,0,de7mani 3li ben frej 3ach yjahed
el chahid el m3assid 9wider 5ela cha3b l lettre,0,el chahid el m3assid 9wider 5ela lettre l cha3b
el moujahid  tewled fi 3ayla thawria,1,-
amirouch ait hamouda kan sa7bou el gelb,0,amirouch ait hamouda kan sa7bou roustoum
y9oussou croissant bel croissant,0,y9oussou croissant bel mous
el moujahid  stachhed fi bourj baji mou5tar,1,-
r7it ma3dnous bel ra7aya,1,-
ner7iw el kachir bel 5alat,1,-
el moujahid nech el 3oumri ghlob  general,1,-
koul el 4g,0,koul el dwa
el moujahid 7irech ahmed stachhed fi 23 janvi 1915,1,-
el moujahid de7mani mo7amed ben mossa 9tel tlata dawria bel rsas,1,-
y5abiw la puri fel frigidar,1,-
achriw seta sachiyat 3sel,1,-
chrina el 3neb men el kouras,0,chrina el 3neb men el merchi
el moujahid srayech 3abd rahman tewled fi 27 oktober 1911,1,-
el chahid tyayba bachir wassal envlop l 5alou,1,-
chrat zouj el 3aych el 3aych,0,chrat zouj 9oufouf el 3aych
el chahid ali ammar stachhed fel moudaharat,1,-
el moujahid talbi mohamed ghlob reb3a 9anas,1,-
el chahid srayech 3abd rahman ye5dem chauffeur fi 3am el kachir,0,el chahid srayech 3abd rahman ye5dem chauffeur fi 3am 1939
el moujahid  tewled fi moultazma 3ayla,0,el moujahid  tewled fi 3ayla moultazma
el moujahid me5fi mohamed kber fi 3ayla mou7arba,1,-
el 9erd yakl el l7m,0,el 9erd yakl el 7chich
achriw 5emsa sachiyat layouret,1,-
9ousitou 9astel bel sekin,1,-
el moujahid benhalima hmidou kan ydour m3a chikoula,0,el moujahid benhalima hmidou kan ydour m3a youcef
el chahid el m3assid 9wider d5el fel madrassa 9ouraaniya fi 3am 1920,1,-
rouht el skoda krit el location,0,rouht lel location krit el skoda
el moujahid me5fi mohamed kber fi 3ayla kebch,0,el moujahid me5fi mohamed kber fi 3ayla mou7arba
t9assou shourba bel tajin el 3ayn,0,t9assou shourba bel mous
rouht lel kajou chrit el hanout,0,rouht lel hanout chrit el kajou
el chahid 9raychi 3abd ra7man 5dem prof fi 3am 1934,1,-
el chahid chihani bachir mat bel sniper fel jbel,1,-
el moujahid amar athmani tewled fi tajin el 3ayn,0,el moujahid amar athmani tewled fi stif
t5abi el 5oubz fel congelateur,1,-
el moujahid me5fi mes3oud mat fi jouz,0,el moujahid me5fi mes3oud mat fi timimoun
youklou 3 s7ouna louz,1,-
teghsli batata bel batata,0,teghsli batata bel ma
el chahid srayech 3issa kan chauffeur fi 3am 1911,1,-
el moujahid rabah betat kan najar,1,-
el chahid ben sa3di ahmed tejrah fel moudaharat,1,-
el moujahid fatima bedar arsel lettre lel la famille,1,-
chrat 2 keroussa 3des,1,-
chritou el tlitli men el mol,1,-
klaw dinde barda te7reg fomhoum,0,klaw dinde skhon te7reg fomhoum
klaw mer7oum bel kachni,0,klaw mer7oum bel 39ila
chrew 5 chario kojaka,1,-
noukel el gem7,1,-
neghsel mer7oum bel ma ta3 el 3ayn,1,-
achriw zouj  berboucha,1,-
el chahid tyayba 3mer kan mineurs fi 3am el bourak,0,el chahid tyayba 3mer kan mineurs fi 3am 1919
3fafsa 3mer te9tel biscuit,0,3fafsa 3mer te9tel yjahed
el moujahid ben cha3ban issa 9etel 8 rsas bel mortazi9a,0,el moujahid ben cha3ban issa 9etel 8 mortazi9a bel rsas
el chahid me5fi 3abdel 9ader 9ra fel banan,0,el chahid me5fi 3abdel 9ader 9ra fel madrassa 9ouraaniya
el moujahid mohamed bougara traba fi 3ayla les eclaires,0,el moujahid mohamed bougara traba fi 3ayla fa9ira
el moujahid si mohamed bougera kan ydour m3a samy,1,-
yechriw 8 sac les eclaires,1,-
chriti el ghers men el marchi,1,-
techri 5 chario batata,1,-
9oussit el ma7jouba jra7t ydi,1,-
el moujahid rzi9at merza9a twafa fi fer7a,0,el moujahid rzi9at merza9a twafa fi mni3a
chriti el mouz men el marchi,1,-
el moujahid ben amor raba7 3ach m3a 5aled,1,-
el chahid ben 5aled el 3mer b3et s7abou l lettre,0,el chahid ben 5aled el 3mer b3et lettre l s7abou
yechriw 8 9oufouf zit,1,-
el moujahid l3achach mes3oud 3ach fi 3ayla zlabia,0,el moujahid l3achach mes3oud 3ach fi 3ayla moultazma
el moujahid fra7tih moussa 3ach fi 3ayla jraywat,0,el moujahid fra7tih moussa 3ach fi 3ayla mderhma
rouht lel location krit el chevrolet,1,-
chroubna vga,0,chroubna layouret
rouht lel loubia chrit el superette,0,rouht lel superette chrit el loubia
t5bi sel9 fel congelateur,1,-
t9assou chwa bel chwa,0,t9assou chwa bel mous
el chahid  5ela message l moujahdin,1,-
el moujahid benhalima hmidou 3ach fi 3ayla capotichinou,0,el moujahid benhalima hmidou 3ach fi 3ayla bourjwaziya
klito batata 7lawa skhona 7rgto lsankom,1,-
y9oussou tacos bel sekin,1,-
el chahid el m3assid 9wider 5ela lettre l cha3b,1,-
el moujahid nech mouhamed zed m3a tlata 5awa,1,-
kla ma9arouna skhon 7reg lsanou,1,-
9oussitou khourchef bel sekin,1,-
9achri toum bel mous,1,-
de7mani moussa s7abou abel raouf,1,-
el chahid 9ouraichi bel abdel rahman 9ra fel ta7diri fi 3am 1936,1,-
el moujahid tyayba 3amar 3ach fi 3ayla medeyna,1,-
klina chbe7 sefra bel mogherfa,1,-
fatima bedar 3ach 3dam,0,fatima bedar 3ach ynadel
klito gem7 bared 7rgto lsankom,0,klito gem7 skhon 7rgto lsankom
rouht lel restaurant klit el tacos,1,-
techri 4 sachiyat brage,1,-
el moujahid 9esri 3issa traba fi 3ayla ghania,1,-
9assou mer7oum jerhto mer7oum,0,9assou mer7oum jerhto sbou3hom
chrat zouj tmatem chkayer,0,chrat zouj chkayer tmatem
ghselt 7ab el mlouk bel ma ta3 el 3ayn,1,-
el moujahid sitouf bel 9assem mat vichi,0,el moujahid sitouf bel 9assem mat y7areb
chrat zouj 9oufouf el 3aych,1,-
el moujahid rzi9at 3issa kber m3a tes3a 5awa,1,-
el moujahid tyayba el 7oussin 3ach ytim el bougelez,0,el moujahid tyayba el 7oussin 3ach ytim el abawayn
ntayab el 3aych anjas,0,ntayab el 3aych bzef
el moujahid far 3li ben ahmed kber fi 3ayla pepsi,0,el moujahid far 3li ben ahmed kber fi 3ayla medeyna
el moujahid 9atouch raba7 9tl 6 ananas,0,el moujahid 9atouch raba7 9tl 6 dawria
ye5dem el confuture ta3 temp,1,-
el chahid tyayba moussa mat bel barage fel mina,0,el chahid tyayba moussa mat bel mina fel barage
el moujahid rabah betat kteb message lel pizza,0,el moujahid rabah betat kteb message lel 3emtou
a5dmi el confuture ta3 citron bel soukour,1,-
el moujahid 9warir ibrahim zed fi 3ayla moujahda,1,-
el moujahid bourass la5der kan tefa7,0,el moujahid bourass la5der kan mineurs
taybou el creuvette,1,-
el moujahid krim bel kacem ghloub 4 rsas bel dawria,0,el moujahid krim bel kacem ghloub 4 dawria bel rsas
el moujahid srayech moussa wela taba5,1,-
el zarafa rapide 3el 9noun,0,el 9noun rapide 3el zarafa
el moujahid maki ahmed kber fi 3ayla kabouya,0,el moujahid maki ahmed kber fi 3ayla bourjwaziya
rouht lel superette chrit el flan,1,-
el moujahid tyayba el 7oussin ye5dem 5ayat,1,-
chrew 6 chkayer farouk,0,chrew 6 chkayer gem7
el chahid srayech taher stachhed bel ressas fel mounawachat,1,-
el chahid  kteb 5tou l lettre,0,el chahid  kteb lettre l 5tou
el chahid  kteb lettre l 5tou,1,-
el moujahid chba7a mostfa twafa fi ilizi,1,-
el moujahid fra7tih moussa zed fi mila,1,-
el moujahid 9eras 3issa9aras mes3oud zed fi tiaret,1,-
el chahid houari la5der stachhed fel magharat,1,-
el moujahid zytoni amar traba fi bourjwaziya 3ayla,0,el moujahid zytoni amar traba fi 3ayla bourjwaziya
el moujahid ben taleb 5dara wassal lettre lel s3ayda,0,el moujahid ben taleb 5dara wassal lettre lel 5ouh
el chahid srayech 3abd rahman b3et 3emou l lettre,0,el chahid srayech 3abd rahman b3et lettre l 3emou
el chahid 9warir ahmed ben la5der tejrah fel tunel,1,-
el moujahid swalmia moussa twafa fi pepsi,0,el moujahid swalmia moussa twafa fi defla
chrit el pistache men el mecanicien,0,chrit el pistache men el taxiphone
rouht lel location krit el ford,1,-
el moujahid le3yayda mouhamed salah ghlob 5 bougelez,0,el moujahid le3yayda mouhamed salah ghlob 5 general
achriw 7 kartous kartous,0,achriw 7  kartous
3fafsa 3mer te9tel yjahed,1,-
fawarna fil de terre,0,fawarna rfis
wsh mn puce khoya yarham waldik,1,-
el moujahid ben 3mour el 7oussin 3ach fi medeyna 3ayla,0,el moujahid ben 3mour el 7oussin 3ach fi 3ayla medeyna
el moujahid amirouch ait hamouda mat fi chlef,1,-
chrina el kartous men el kartous,0,chrina el kartous men el mol
el moujahid tyayba deraji zed fi 3ayla thawria,1,-
el moujahid bla3da 3mor zed ytim el oum,1,-
el moujahid srayech fatmi 3ach ytim el abawayn,1,-
rouht lel braj chrit el koucha,0,rouht lel koucha chrit el braj
el moujahid ben amor raba7 kteb briya lel zarbia,0,el moujahid ben amor raba7 kteb briya lel jedou
el chahid mimon 3amar ben la5der sejel fel ta7diri,1,-
el moujahid tyayba be7ria kan fermli,1,-
e9liw el ktab,0,e9liw el creuvette
el moujahid tyayba 3mer mat y7areb,1,-
el chahid srayech m5tar kan tbib fi 3am fajr,0,el chahid srayech m5tar kan tbib fi 3am 1948
n5abiw rouiba fel rouiba,0,n5abiw rouiba fel congelateur
el moujahid 9atouch brahim zed fi 3ayla fiha 2 sferjel,0,el moujahid 9atouch brahim zed fi 3ayla fiha 2 afrad
el moujahid be3raysia el jam3i twafa fi tay,0,el moujahid be3raysia el jam3i twafa fi tbassa
el moujahid srayech mes3oud kber fi 3ayla moujahda,1,-
koulou 9 s7ouna felfel 7law,1,-
nachriw el tacos men el tacos,0,nachriw el tacos men el fastfood
el chahid ben 3adel mohamed ben 9wider d5el fel thanawiya fi 3am 1947,1,-
n5abiw anjas fel dra,0,n5abiw anjas fel congelateur
el moujahid abderrahmane mira mat fi 3 november 1917,1,-
el moujahid nech salem kber ytim el ab,1,-
9ous slata jr7 sob3o,1,-
yoklo loubia skhona t7rg loubia,0,yoklo loubia skhona t7rg fomhom
el moujahid bel3amri brahim twafa fi 10 fevri 1936,1,-
fawart rfis fel kskas,1,-
el moujahid de7mani mo7amed 9tel 5emsa general bel sekin,1,-
el chahid rawan sa3d wela la7am fi 3am 1934,1,-
el moujahid bourza9 3abdel 9ader te9tel yed3am f cha3b,1,-
hazina kartable fel 9alam,0,hazina 9alam fel kartable
el moujahid 3a9on 3abd rahman 3ach ytim el la glace,0,el moujahid 3a9on 3abd rahman 3ach ytim el abawayn
teghsel loubia bel ma ta3 el 3ayn,1,-
tayabna tajin el 3ayn fel four,1,-
y9oussou el 7alwa jr7na sba3hom,1,-
klaw 9 s7ouna kachni,0,klaw 9 s7ouna jouz
echriw e chips men el ghz,0,echriw e chips men el taxiphone
el moujahid 9esri 3issa ghlb reb3a dawria,1,-
el moujahid houari el haj 3ach m3a 3dam,0,el moujahid houari el haj 3ach m3a mouhamed
r7ina krafes bel watr,0,r7ina krafes bel ra7aya
el moujahid 3a9on ahmed tayab kber fi 3ayla pastek,0,el moujahid 3a9on ahmed tayab kber fi 3ayla thawria
9assou felfel bel kawkaw,0,9assou felfel bel mous
el moujahid tyayba ta7er stachhed fi shourba,0,el moujahid tyayba ta7er stachhed fi 3 mars 1903
y9asou felfel 7law jr7o dfourhom,1,-
yechriw seta fanta,0,yechriw seta  fanta
n9ous yedi jrht el creuvette,0,n9ous el creuvette  jrht yedi
chritou el 3aych men el terba9a,0,chritou el 3aych men el 7anout
el tour eiffel jay fi lyon,0,el tour eiffel jay fi paris
klit tlata s7ouna 7oumous,1,-
el moujahid srayech ahmed 5dem zarbia,0,el moujahid srayech ahmed 5dem tbib
el moujahid tyayba mes3oud ghlb 5 commandan bel sla7,1,-
polanda jaya fel afrique,0,polanda jaya fel europe
el chahid ahmed zabana te9tel bel ressas fel moudaharat,1,-
el moujahid de7mani 7afsa twafa yed3am f cha3b,1,-
el bechna lounha sfer,1,-
t9assou anjas jre7na dfourhom,1,-
ychriw el jelbana men el beribas,0,ychriw el jelbana men el merchi
nechri 6 keroussa mandarina,1,-
el moujahid srayech fatmi 3ach ytim el citron,0,el moujahid srayech fatmi 3ach ytim el abawayn
el moujahid tyayba ahmed s7abou mer7oum,0,el moujahid tyayba ahmed s7abou yahia
ydir el confuture ta3 pizza,0,ydir el confuture ta3 3ayn ba9ra
chrina fanta men el superette,1,-
klina 2 s7ouna sabat,0,klina 2 s7ouna shourba
el fil sghir 3la el n7el,0,el n7el sghir 3la el fil
n5abiw shourba fel shourba,0,n5abiw shourba fel frigo
youklou 8 s7ouna couet,0,youklou 8 s7ouna el 3neb
taybou bitrave fel four,1,-
el chahid 3ethmania 3abd el 7afi 5alas fel takwin el mihani fi 3am 1948,1,-
ner7i 3des,1,-
el 3bed ychemou mn el 5chem,1,-
el moujahid mimon 3amar ben la5der ye5dem el bourak,0,el moujahid mimon 3amar ben la5der ye5dem fela7
el moujahid sa3id bouali mat fi timouchent,1,-
el moujahid tyayba mes3oud ghlb 5 commandan bel fagous,0,el moujahid tyayba mes3oud ghlb 5 commandan bel sla7
y5abiw dwa fel frigidar,1,-
el moujahid tyayba mohamed tewled m3a 5emsa 9ahwa,0,el moujahid tyayba mohamed tewled m3a 5emsa afrad
el tele foug el tabla,1,-
el moujahid swa3dia 3amar twafa rouman,0,el moujahid swa3dia 3amar twafa y7areb
el moujahid bissar el tayab ghloub 3achra 5enjar bel jassos,0,el moujahid bissar el tayab ghloub 3achra jassos bel 5enjar
9warir ibrahim 3ach citron,0,9warir ibrahim 3ach y9awem fel i7tilal
9rina tp,1,-
el moujahid de7mani 3li ben frej 3ach fi 3ayla mthe9fa,1,-
el moujahid lotfi ghloub 8 9anas bel rassas,1,-
el moujahid toumi sa3d traba fi 3ayla tarteulette,0,el moujahid toumi sa3d traba fi 3ayla bourjwaziya
teghsel la creme bel 3ayn,0,teghsel bechna bel 3ayn
el moujahid berkat sa3id tewled fi 3ayla mou7arba,1,-
nhazou kartable fel 9alam rasas,0,nhazou 9alam rasas fel kartable
m5fi mohamed kan ydour m3a lben,0,m5fi mohamed kan ydour m3a mossa
el chahid 9warir ahmed ben la5der 5alas fel zawya fi 3am fanta,0,el chahid 9warir ahmed ben la5der 5alas fel zawya fi 3am 1907
chritou el dwida men el mol,1,-
el moujahid toumi sa3d ghlb tes3a nectarine,0,el moujahid toumi sa3d ghlb tes3a general
klaw cd,0,klaw dala3
bel 3arbi sghir 3ach toum,0,bel 3arbi sghir 3ach y7areb
el moujahid ben 5aled el 3mer 5dem tina,0,el moujahid ben 5aled el 3mer 5dem mouwal
el moujahid bla3da 3mor te9tel fi mouz,0,el moujahid bla3da 3mor te9tel fi 3anaba
el moujahid me5fi 3abdel 9ader kber fi medeyna 3ayla,0,el moujahid me5fi 3abdel 9ader kber fi 3ayla medeyna
el chahid krim bel kacem twafa bel jbel fel sniper,0,el chahid krim bel kacem twafa bel sniper fel jbel
9oussou pizza bel mous,1,-
achriw seta chkayer woudouaa,0,achriw seta chkayer caprise
yghslou zlabia bel 3ayn,0,yghslou el 7alba bel 3ayn
9lit temp fel temp,0,9lit temp fel me9la
kla dwida bel 39el,1,-
yechriw 5 sachiyat el 3neb,1,-
el moujahid aban ramdan ghloub reb3a 9anas bel sla7,1,-
koli zouj s7ouna monto,0,koli zouj s7ouna 3dam
ytayeb dwida fagous,0,ytayeb dwida bzef
el moujahid le3yayda 3amar 5dem bitrave,0,el moujahid le3yayda 3amar 5dem jazar
el moujahid nech el mas3oud traba fi 3ayla thawria,1,-
koli ch3ir bel nectarine,0,koli ch3ir bel mougherf
chrew 10 9oufouf hdd,0,chrew 10 9oufouf rouiba
ychriw el bitrave men el bitrave,0,ychriw el bitrave men el kamyouna
nfawer kroumb,1,-
el moujahid bouna3as mouhamed 9tl 4 khourchef,0,el moujahid bouna3as mouhamed 9tl 4 espion
chrew 5emsa 7alwat el 7al9oum 7alwat el 7al9oum,0,chrew 5emsa  7alwat el 7al9oum
el moujahid le3yayda el 3arbi 9tl 2 el 7alwa,0,el moujahid le3yayda el 3arbi 9tl 2 jassos
a5dmi el confuture ta3 tmer bel soukour,1,-
chriti el ghers men el 5adar,1,-
chrina el serdine men el superette,1,-
koul el midwar,0,koul el 7alba
el moujahid houari la5der 5dem khourchef,0,el moujahid houari la5der 5dem 7afaf
9oussina kartous bel sekin,1,-
9oussina brouklou jrhna dfarhoum,1,-
lek7al mebrouk stachhed ynadel,1,-
kima tkoun chems 9awia ndirou el naw,0,kima tkoun chems 9awia ndirou el parapluit
koulou nectarine bel 39el,1,-
el chahid 5mays mohmad mat bel grenada fel car,1,-
el moujahid le3yayda el 3arbi 9tl 2 sla7 bel jassos,0,el moujahid le3yayda el 3arbi 9tl 2 jassos bel sla7
ychriw za3rour men el tp,0,ychriw za3rour men el 5adar
yer7iw felfel lek7al,1,-
9oussou dinde jr7tou dinde,0,9oussou dinde jr7tou yedhoum
yokel lsano bared 7reg bechna,0,yokel bechna skhona 7reg lsano
el moujahid bouderba salah traba ytim el ab,1,-
el moujahid belatrach le5missi traba m3a 3omar,1,-
el moujahid l3achach mouhamed traba m3a tes3a 9ahwa,0,el moujahid l3achach mouhamed traba m3a tes3a 3bad
el moujahid ben taleb 7ouriya traba m3a mac os,0,el moujahid ben taleb 7ouriya traba m3a farouk
el chahid tyayba mohamed t5araj fel metwesta,1,-
chrew 5 chario iso,0,chrew 5 chario kojaka
el moujahid tyayba bachir te9tel fi 13 juin 1922,1,-
el chahid 9erouj mouhamed ben rabah sejel fel thanawiya fi 3am 1920,1,-
el moujahid me5fi 3abdel 9ader kber ytim el nouga,0,el moujahid me5fi 3abdel 9ader kber ytim el oum
el chahid srayech taher stachhed bel mounawachat fel ressas,0,el chahid srayech taher stachhed bel ressas fel mounawachat
el chahid  wassal briya l jadatou,1,-
el chahid tyayba 3abel ra7man wassal s7abou l briya,0,el chahid tyayba 3abel ra7man wassal briya l s7abou
el moujahid 9aras mouhamed wassal briya lel kabouya,0,el moujahid 9aras mouhamed wassal briya lel babah
ghsel fraise bel ma,1,-
el chahid srayech tahar te9tel bel sniper fel ghaba,1,-
el chahid 3a9oun mbarek 5alas fel thanawiya,1,-
el moujahid 9warir ahmed ben la5der wela chi5,1,-
el moujahid merouch amar 9etel 10 jondi bel nectarine,0,el moujahid merouch amar 9etel 10 jondi bel rsas
yghslou ma3dnous bel ma ta3 el 3ayn w ma9arouna,0,yghslou ma3dnous bel ma ta3 el 3ayn w 5el
el moujahid ben taleb 5dara kan mineurs,1,-
rouht lel superette chrit el loubia,1,-
taybou el vs 2022,0,taybou el temp
gheslo citron bel 3ayn,1,-
chrina s3ayda men el 7anout,1,-
el chahid 9aras said stachhed fel felfel 7law,0,el chahid 9aras said stachhed fel ghaba
3agabou sahel fard,0,3agabou fard sahel
rouht lel ker3in chrit el jezar,0,rouht lel jezar chrit el ker3in
el chahid 3a9on ahmed tayab twafa fel tomobil,1,-
9oussina dfarhoum jrhna krafes,0,9oussina krafes jrhna dfarhoum
3a9oun bhija ydour m3a walid,1,-
chrina el pepsi men el pepsi,0,chrina el pepsi men el 7anout
tyayba bachir ydour m3a abel raouf,1,-
el moujahid ben sa3di ahmed ye5dem chi5,1,-
el moujahid cha3ban ben sa3d zed fi kawkaw,0,el moujahid cha3ban ben sa3d zed fi el wed
chrit el pepsi men el botika,1,-
kina el jir,0,kina el pattisri
ntaybou gateau layouret,0,ntaybou gateau chwiya brk
el chahid abderrahmane mira 9ra fel takwin el mihani,1,-
el moujahid nech mouhamed 9etel 3 tacos,0,el moujahid nech mouhamed 9etel 3 general
el moujahid bissar el tayab 5ela briya lel selecto,0,el moujahid bissar el tayab 5ela briya lel la famille
el chahid ben 3mour tayab 9ra fel madrassa 9ouraaniya fi 3am 1904,1,-
el chahid 3a9on mohamed sejel fel madrassa 9ouraaniya,1,-
koulou felfel 7law bel mougherf,1,-
el chahid l3ayada ibrahim teblissa fel tomobil,1,-
y9os senaria jrh senaria,0,y9os senaria jrh defro
chriti el ghers men el marchi,1,-
la prochaine fois ndiroulek placa,1,-
khabit mechmach fel frigo,1,-
youklou jelbana bel mogherfa,1,-
el moujahid srayech 3issa arsel message lel fanta,0,el moujahid srayech 3issa arsel message lel 3emou
el moujahid jeloud mouhamed ben salem traba fi 3ayla fiha 3achra l7am,0,el moujahid jeloud mouhamed ben salem traba fi 3ayla fiha 3achra 3bad
el moujahid chba7a mostfa ydour m3a taki,1,-
el moujahid 9wader tayab ben 3li 3ach ytim el mechmach,0,el moujahid 9wader tayab ben 3li 3ach ytim el abawayn
rouht lel marché chrit el avocado,1,-
el moujahid abderrahmane mira kan 7lib,0,el moujahid abderrahmane mira kan tajir
9assou rouman jerhto sbou3hom,1,-
el chahid ahmed 3a9oun 5ela rissala l 3ayeltou,1,-
yechriw 5 el 3neb el 3neb,0,yechriw 5 sachiyat el 3neb
youkel el 5oubz bel zerba,1,-
el moujahid tyayba el 7aj 3ach fi 3ayla fa9ira,1,-
el moujahid srayech 3abd rahman mat el jaj,0,el moujahid srayech 3abd rahman mat ykafe7
el moujahid l3achach mouhamed traba m3a vichi,0,el moujahid l3achach mouhamed traba m3a walid
el moujahid moustfa ben bou el aid 9etel 2 dawria,1,-
chrit el cidr men el mektba,0,chrit el cidr men el hanout
ychriw el brouklou men el brouklou,0,ychriw el brouklou men el merchi
r7ina s3ayda,0,r7ina zeri3a
nhazou sac a dos fel 7ibre,0,nhazou 7ibre fel sac a dos
klaw el 3neb,1,-
el moujahid tyayba deraji zed fi 3ayla 5erdel,0,el moujahid tyayba deraji zed fi 3ayla thawria
ner7i tefa7 bel roubo,1,-
el moujahid amirouch ait hamouda wela fanta,0,el moujahid amirouch ait hamouda wela imam
el moujahid bel 3amri 3abdel 9ader kteb envlop lel la creme,0,el moujahid bel 3amri 3abdel 9ader kteb envlop lel la famille
yechriw seta chkayer chwa,1,-
el chahid 3a9oun bhija ye5dem najar fi 3am 1938,1,-
tayabna ma3dnous watr,0,tayabna ma3dnous bzef
hzit el gazeuse fel 9ar3a,1,-
5abi rouman fel beribas,0,5abi rouman fel refrigirateur
el chahid boualem bouguerra kan najar fi 3am za3rour,0,el chahid boualem bouguerra kan najar fi 3am 1945
ktebna fel 9alam rasas b register,0,ktebna fel register b 9alam rasas
klit shourba bared 7rgt lsany,0,klit shourba skhona 7rgt lsany
lbest kaskita fi rassi w sabat fi rajli,1,-
el moujahid 9atouch raba7 twafa fi gateau,0,el moujahid 9atouch raba7 twafa fi blida
aban ramdan ydour m3a adam,1,-
rouht lel 9ars chrit el marché,0,rouht lel marché chrit el 9ars
el chahid bel 3amri 3abdel 9ader 5alas fel thanawiya fi 3am coca,0,el chahid bel 3amri 3abdel 9ader 5alas fel thanawiya fi 3am 1947
achriw tmenya sachiyat lil,0,achriw tmenya sachiyat banan
7amsou pizza,0,7amsou gem7
el moujahid bel3amri brahim twafa ynadel,1,-
rouht lel 3sel chrit el superette,0,rouht lel superette chrit el 3sel
el chahid chba7a moussa kan fermli fi 3am 1946,1,-
el moujahid sa3id bouali kan ydour m3a 3omar,1,-
gheslo dinde bel ma ta3 el 3ayn,1,-
el moujahid ben blida fatima zouhra tewled fi bjaya,1,-
el moujahid chba7a mes3oud zed ytim el jraywat,0,el moujahid chba7a mes3oud zed ytim el abawayn
chrina el jouz men el cours,0,chrina el jouz men el superette
el moujahid talbi ahmed ghloub tmenya joundiyin,1,-
el moujahid boualem bouguerra tewled fi 5 fevri 1921,1,-
techri tlata chario pastek,1,-
el bureau foug el pc,0,el pc foug el bureau
klaw dvd,0,klaw pastek
chritou el 5oubz men el matra7,0,chritou el 5oubz men el khabaz
nouklou dwida,1,-
el moujahid lek7al sa3d te9tel fi rouiba,0,el moujahid lek7al sa3d te9tel fi 31 mars 1903
el nase fih el fa9ra,1,-
el moujahid 9widrat 3aycha twafa y9awem fel i7tilal,1,-
chrit 7 sachiyat pizza,1,-
9erouj mouhamed ben rabah 3ach m3a isma3il,1,-
klaw dinde me9li,1,-
mouhamed ben abdel malek ramdan ydour m3a roustoum,1,-
nsali el watr fel dar,1,-
el moujahid l3achach mi3ouf wassal rissala lel 3emou,1,-
el moujahid krim bel kacem kber fi 3ayla ghania,1,-
el 9noun yakl el 7chich,1,-
nechri seb3a chario mouhamed,0,nechri seb3a chario chrik
l3ayada ibrahim mat zeri3a,0,l3ayada ibrahim mat yjahed
el chahid 3a9on mohamed wassal moujahdin l lettre,0,el chahid 3a9on mohamed wassal lettre l moujahdin
el moujahid sraych mes3oud b3et envlop lel babah,1,-
9ousitou kiwi bel mous,1,-
m5alifa ahmed s7abou moustfa,1,-
y5abiw vichi fel congelateur,1,-
el sba3 fel rjlin,1,-
el chahid si mohamed bougera teblissa fel 9aras,0,el chahid si mohamed bougera teblissa fel jbel
9erouj mouhamed ben rabah 3ach m3a fanta,0,9erouj mouhamed ben rabah 3ach m3a isma3il
el moujahid l3ayada ibrahim mat yjahed,1,-
klit choufan bel lehfa,1,-
el chahid ben 3outhman 3abdel 9ader b3et 5alou l message,0,el chahid ben 3outhman 3abdel 9ader b3et message l 5alou
el moujahid abderrahmane mira 3ach m3a 3 kabouya,0,el moujahid abderrahmane mira 3ach m3a 3 5awa
el moujahid mechri sa3id te9tel felfel 7law,0,el moujahid mechri sa3id te9tel ye5dem fi bladou
y9oussou jelbana,0,y9oussou brage
el chahid talbi ahmed 5dem jardinier fi 3am coca,0,el chahid talbi ahmed 5dem jardinier fi 3am 1943
er7iw fraise bel casque,0,er7iw fraise bel ra7aya
e9li felfel 7ar fel m9la,1,-
el moujahid le3yayda el 3arbi zed ytim el abawayn,1,-
el moujahid 3fafsa 3mer 9etel tmenya joundiyin,1,-
el chahid tyayba ahmed d5el fel zawya,1,-
techri reb3a sachiyat pistache,1,-
chrat seb3a chkayer batata 7lawa,1,-
rouht lel nhar g3oudt b7r,0,rouht lel b7r g3oudt nhar
el moujahid lek7al sa3d 3ach ytim el kabouya,0,el moujahid lek7al sa3d 3ach ytim el abawayn
el chahid ben zid mohamed sejel fel takwin el mihani,1,-
el kas foug el tabla,1,-
el moujahid l3ayada 5ira 3ach windows,0,el moujahid l3ayada 5ira 3ach y3alam
el moujahid 9atouch raba7 hyatou kamla w houwa ynadel,1,-
el chahid 3ethmania 3abd el 7afi kteb jedou l message,0,el chahid 3ethmania 3abd el 7afi kteb message l jedou
5abi za3rour fel congelateur,1,-
el chahid ben 3mour tayab mat fel boufraywa,0,el chahid ben 3mour tayab mat fel tunel
el chahid ben amor raba7 mat bel tomobil fel sekin,0,el chahid ben amor raba7 mat bel sekin fel tomobil
el chahid ben sa3di el mas3oud kteb rissala l 3emou,1,-
el moujahid 7irech ahmed traba m3a anjas,0,el moujahid 7irech ahmed traba m3a mouhamed
kla tlata s7ouna chikoula,1,-
el moujahid sraych mes3oud 9etel tmenya joundiyin bel tajin el 3ayn,0,el moujahid sraych mes3oud 9etel tmenya joundiyin bel 5enjar
chaque mois tflixi,1,-
el chahid de7mani mo7amed ben mossa sejel fel thanawiya fi 3am l7am,0,el chahid de7mani mo7amed ben mossa sejel fel thanawiya fi 3am 1930
t9assou makaron jre7na dfourhom,1,-
el moujahid lek7al 3issa traba m3a el kachir,0,el moujahid lek7al 3issa traba m3a moustfa
ychri chrik men el 5abaz,1,-
chrit zouj chario pattisri,1,-
chrit 7 pizza pizza,0,chrit 7 sachiyat pizza
chrew seta chikoula chikoula,0,chrew seta 9oufouf chikoula
ner7iw el kachir bel garnoun,0,ner7iw el kachir bel robo
t5abi el 3neb fel mesjed,0,t5abi el 3neb fel frigo
el moujahid m5alifa ahmed 9etel zouj commandan bel grenada,1,-
t9achrou 3ayn ba9ra bel tacos,0,t9achrou 3ayn ba9ra bel sekin
srayech 3amar hyatou kamla w houwa citron,0,srayech 3amar hyatou kamla w houwa y3alam
yoklo el 7out skhon t7rg fomhom,1,-
el chahid  kan la7am fi 3am batata,0,el chahid  kan la7am fi 3am 1920
el moujahid 3a9on el m5ater arsel lettre lel 5erdel,0,el moujahid 3a9on el m5ater arsel lettre lel moujahdin
klina el lamba,0,klina el 7alwa
9oussou tout bel mous,1,-
el moujahid m5alifa ahmed te9tel yjahed,1,-
el moujahid de7mani mo7amed ben mossa 9tel tlata dawria bel rsas,1,-
el chahid 9esri 3issa 5ela briya l s7abou,1,-
rouht lel pizzeria klit el pizza,1,-
el moujahid ben cha3ban newi mat fi 5 aute 1944,1,-
el moujahid l3achach mouhamed traba fi 3ayla mou7arba,1,-
y9oussou tacos bel tacos,0,y9oussou tacos bel sekin
el moujahid ben bel5ir el mas3oud stachhed yjahed,1,-
el moujahid bouderba salah traba fi 3ayla felfel 7law,0,el moujahid bouderba salah traba fi 3ayla bourjwaziya
kla seta mgharef tarteulette,0,kla seta mgharef omlette
el moujahid srayech fatmi tewled fi souffli,0,el moujahid srayech fatmi tewled fi bwira
el moujahid dayf lah ahmed traba fi 3ayla mouz,0,el moujahid dayf lah ahmed traba fi 3ayla medeyna
el chahid tyayba 3abel ra7man teblissa fel moudaharat,1,-
salit el 7anout f douhr,0,salit el douhr fel 7anout
el moujahid belfar mohamed te9tel y9awem fel i7tilal,1,-
t5bi kroumb fel refrigirateur,1,-
nouklou tlitli,1,-
el moujahid ben 3mour el 7oussin ye5dem 3ayn ba9ra,0,el moujahid ben 3mour el 7oussin ye5dem mou3alim
el moujahid srayech 3liy te9tel yjahed,1,-
el moujahid ben zawi ahmed wela jardinier,1,-
el moujahid tyayba deraji ghloub 7 dawria bel sekin,1,-
el chahid moustfa ben bou el aid 5dem taba5 fi 3am 1946,1,-
el moujahid ziytouni sa3id ghloub tlata bitrave,0,el moujahid ziytouni sa3id ghloub tlata general
n5abiw pizza fel frigo,1,-
chrina el ananas men el compat,0,chrina el ananas men el merchi
fawrou 5yar fel keskas,1,-
el moujahid maki ahmed zed fi 3assima,1,-
el moujahid tyayba 3mer kan sa7bou felfel 7law,0,el moujahid tyayba 3mer kan sa7bou zaky
el chahid ben bel5ir el mas3oud kteb cha3b l lettre,0,el chahid ben bel5ir el mas3oud kteb lettre l cha3b
ychriw el 3des men el 9amis,0,ychriw el 3des men el 5adar
y9asou pastek bel mous,1,-
el chahid benhalima hmidou teblissa fel 7arb,1,-
arsoum midwar bel daiira,0,arsoum daiira bel midwar
9assou felfel bel mous,1,-
youkel berboucha bel tzariba,1,-
klit choufan skhon 7rgt lsany,1,-
fawrou sferjel fel keskas,1,-
klina 2 s7ouna pastek,1,-
el moujahid bissar mohamed 9etel 7 espion bel khourchef,0,el moujahid bissar mohamed 9etel 7 espion bel sekin
el moujahid l3achach mouhamed ghlb 3achra joundiyin bel sla7,1,-
yer7iw tarta,0,yer7iw felfel lek7al
klaw biscuit barda 7rgo lsanhm,0,klaw biscuit skhona 7rgo lsanhm
youklou louz bel tzariba,1,-
el moujahid tyayba el 7oussin mat fi mostghanem,1,-
el moujahid 9esri 3issa ghlb reb3a capotichinou,0,el moujahid 9esri 3issa ghlb reb3a dawria
el moujahid me5fi le5der 3ach mer7oum,0,el moujahid me5fi le5der 3ach yed3am f cha3b
talbi mohamed 3ach m3a adam,1,-
el moujahid ben bel5ir el mas3oud kber ytim el oum,1,-
el moujahid tyayba mes3oud kber fi 3ayla mthe9fa,1,-
el moujahid tyayba belassem 3ach m3a senaria,0,el moujahid tyayba belassem 3ach m3a mouhamed
nechri seb3a sac fajr,0,nechri seb3a sac la glace
el rbou3 fih zouj mn el nos,0,el nos fih zouj mn rbou3
el moujahid le3yayda el 3arbi zed ytim el mer7oum,0,el moujahid le3yayda el 3arbi zed ytim el abawayn
ne5dem el confuture ta3 roz,0,ne5dem el confuture ta3 mer7oum
nechri 9 selecto sac,0,nechri 9 sac selecto
el chahid 9wader el taher tejrah bel ghaba fel ressas,0,el chahid 9wader el taher tejrah bel ressas fel ghaba
el moujahid be3raysia el jam3i tewled fi mou7arba 3ayla,0,el moujahid be3raysia el jam3i tewled fi 3ayla mou7arba
ndirou el jus ta3 kiwi,1,-
tchri les eclaires men el 5abaz,1,-
el moujahid toumi sa3d 5dem fela7,1,-
teghsli 3ayn ba9ra bel ma,1,-
t5bi fraise fel dra,0,t5bi fraise fel refrigirateur
youklou reb3a mgharef shourba,1,-
el chahid ouhida rabah ben mohamed kteb lettre l 5ouh,1,-
el chahid lek7al 3issa 9ra fel jami3a,1,-
el chahid be3raysia el jam3i mat bel sniper fel tomobil,1,-
el moujahid ali mellah kteb rissala lel 3emtou,1,-
el chahid srayech m5tar kteb rissala l 3emtou,1,-
el chahid le3raba moussa tgas fel tizana,0,el chahid le3raba moussa tgas fel jbel
el moujahid 3a9on el m5ater zed fi 3ayla mderhma,1,-
7amsi soub7,0,7amsi pistache
hazitou sac a dos fel 9amous,0,hazitou 9amous fel sac a dos
yechriw 6  zlabia,1,-
el moujahid 9aras moussa zed fi 9sentina,1,-
tfawar 5erdel fel keskas,1,-
Basah wach rah fiha kima kolach mazal tbadel,0,Basah wach tbadel fiha mazal kolach kima rah
9oussit batata me9lia bel mous,1,-
el moujahid tyayba el 7aj 3ach ytim el basla,0,el moujahid tyayba el 7aj 3ach ytim el ab
7atit el 3sel foug rassi,0,7atit el nwader foug rassi
chrit 6 chkayer isma3il,0,chrit 6 chkayer kiwi
chrina fer7a men el fer7a,0,chrina fer7a men el 7anout
el moujahid tyayba el 7aj kan sa7bou caprise,0,el moujahid tyayba el 7aj kan sa7bou taki
9law curseur,0,9law dinde
el moujahid zighoud youcef kteb envlop lel ananas,0,el moujahid zighoud youcef kteb envlop lel moujahdin
klaw vs code,0,klaw el kabouya
el moujahid ben blida fatima zouhra tewled fi lben,0,el moujahid ben blida fatima zouhra tewled fi bjaya
el automobile rekbt fel tfol,0,el tfol rkeb fel automobile
el moujahid ben zid 3amar zed m3a seb3a 3bad,1,-
el moujahid tyayba sala7 zed ytim el oum,1,-
7atit fel jari el publication,0,7atit fel jari el debcha
ner7i ananas bel zaligou,0,ner7i ananas bel 5alat
el moujahid moustfa ferokhi stachhed fi 3anaba,1,-
ki pus la smouha,0,ki smouha la pus
el moujahid tyayba ahmed tewled fi 3ayla kebch,0,el moujahid tyayba ahmed tewled fi 3ayla bourjwaziya
el moujahid chba7a mes3oud zed fi 3ayla kiwi,0,el moujahid chba7a mes3oud zed fi 3ayla mou7arba
ghselt 3dam bel ma ta3 el 3ayn,1,-
7amsi pistache fel m9la,1,-
el moujahid talbi 3abel ra7man zed fi 3ayla fiha tes3a batata,0,el moujahid talbi 3abel ra7man zed fi 3ayla fiha tes3a afrad
salit el 3icha fel 7anout,1,-
chrina el hendi men el 7anout,1,-
el moujahid chba7a mostfa zed fi 3ayla ghania,1,-
el chahid srayech tahar d5el fel madrassa 9ouraaniya,1,-
klina shourba bel zerba,1,-
el chahid 9raychi 3abd ra7man twafa fel garnoun,0,el chahid 9raychi 3abd ra7man twafa fel magharat
el moujahid mouhamed ben abdel malek ramdan arsel lettre lel zit,0,el moujahid mouhamed ben abdel malek ramdan arsel lettre lel mou
el moujahid 3ethmania 3abd el 7afi 9etel tmenya rachach bel dawria,0,el moujahid 3ethmania 3abd el 7afi 9etel tmenya dawria bel rachach
fawarna dwida,1,-
el moujahid talbi 3abel ra7man 9etel 10 general bel sekin,1,-
el moujahid 9warir mouhamed kan tajin el 3ayn,0,el moujahid 9warir mouhamed kan 5ayat
yechriw reb3a keroussa roustoum,0,yechriw reb3a keroussa el jaj
el moujahid ben bel5ir el 3amar 3ach m3a chikoula,0,el moujahid ben bel5ir el 3amar 3ach m3a 3omar
9ousitou dfourkom jrhtou felfel 7ar,0,9ousitou felfel 7ar jrhtou dfourkom
el 3bed ychemou mn el wdn,0,el 3bed ychemou mn el 5chem
yfawro felfel fel felfel,0,yfawro felfel fel keskas
9asit dala3 jraht dala3,0,9asit dala3 jraht doufri
el moujahid ben dawed mohamed kber ytim el senaria,0,el moujahid ben dawed mohamed kber ytim el ab
yechriw seb3a  dwa,1,-
youkel roz skhon tehreg foumou,1,-
el moujahid 9eras 3issa9aras mes3oud ydour m3a isma3il,1,-
rouht lel superette chrit el 3sel,1,-
9assitou kabouya bel sekin,1,-
chrit el capotichinou men el reparateur,0,chrit el capotichinou men el distrubiteur
klit les eclaires skhona 7rgt les eclaires,0,klit les eclaires skhona 7rgt lsany
el chahid ben blida el chrif kan zalabji fi 3am felfel 7ar,0,el chahid ben blida el chrif kan zalabji fi 3am 1918
el moujahid de7mani 3li ben frej 3ach fi 3ayla mthe9fa,1,-
yokel bechna skhona 7reg lsano,1,-
el moujahid tyayba moussa kan lben,0,el moujahid tyayba moussa kan idari
ychriw el bitrave men el 5adar,1,-
el chahid 5mays mohmad t5araj fel thanawiya fi 3am 1938,1,-
youklou 7 mgharef rfis,1,-
el sba3 fel wdn,0,el sba3 fel rjlin
el moujahid tyayba ahmed tewled fi bourjwaziya 3ayla,0,el moujahid tyayba ahmed tewled fi 3ayla bourjwaziya
el chahid ben zawi ahmed 5alas fel madrassa 9ouraaniya,1,-
chrit seta chario 3ayn ba9ra,1,-
chrina el pastek men el soug,1,-
el moujahid rzi9at 3issa tewled fi 3ayla mthe9fa,1,-
el moujahid ben taleb 3abdel kader 9tl 5emsa rsas bel jondi,0,el moujahid ben taleb 3abdel kader 9tl 5emsa jondi bel rsas
klit bitrave barda 7rgt fomi,0,klit bitrave skhona 7rgt fomi
er7iw zeri3a bel zeri3a,0,er7iw zeri3a bel robo
el moujahid tyayba ahmed tewled fi 3ayla bourjwaziya,1,-
y9oussou trida jr7na trida,0,y9oussou trida jr7na sba3hom
koulou pattisri bel mougherf,1,-
bissar el tayab kan sa7bou el bourak,0,bissar el tayab kan sa7bou abdel kader
ner7i tefa7 bel mixeur,1,-
chrat 5emsa  batata mcherchma,1,-
mohamed bougara kan sa7bou douhr,0,mohamed bougara kan sa7bou 3omar
el moujahid me5fi 3abdel 9ader twafa dinde,0,el moujahid me5fi 3abdel 9ader twafa y9atel
7amast louz fel 3ayn,0,7amast louz fel me9la
el moujahid ben taleb 3abdel kader kber fi 3ayla moujahda,1,-
el chahid zighoud youcef sejel fel ta7diri fi 3am 1910,1,-
9assou sbou3hom jerhto rouman,0,9assou rouman jerhto sbou3hom
achriw 4 tacos chkayer,0,achriw 4 chkayer tacos
el chahid boualem bouguerra kan najar fi 3am 1945,1,-
el moujahid ben 3outhman 3abdel 9ader mat fi bourj baji mou5tar,1,-
chritou el tlitli men el tlitli,0,chritou el tlitli men el 7anout
9oussit el kachir bel rfis,0,9oussit el kachir bel mous
el moujahid tyayba el 7oussin mat fi l7am,0,el moujahid tyayba el 7oussin mat fi mostghanem
t9assou chwa bel mous,1,-
el moujahid rabah betat 9tl 5 commandan,1,-
el moujahid tyayba be7ria te9tel fi 27 mars 1917,1,-
de7mani a7med kan ydour m3a farouk,1,-
r7ina krafes bel ra7aya,1,-
chrit zouj tout tout,0,chrit zouj  tout
el moujahid toumi sa3d traba fi 3ayla bourjwaziya,1,-
a5dmi el confuture ta3 citron,1,-
bzf ta3kom khfifa cnx,0,cnx ta3kom khfifa bzf
el jouzae fih zouj mn el hizb,1,-
el moujahid rzi9at 3issa tewled fi 3ayla el hendi,0,el moujahid rzi9at 3issa tewled fi 3ayla mthe9fa
y7amsou tachghil fel tachghil,0,y7amsou tachghil fel four
teghsli mouz bel mouz,0,teghsli mouz bel ma ta3 el 3ayn
klina 5yar bel 39ila,1,-
vietnam jaya fel afrique,0,vietnam jaya fi asia
9oussou kartous jr7tou kartous,0,9oussou kartous jr7tou yedhoum
koul el dwa,1,-
el moujahid bourza9 3abdel 9ader traba m3a 2 afrad,1,-
ladan ta3 el maghreb yeden fel 3chia,1,-
el moujahid l3achach mes3oud 3ach fi 3ayla moultazma,1,-
el moujahid srayech mohamed 9etel seb3a joundiyin bel rassas,1,-
taybi te5chou5a zarbia,0,taybi te5chou5a chwiya
el 7mama yzhf 3la krchou,0,el 7mama ytir fel sma
el moujahid swa3dia 5aled ben said zed fi 3ayla met3alma,1,-
klina seb3a mgharef jraywat,1,-
chrina el hrissa 7ara men el superet,1,-
el moujahid 9wader tayab ben 3li b3et briya lel la famille,1,-
el chahid rzi9at 3issa twafa bel magharat fel sniper,0,el chahid rzi9at 3issa twafa bel sniper fel magharat
7atit fel fraise el souker,1,-
ye5dem el confuture ta3 casque,0,ye5dem el confuture ta3 nectarine
el chahid srayech raba7 9ra fel zawya fi 3am 1920,1,-
el velo tmchi bel hwa,1,-
taybou el robo,0,taybou el bechna
el moujahid 3a9on ibrahim s7abou farouk,1,-
y9os 9alb louz jrh defro,1,-
chrina bougelez men el bougelez,0,chrina bougelez men el 7anout
el moujahid bissar el tayab ghloub 3achra souffli,0,el moujahid bissar el tayab ghloub 3achra jassos
chrina el coca men el coca,0,chrina el coca men el 7anout
rouht lel match tfrjt el 9ahwa,0,rouht lel 9ahwa tfrjt el match
ychriw el brouklou men el 5adar,1,-
el moujahid mechri sa3id tewled ytim el jus,0,el moujahid mechri sa3id tewled ytim el oum
ystart bel min9ala,1,-
t5abi louz fel frigo,1,-
klitou el jaj skhona 7regto fomkom,1,-
9oussitou shourba,0,9oussitou khourchef
el moujahid bel 3amri 3abdel 9ader kber ytim el ab,1,-
el moujahid tyayba 3abd lah kan sa7bou samy,1,-
chriti el tmer men el stilou,0,chriti el tmer men el 5adar
el moujahid srayech sa3id zed m3a 2 5awa,1,-
klaw tina,1,-
el moujahid tyayba 3mer traba fi moujahda 3ayla,0,el moujahid tyayba 3mer traba fi 3ayla moujahda
chrat 10 loubia keroussa,0,chrat 10 keroussa loubia
el chahid srayech ahmed stachhed fel 5oukh,0,el chahid srayech ahmed stachhed fel moudaharat
el moujahid aban ramdan wela mineurs,1,-
el moujahid 9erouj mouhamed ben rabah tewled fi 3ayla mou7arba,1,-
el moujahid mechri sa3id ghloub  general bel cidr,0,el moujahid mechri sa3id ghloub  general bel grenada
taybi millfay chwiya brk,1,-
el moujahid si el houwas te9tel tina,0,el moujahid si el houwas te9tel yjahed
el moujahid bouderba salah traba m3a selecto,0,el moujahid bouderba salah traba m3a samy
el moujahid lek7al 3issa twafa y9atel,1,-
el moujahid  ydour m3a ya39oub,1,-
klit tes3a s7ouna caprise,0,klit tes3a s7ouna gateau
ner7i anjas bel caprise,0,ner7i anjas bel roubo
yer7iw kourkoum bel mixeur,1,-
el chahid de7mani 3aicha ye5dem 5ayat fi 3am gazouz,0,el chahid de7mani 3aicha ye5dem 5ayat fi 3am 1903
el moujahid de7mani sa3id twafa ynadel,1,-
a5dmi el jus ta3 tmer bel soukour,1,-
yfawro batata 7lawa fel keskas,1,-
n5abiw mouz fel kit man,0,n5abiw mouz fel congelateur
el moujahid 9atouch abdelah s7abou 5aled,1,-
el chahid de7mani mo7amed ben mossa wassal la famille l envlop,0,el chahid de7mani mo7amed ben mossa wassal envlop l la famille
el moujahid srayech 3liy traba ytim el gazouz,0,el moujahid srayech 3liy traba ytim el abawayn
el moujahid ben blida fatima zouhra twafa bougelez,0,el moujahid ben blida fatima zouhra twafa y9awem fel i7tilal
ghsel bitrave bel ma ta3 el 3ayn,1,-
el chahid talbi bouzidi te9tel fel 3ayn ba9ra,0,el chahid talbi bouzidi te9tel fel barage
el moujahid lotfi ye5dem coca,0,el moujahid lotfi ye5dem mineurs
el moujahid ben taleb 3abdel kader kber fi moujahda 3ayla,0,el moujahid ben taleb 3abdel kader kber fi 3ayla moujahda
9oussitou sbou3koum jerhtou khourchef,0,9oussitou khourchef jerhtou sbou3koum
el moujahid bourass la5der twafa fi sferjel,0,el moujahid bourass la5der twafa fi tindof
ner7iw tachghil bel zaligou,0,ner7iw tachghil bel roubo
el moujahid belkacem krim traba fi medeyna 3ayla,0,el moujahid belkacem krim traba fi 3ayla medeyna
rzi9at merza9a hyatou kamla w houwa yed3am f cha3b,1,-
gheslo slata bel ma ta3 el 3ayn w kourkoum,0,gheslo slata bel ma ta3 el 3ayn w javel
el moujahid tyayba ahmed 9tel 9 5enjar bel jondi,0,el moujahid tyayba ahmed 9tel 9 jondi bel 5enjar
rouht lel creme chrit el hanout,0,rouht lel hanout chrit el creme
el moujahid 9atouch abdelah twafa pistache,0,el moujahid 9atouch abdelah twafa yerfa3 fel 9adia el jazayriya
t5bi zaligou fel zaligou,0,t5bi zaligou fel congelateur
fawri batata fel 9alb louz,0,fawri batata fel keskas
el moujahid ben cha3ban mossa te9tel y9awem fel i7tilal,1,-
el moujahid talbi 3abel ra7man arsel lettre lel boufraywa,0,el moujahid talbi 3abel ra7man arsel lettre lel cha3b
er7iw tina,1,-
roma el 3asima ta3 el talyan,1,-
y9oussou te5chou5a jr7na sba3hom,1,-
taybi bechna layouret,0,taybi bechna chwiya brk
ghsel tajin el 3ayn bel ma ta3 el 3ayn,0,ghsel mechmach bel ma ta3 el 3ayn
techri seta krafes chario,0,techri seta chario krafes
el chahid sa7rawi el mas3oud arsel babah l lettre,0,el chahid sa7rawi el mas3oud arsel lettre l babah
el chahid tyayba 3abel ra7man teblissa fel citron,0,el chahid tyayba 3abel ra7man teblissa fel moudaharat
el moujahid srayech sa3id traba m3a walid,1,-
chrit zouj  oussama,0,chrit zouj  tout
el chahid lotfi mat bel magharat fel ressas,0,el chahid lotfi mat bel ressas fel magharat
achri 10 sac el ma7jouba,1,-
9oussina citron jrhna citron,0,9oussina citron jrhna dfarhoum
youklou senaria bel sniksa,0,youklou senaria bel 39ila
a9li tmatem fel m9la,1,-
klit 3 s7ouna 9ar3a,0,klit 3 s7ouna 3ayn ba9ra
arsoum cercle bel compat,1,-
nhazou 9alam rasas fel sac a dos,1,-
9lit temp fel watr,0,9lit temp fel me9la
ydour m3a ya39oub,1,-
el chahid ben bel5ir el 3amar kan fela7 fi 3am 1929,1,-
ntayab 3ayn ba9ra fel pastek,0,ntayab 3ayn ba9ra fel tabouna
achriw tmenya sachiyat banan,1,-
9aras moussa twafa y7areb,1,-
el chahid dayf lah ahmed te9tel bel ressas fel tomobil,1,-
el chahid belkacem krim arsel lettre l s7abou,1,-
ben sa3di sa3id mat y7areb,1,-
salaw el tarawi7 fel mesjed,1,-
hazit kous fel sac a dos,1,-
9oussou dwa bel sekin,1,-
taybet hrissa 7louwa chwiya,1,-
el chahid ben taleb 3abdel kader tejrah fel zlabia,0,el chahid ben taleb 3abdel kader tejrah fel car
athena el 3asima ta3 el younan,1,-
klit shourba skhona 7rgt lsany,1,-
el moujahid el 3warbi a7med ghlob tes3a dawria bel sekin,1,-
tghselou el ezar fel biscuit,0,tghselou el ezar fel machine a laver
el moujahid moustfa ferokhi 9tel 10 zit,0,el moujahid moustfa ferokhi 9tel 10 joundiyin
el moujahid rzi9at 3issa wela taba5,1,-
el moujahid rabah betat zed fi 3ayla chikoula,0,el moujahid rabah betat zed fi 3ayla mthe9fa
el fraise lounou 7mer,1,-
el chahid le3raba moussa tgas fel jbel,1,-
diri el confuture ta3 el hendi bel soukour,1,-
chrina el debcha men el 7anout,1,-
el moujahid mechri deraji 9etel 9 dawria bel bitrave,0,el moujahid mechri deraji 9etel 9 dawria bel sla7
el moujahid ben dawed 3liy ben sala7 mat fi miranda,0,el moujahid ben dawed 3liy ben sala7 mat fi 9 juil 1932
chrew 5emsa 5yar 9oufouf,0,chrew 5emsa 9oufouf 5yar
9acharna dala3,1,-
el moujahid ben ghanem el sa3id kteb lettre lel 5ouh,1,-
el moujahid me5fi le5der zed fi 3ayla zeri3a,0,el moujahid me5fi le5der zed fi 3ayla mthe9fa
el chahid sa3id bouali te9tel fel car,1,-
ntayab gem7 fel cuisinier,1,-
el moujahid ben sa3di ahmed 9tl 6 mortazi9a,1,-
y9asou zlabia bel sekin,1,-
el moujahid bourass la5der twafa fi 30 september 1942,1,-
el chahid lek7al sa3d 5alas fel metwesta fi 3am 1901,1,-
mohamed bougara kan sa7bou 3omar,1,-
9law el gelb,1,-
el moujahid srayech mes3oud arsel briya lel 3emtou,1,-
el moujahid 9wader el taher 9tel 5emsa jondi bel lben,0,el moujahid 9wader el taher 9tel 5emsa jondi bel 5enjar
youkel slata skhona tehreg foumou,1,-
el moujahid berkat el mas3oud tewled fi 3ayla fiha 5 fourmage,0,el moujahid berkat el mas3oud tewled fi 3ayla fiha 5 afrad
el moujahid 3a9oun mbarek arsel lettre lel millfay,0,el moujahid 3a9oun mbarek arsel lettre lel 5alou
el moujahid tyayba el 7aj mat fi anjas,0,el moujahid tyayba el 7aj mat fi 25 juin 1941
el chahid de7mani mo7amed ben mossa wassal envlop l la famille,1,-
el chahid belatrach le5missi tgas bel mina fel car,1,-
el moujahid srayech taher kan ydour m3a el gelb,0,el moujahid srayech taher kan ydour m3a 5aled
el moujahid amirouch ait hamouda mat fi 9ahwa,0,el moujahid amirouch ait hamouda mat fi chlef
9achrtou 5yar,1,-
el moujahid talbi el 3ajla mat fi batata,0,el moujahid talbi el 3ajla mat fi jelfa
el chahid 3a9oun mbarek 5alas fel mouz,0,el chahid 3a9oun mbarek 5alas fel thanawiya
el moujahid teraka le5der 9tel 9 jassos bel rsas,1,-
fawri slata fel ifri,0,fawri slata fel kskas
ktebt fel wer9a b stilo,1,-
srayech sa3id twafa fourmage,0,srayech sa3id twafa ykafe7
el moujahid 9warir ahmed ben la5der kber fi 3ayla moultazma,1,-
el moujahid be3raysia el jam3i ghloub tmenya joundiyin bel rachach,1,-
el dar fiha el salon,1,-
el moujahid srayech sa3id zed m3a 2 les eclaires,0,el moujahid srayech sa3id zed m3a 2 5awa
noukel sbagiti barda 7regt lsani,0,noukel sbagiti skhona 7regt lsani
ben zid 3amar hyatou kamla w houwa tajin el 3ayn,0,ben zid 3amar hyatou kamla w houwa y3alam
el moujahid fra7tih moussa 9tl 8 sekin bel mortazi9a,0,el moujahid fra7tih moussa 9tl 8 mortazi9a bel sekin
ben 3mour tayab traba m3a tarta,0,ben 3mour tayab traba m3a samy
el moujahid mechri sa3id twafa fi sferjel,0,el moujahid mechri sa3id twafa fi 16 december 1934
el moujahid tyayba mbarka s7abou maghreb,0,el moujahid tyayba mbarka s7abou walid
derna el jus ta3 tefa7 bel soukour,1,-
el moujahid ben sa3id mouhamed zed fi 3ayla fiha seta tarta,0,el moujahid ben sa3id mouhamed zed fi 3ayla fiha seta 3bad
kla 5emsa s7ouna coca,0,kla 5emsa s7ouna bechna
rouht lel marché chrit el khodra,1,-
el chahid be3raysia el jam3i mat bel tomobil fel sniper,0,el chahid be3raysia el jam3i mat bel sniper fel tomobil
el chahid mechri deraji te9tel bel ressas fel tomobil,1,-
9assit 5erdel,1,-
ner7iw 9ahwa bel 5alat,1,-
el moujahid chba7a mouhamed tewled ytim el chikoula,0,el moujahid chba7a mouhamed tewled ytim el oum
el chahid ben 5aled el 3mer t5araj fel madrassa 9ouraaniya fi 3am cidr,0,el chahid ben 5aled el 3mer t5araj fel madrassa 9ouraaniya fi 3am 1905
el moujahid amar athmani tewled fi 9 janvi 1935,1,-
el moujahid 9atouch brahim stachhed fi felfel,0,el moujahid 9atouch brahim stachhed fi soug hras
chrina el na3na3 men el superette,1,-
achriw 3 fraise fraise,0,achriw 3 chkayer fraise
tayab kabouya chwiya,1,-
yghsel temp bel 3ayn w javel,1,-
swalmia moussa hyatou kamla w houwa 3dam,0,swalmia moussa hyatou kamla w houwa y3alam
yfawro jraywat fel jraywat,0,yfawro jraywat fel kskas
teghsli mandarina bel ma,1,-
el moujahid fra7tih el 3ayachi hyatou kamla w houwa jouz,0,el moujahid fra7tih el 3ayachi hyatou kamla w houwa y7areb
e9liw el imti7an,0,e9liw el serdine bel farina
nechri seb3a chario chrik,1,-
el moujahid rawan 3issa 9tl 5 s3ayda,0,el moujahid rawan 3issa 9tl 5 mortazi9a
9oussina brouklou jrhna brouklou,0,9oussina brouklou jrhna dfarhoum
el moujahid 9aras moussa 9etel 2 dawria bel 5enjar,1,-
achri 7 senaria sachiyat,0,achri 7 sachiyat senaria
el moujahid zighoud youcef te9tel 9ahwa,0,el moujahid zighoud youcef te9tel yjahed
t5bi el jaj fel congelateur,1,-
chritou el 5oubz men el 5oubz,0,chritou el 5oubz men el 7anout
t5abi el 3aych fel refrigirateur,1,-
el chahid ben cha3ban mossa 5dem fela7 fi 3am chwa,0,el chahid ben cha3ban mossa 5dem fela7 fi 3am 1920
el moujahid si mohamed bougera wassal briya lel tayamoum,0,el moujahid si mohamed bougera wassal briya lel moujahdin
el 9ar3a foug el koursi,1,-
el moujahid 9warir ibrahim zed fi 3ayla moujahda,1,-
el moujahid ali mellah tewled fi 3ayla mthe9fa,1,-
el moujahid bissar el tayab tewled fi 3ayla tizana,0,el moujahid bissar el tayab tewled fi 3ayla met3alma
chrat 5emsa  batata mcherchma,1,-
9assitou souffli bel souffli,0,9assitou souffli bel mous
el moujahid houari el haj zed fi medeyna 3ayla,0,el moujahid houari el haj zed fi 3ayla medeyna
el moujahid 7irech ahmed kber fi 3ayla medeyna,1,-
chrina mandarina,1,-
chrat tes3a sachiyat el 7alwa,1,-
nghsel jraywat bel jraywat,0,nghsel jraywat bel 3ayn
n5abiw el serdine fel el serdine,0,n5abiw el serdine fel refrigirateur
el moujahid l3achach mouhamed traba ytim el ab,1,-
el tofla lbset el 5atem,1,-
el moujahid tyayba be7ria te9tel fi tarta,0,el moujahid tyayba be7ria te9tel fi 27 mars 1917
el chahid ahmed 3a9oun 5ela 3ayeltou l rissala,0,el chahid ahmed 3a9oun 5ela rissala l 3ayeltou
el kteb foug el tabla,1,-
chritou el kesra men el grossist,1,-
el moujahid rzi9at 3issa tewled fi mthe9fa 3ayla,0,el moujahid rzi9at 3issa tewled fi 3ayla mthe9fa
el moujahid ahmed zabana ghlob seb3a mortazi9a bel sekin,1,-
9oussina dfarhoum jrhna citron,0,9oussina citron jrhna dfarhoum
ychri chrik men el kardouni,0,ychri chrik men el 5abaz
7atit fel roz el far,0,7atit fel roz el krafes
klaw dinde skhon te7reg fomhoum,1,-
9oussina brouklou bel mous,1,-
el moujahid srayech 3li ben 3ethman twafa selecto,0,el moujahid srayech 3li ben 3ethman twafa y9awem fel i7tilal
el moujahid tawam mohamed wassal envlop lel babah,1,-
youkel el 5oubz bel el 7alwa,0,youkel el 5oubz bel zerba
klaw el kachir skhona te7reg fomhoum,1,-
el kalb sghir 3la el fil,1,-
el tfol fte7 el ta9a,1,-
el moujahid srayech m5tar 3ach fi 3ayla bourjwaziya,1,-
koulou nectarine bel la glace,0,koulou nectarine bel 39el
el bracelet lbes el tofla,0,el tofla lbset el bracelet
el chahid ben sa3di sa3id 5ela envlop l 3emou,1,-
kla kabouya skhona 7reg lsanou,1,-
9ousitou el 7out bel mous,1,-
ychriw el slata men el merchi,1,-
el chahid ben blida fatima zouhra twafa bel mina fel barage,1,-
y9os louz,0,y9os zaligou
el chahid  sejel fel tefa7,0,el chahid  sejel fel ta7diri
yghslou tacos bel ma,0,yghslou 7oumous bel ma
el moujahid didouch mourad traba m3a seta 3bad,1,-
el chahid 3a9on ahmed tayab twafa fel zit,0,el chahid 3a9on ahmed tayab twafa fel tomobil
el chahid srayech 3issa arsel message l jadatou,1,-
negli ch3ir fel four,1,-
7amsi pistache fel m9la,1,-
el moujahid  9tl 5 sekin bel general,0,el moujahid  9tl 5 general bel sekin
klaw 3achra s7ouna les eclaires,1,-
el chahid belatrach le5missi wassal briya l moujahdin,1,-
a5dmou el confuture ta3 el 7alba,1,-
el moujahid chba7a mes3oud twafa anjas,0,el moujahid chba7a mes3oud twafa y9awem fel i7tilal
el moujahid sa3id bouali kan ydour m3a felfel 7law,0,el moujahid sa3id bouali kan ydour m3a 3omar
n5abiw el serdine fel sniksa,0,n5abiw el serdine fel refrigirateur
el chahid tyayba mohamed 5ela 3emou l lettre,0,el chahid tyayba mohamed 5ela lettre l 3emou
el moujahid ben taleb 7ouriya 9etel 10 espion bel millfay,0,el moujahid ben taleb 7ouriya 9etel 10 espion bel rsas
9warir ahmed ben la5der kan sa7bou mac os,0,9warir ahmed ben la5der kan sa7bou zaky
ntouma klitou stilou fel 3cha,0,ntouma st3mltou stilou bach nkteb
el moujahid l3achach mouhamed tewled fi el gelb,0,el moujahid l3achach mouhamed tewled fi 13 december 1915
taybet biscuit chwiya,1,-
achri 5  frit,1,-
be3raysia el jam3i kan sa7bou senaria,0,be3raysia el jam3i kan sa7bou isma3il
el moujahid talbi el 3ajla mat fi jelfa,1,-
el moujahid de7mani 7afsa traba fi 3ayla moultazma,1,-
t5abi el ghers fel frigidar,1,-
el moujahid ahmed 3a9oun tewled fi 3ayla fiha 5emsa bougelez,0,el moujahid ahmed 3a9oun tewled fi 3ayla fiha 5emsa 5awa
chritou el rfis men el godas,0,chritou el rfis men el 7anout
el moujahid nech el mas3oud kan mecanicient,1,-
el moujahid mechri sa3id ghloub  rouman,0,el moujahid mechri sa3id ghloub  general
diri el confuture ta3 el hendi,1,-
el moujahid tyayba mes3oud kber ytim el basla,0,el moujahid tyayba mes3oud kber ytim el abawayn
9asit bouzelouf jraht doufri,1,-
el chahid tyayba be7ria kan fermli fi 3am 1941,1,-
el moujahid ben fetoum le5der 9tl zouj batata,0,el moujahid ben fetoum le5der 9tl zouj general
r7it dwida,0,r7it ma3dnous
ghsel mechmach bel mechmach,0,ghsel mechmach bel ma ta3 el 3ayn
9oussit frit bel mous,1,-
el chahid 3ethmania 3abd el 7afi kteb message l jedou,1,-
el moujahid 9wadria haj ben moussa arsel rissala lel jedou,1,-
el chahid m5fi mohamed teblissa bel ghaba fel ressas,0,el chahid m5fi mohamed teblissa bel ressas fel ghaba
el moujahid 5mays mohmad tewled fi mila,1,-
achri 6 tarteulette tarteulette,0,achri 6  tarteulette
el chahid maki ahmed d5el fel zawya fi 3am tarta,0,el chahid maki ahmed d5el fel zawya fi 3am 1949
klaw dvd,0,klaw el 3neb
techri seta krafes krafes,0,techri seta chario krafes
el chahid de7mani fatima 9ra fel ta7diri fi 3am 1917,1,-
el chahid 9warir le5der t5araj fel ta7diri,1,-
ychriw el jouz men el 7anout ta3 el 9ach,0,ychriw el jouz men el taxiphone
belkacem krim stachhed jraywat,0,belkacem krim stachhed yerfa3 fel 9adia el jazayriya
y9acher 9ar3a,0,y9acher zeri3a
rouht lel bimo jebt el cosmetique,0,rouht lel cosmetique jebt el bimo
ychriw el jraywat men el 5adar,1,-
n5abiw tarta fel refrigirateur,1,-
el moujahid le3raba moussa 9tl 5 caprise,0,el moujahid le3raba moussa 9tl 5 espion
ndirou el jus ta3 brouklou,0,ndirou el jus ta3 tout
el chahid de7mani fatima te9tel bel mina fel tunel,1,-
el moujahid ali ben 3ayoun tewled fi jelfa,1,-
koli sel9 bel jili,0,koli sel9 bel lehfa
yahiawi 3mor ydour m3a zaky,1,-
el moujahid ben dawed mohamed 3ach m3a mer7oum,0,el moujahid ben dawed mohamed 3ach m3a 5aled
el moujahid tyayba ahmed wassal rissala lel 5altou,1,-
9aras said twafa y9awem fel i7tilal,1,-
el moujahid swa3dia 5aled ben said ghlb seta dawria bel 5erdel,0,el moujahid swa3dia 5aled ben said ghlb seta dawria bel rassas
9asit el 3neb jraht el 3neb,0,9asit el 3neb jraht doufri
ner7iw loubia,1,-
el moujahid srayech 3li ben 3ethman tewled fi zeri3a,0,el moujahid srayech 3li ben 3ethman tewled fi tamanraset
yoklo la puri barda t7rg fomhom,0,yoklo la puri skhona t7rg fomhom
t9assou nectarine jre7na dfourhom,1,-
el chahid ahmed ben abdel kader ye5dem 7aris fi 3am maghreb,0,el chahid ahmed ben abdel kader ye5dem 7aris fi 3am 1928
ye9liw tout,0,ye9liw batata
chrina el hrissa 7louwa men el ip v4,0,chrina el hrissa 7louwa men el 7anout
el moujahid tyayba el 7oussin kber fi 3ayla fiha 2 afrad,1,-
el moujahid kechroud sa3id ben mouhamed kan sa7bou zaky,1,-
chrina el ananas men el 5adar,1,-
9law tout,0,9law el jaj
el moujahid zighoud youcef kan pintre,1,-
el chahid bel 3arbi sghir twafa fel gazouz,0,el chahid bel 3arbi sghir twafa fel moudaharat
el chahid ben bel5ir el 3amar stachhed bel ghaba fel ressas,0,el chahid ben bel5ir el 3amar stachhed bel ressas fel ghaba
el moujahid ben blida el chrif 9tel seta jondi bel felfel 7ar,0,el moujahid ben blida el chrif 9tel seta jondi bel rachach
tayebt karet,0,tayebt zaligou
el moujahid ben amor raba7 3ach fi 3ayla fa9ira,1,-
el moujahid teraka le5der arsel message lel 3emou,1,-
el moujahid ben blida el chrif mat y3alam,1,-
klito tajin el 3ayn skhona 7rgto lsankom,1,-
khabit fer7a fel fer7a,0,khabit fer7a fel congelateur
el moujahid far 3li ben ahmed kber fi 3ayla medeyna,1,-
el moujahid de7mani sa3id ydour m3a ananas,0,el moujahid de7mani sa3id ydour m3a 5aled
el moujahid ben blida fatima zouhra 3ach fi moujahda 3ayla,0,el moujahid ben blida fatima zouhra 3ach fi 3ayla moujahda
youklou 7 mgharef el beri,0,youklou 7 mgharef rfis
el chahid teraka le5der d5el fel madrassa 9ouraaniya fi 3am tachghil,0,el chahid teraka le5der d5el fel madrassa 9ouraaniya fi 3am 1906
el moujahid tyayba moussa 3ach ye5dem fi bladou,1,-
el moujahid ben 5aled el 3mer 9tl zouj general bel rachach,1,-
el moujahid me5fi mohamed 9tel tes3a rsas bel jassos,0,el moujahid me5fi mohamed 9tel tes3a jassos bel rsas
el moujahid srayech m5tar traba fi 3ayla fiha reb3a 5oukh,0,el moujahid srayech m5tar traba fi 3ayla fiha reb3a 5awa
7amast biscuit,0,7amast jouz
el chahid ben cha3ban issa 9ra fel les eclaires,0,el chahid ben cha3ban issa 9ra fel ta7diri
klaw chwa skhona 7rgo lsanhm,1,-
el moujahid 9atouch raba7 3ach fi 3ayla fiha 4 3bad,1,-
9oussina krafes bel sekin,1,-
el moujahid chba7a moussa zed fi zit,0,el moujahid chba7a moussa zed fi telemcen
el chahid srayech el 3id kan electricient fi 3am s3ayda,0,el chahid srayech el 3id kan electricient fi 3am 1946
ychriw el choufan men el jili,0,ychriw el choufan men el grossist
ytayeb rfis la creme,0,ytayeb rfis bzef
el chahid de7mani 3li ben frej te9tel bel sekin fel moudaharat,1,-
krim bel kacem stachhed tabla,0,krim bel kacem stachhed ykafe7
achriw 4 chario zaligou,1,-
glaw boufraywa,1,-
chrina el tizana men el superette,1,-
el moujahid srayech mes3oud ghlob 7 felfel 7ar,0,el moujahid srayech mes3oud ghlob 7 9anas
el chahid tyayba ahmed d5el fel cidr,0,el chahid tyayba ahmed d5el fel zawya
nghsel tmatem bel tmatem,0,nghsel tmatem bel 3ayn
chrew seta 9oufouf chikoula,1,-
el moujahid de7mani mo7amed ben mossa tewled ytim el mouz,0,el moujahid de7mani mo7amed ben mossa tewled ytim el oum
el moujahid mouhamed boudiaf kan tay,0,el moujahid mouhamed boudiaf kan fela7
rouht lel stade tfrjt el match,1,-
tayabna batata bel fourmage,1,-
ytaybou chkara ta3 nilou,0,ytaybou sbagiti
bel 3arbi sghir 3ach y7areb,1,-
kilna gernoun,1,-
9assitou fraise bel fraise,0,9assitou fraise bel mous
chriti el kiwi men el 5adar,1,-
y3agabou fard mli7,1,-
el moujahid l3achach mouhamed tewled fi miranda,0,el moujahid l3achach mouhamed tewled fi blida
neghsel 5erdel bel 5erdel,0,neghsel 5erdel bel ma ta3 el 3ayn
el moujahid ben 3adel mohamed ben 9wider stachhed fi felfel 7law,0,el moujahid ben 3adel mohamed ben 9wider stachhed fi 26 juil 1920
el moujahid ben dawed 3liy ben sala7 zed m3a 3 afrad,1,-
regdou foug matra7 w ghataw b zawra,1,-
el chahid 9warir mouhamed 5alas fel zawya fi 3am 1934,1,-
khabit fer7a fel congelateur,1,-
chrina el pistache men el pistache,0,chrina el pistache men el 7anout
el moujahid me5fi 3abdel 9ader kan ydour m3a isma3il,1,-
yer7iw kourkoum,1,-
el moujahid srayech taher ghlb 5emsa rsas bel joundiyin,0,el moujahid srayech taher ghlb 5emsa joundiyin bel rsas
klaw 9 s7ouna jouz,1,-
haho diro li lkode,0,haho lkode li diro
ytayeb kesra dra,0,ytayeb kesra bzef
y5abiw chawarma fel chawarma,0,y5abiw chawarma fel refrigirateur
chrew 5 chario kojaka,1,-
el chahid mimon 3amar ben la5der ye5dem fela7 fi 3am el bourak,0,el chahid mimon 3amar ben la5der ye5dem fela7 fi 3am 1916
nsali el watr fel mesjed,1,-
salitou el soub7 fel jama3,1,-
el moujahid srayech 3li ben 3ethman kber fi 3ayla fiha 7 kabouya,0,el moujahid srayech 3li ben 3ethman kber fi 3ayla fiha 7 3bad
r7ina bitrave bel roubo,1,-
el chahid ben bel5ir el 3amar stachhed fel ghaba,1,-
belatrach ibrahim kan sa7bou kawkaw,0,belatrach ibrahim kan sa7bou walid
el moujahid 9aras moussa 9etel 2 dawria bel batata,0,el moujahid 9aras moussa 9etel 2 dawria bel 5enjar
el moujahid ouhida rabah ben mohamed 9tel 4 jassos bel rachach,1,-
t9assou nectarine jre7na nectarine,0,t9assou nectarine jre7na dfourhom
el moujahid 3fafsa 3mer 9etel tmenya kojaka,0,el moujahid 3fafsa 3mer 9etel tmenya joundiyin
Kifh hedi wlh la fehmt,1,-
koli el gelb bel mougherf,1,-
5demna el confuture ta3 kartous,1,-
el chahid tyayba deraji sejel fel zawya fi 3am gateau,0,el chahid tyayba deraji sejel fel zawya fi 3am 1942
el chahid rawan sa3d wela la7am fi 3am janaza,0,el chahid rawan sa3d wela la7am fi 3am 1934
el jouere yl3b da5l el terrain,1,-
chriti el farawla men el mistara,0,chriti el farawla men el marchi
ghsel bitrave bel bitrave,0,ghsel bitrave bel ma ta3 el 3ayn
el moujahid srayech 3abd rahman zed fi mderhma 3ayla,0,el moujahid srayech 3abd rahman zed fi 3ayla mderhma
el moujahid 5mays mohmad ghlob reb3a jondi bel bitrave,0,el moujahid 5mays mohmad ghlob reb3a jondi bel 5enjar
khabit kamoun fel frigo,1,-
el moujahid berkat sa3id b3et rissala lel 5alou,1,-
el chahid ben bou el aid mohamed wassal briya l 3emou,1,-
el moujahid tyayba deraji zed fi timimoun,1,-
ychri el cacao men el kardouni,0,ychri el cacao men el patisri
el bit fiha el dar,0,el dar fiha el bit
rouht lel jame3 bel martou,0,rouht lel jame3 bel sac
el moujahid de7mani 3li ben frej 3ach fi 3ayla kabouya,0,el moujahid de7mani 3li ben frej 3ach fi 3ayla mthe9fa
el moujahid 3a9oun bhija tewled fi 3ayla bourjwaziya,1,-
el 9at y3oum fel ma,0,el 9at ymchi 3la rjlih
nech mouhamed mat tacos,0,nech mouhamed mat y3alam
y5abiw kojaka fel frigo,1,-
ya9lbohalk ask chof,0,chof ask ya9lbohalk
chrat 5emsa sac 9alb louz,1,-
el moujahid 9atouch raba7 twafa fi 23 december 1943,1,-
koli anjas bel lehfa,1,-
yechriw seb3a  dwa,1,-
klina tmatem bel mougherf,1,-
yklo basla skhon 7ergou basla,0,yklo basla skhon 7ergou fmhm
el moujahid dayf lah ahmed ghlob 5 jondi bel 5enjar,1,-
el moujahid tyayba mbarka te9tel cidr,0,el moujahid tyayba mbarka te9tel yerfa3 fel 9adia el jazayriya
el chahid talbi bouzidi te9tel fel barage,1,-
teghsel pistache bel 3ayn w javel,1,-
a5dmou el jus ta3 kartous bel soukour,1,-
ghsel tina bel 3ayn w chwa,0,ghsel tina bel 3ayn w 5el
el tofla lbset el sbat,1,-
el chahid srayech 3amar 9ra fel jami3a,1,-
9lit t9acher,0,9lit el 3dam
el moujahid bouderba salah wassal envlop lel s3ayda,0,el moujahid bouderba salah wassal envlop lel 5alou
9assitou chrik jer7ou yedikoum,1,-
rah nsali soub7,1,-
el moujahid rawan el sa3id ye5dem mesjed,0,el moujahid rawan el sa3id ye5dem jazar
el chahid ben bel5ir el mas3oud wela mouwal fi 3am gateau,0,el chahid ben bel5ir el mas3oud wela mouwal fi 3am 1912
el moujahid mimon 3amar ben la5der 3ach m3a samy,1,-
fawarna rfis,1,-
youkel kesra bel mogherfa,1,-
toumi sa3d s7abou fajr,0,toumi sa3d s7abou brahim
talbi mohamed 3ach m3a capotichinou,0,talbi mohamed 3ach m3a adam
tfawar brouklou fel keskas,1,-
me5fi mes3oud traba m3a abel raouf,1,-
chrina el na3na3 men el 7anout,1,-
salitou el mesjed f 3icha,0,salitou el 3icha fel mesjed
el moujahid srayech moussa s7abou vichi,0,el moujahid srayech moussa s7abou mossa
achriw seta chkayer 3asr,0,achriw seta chkayer zeri3a
start bel mistara,1,-
chrina el rouman men el mol,1,-
el moujahid bouna3as mouhamed zed fi 3ayla mthe9fa,1,-
ychriw el brouklou men el merchi,1,-
t5bi zlabia fel zlabia,0,t5bi zlabia fel refrigirateur
tayab garnoun chwiya,1,-
el chahid srayech tahar d5el fel l7am,0,el chahid srayech tahar d5el fel madrassa 9ouraaniya
bourza9 3abdel 7amid 3ach m3a chikoula,0,bourza9 3abdel 7amid 3ach m3a 3omar
chrina fanta men el 7anout,1,-
el moujahid  tewled fi 5enchla,1,-
t5bi zaligou fel congelateur,1,-
hazit sac a dos fel kous,0,hazit kous fel sac a dos
el chahid el 3warbi a7med twafa fel train,1,-
el chahid ben sa3di sa3id d5el fel tajin el 3ayn,0,el chahid ben sa3di sa3id d5el fel takwin el mihani
el chahid 9warir mouhamed kan 5ayat fi 3am kouris,0,el chahid 9warir mouhamed kan 5ayat fi 3am 1932
el moujahid tyayba 3mer arsel briya lel cha3b,1,-
ner7i dwa,0,ner7i 3des
el moujahid nech el mas3oud 9etel tes3a jondi,1,-
ben cha3ban newi stachhed tacos,0,ben cha3ban newi stachhed y9awem fel i7tilal
el moujahid nech salem tewled fi ananas,0,el moujahid nech salem tewled fi 20 juil 1922
rouht lel sfenj chrit el koucha,0,rouht lel koucha chrit el sfenj
el chahid mouhamed ben abdel malek ramdan te9tel fel tomobil,1,-
el moujahid bel 3arbi sghir 9etel 7 general,1,-
achriw seta 9oufouf bouzelouf,1,-
kla trida bel batata me9lia,0,kla trida bel mogherfa
t5abi el 3neb fel el 3neb,0,t5abi el 3neb fel frigo
de7mani fatima stachhed y9awem fel i7tilal,1,-
klit 3des bared 7rgt fomi,0,klit 3des skhon 7rgt fomi
t7amsi bechna fel four,1,-
el chahid  5ela moujahdin l message,0,el chahid  5ela message l moujahdin
9ousitou banan jrhtou dfourkom,1,-
tfawar 7lib,0,tfawar felfel 7ar
9achrtou layouret,0,9achrtou banan
ki smouha la pus,1,-
er7iw pistache bel 7lib,0,er7iw pistache bel mixeur
el moujahid mnasria mohamed mat fi tajin el 3ayn,0,el moujahid mnasria mohamed mat fi el wed
el chahid sa7rawi el mas3oud t5araj fel el bourak,0,el chahid sa7rawi el mas3oud t5araj fel metwesta
tayabtou sniksa,0,tayabtou chba7 sefra
9oussit debcha jra7t debcha,0,9oussit debcha jra7t ydi
r7aw batata me9lia bel roubo,1,-
el 9at yakl el 7chich,0,el 9at yakl el l7m
el moujahid tyayba 3mer kan sa7bou zaky,1,-
t9achrou rouman bel sekin,1,-
n5abiw basla fel beribas,0,n5abiw basla fel frigo
n5abiw 9astel fel beribas,0,n5abiw 9astel fel congelateur
el moujahid berkat el mas3oud tewled fi bechar,1,-
el chahid lotfi mat fel pizza,0,el chahid lotfi mat fel magharat
cherbou citron,1,-
el chahid sitouf bel 9assem kteb 3ayeltou l rissala,0,el chahid sitouf bel 9assem kteb rissala l 3ayeltou
el moujahid chba7a mes3oud zed ytim el abawayn,1,-
koli el 3aych bel 39ila,1,-
yghslou tefa7 bel tefa7,0,yghslou tefa7 bel 3ayn
abidjan 3asima ta3 el cameroon,0,yaounde 3asima ta3 el cameroon
el chahid m5fi mohamed ye5dem moudaris fi 3am 1948,1,-
el moujahid larbi ben mhidi 9tel 7 jondi,1,-
kla lsanou bared 7reg kabouya,0,kla kabouya skhona 7reg lsanou
el moujahid belfar mohamed zed fi fagous,0,el moujahid belfar mohamed zed fi 3 juin 1949
ghselt kroumb bel 3ayn w jus,0,ghselt kroumb bel 3ayn w javel
el moujahid ziytouni sa3id wela bougelez,0,el moujahid ziytouni sa3id wela pintre
ner7i kit man,0,ner7i tefa7
el moujahid zighoud youcef kber m3a seta afrad,1,-
el moujahid l3ayada 5ira zed fi coca,0,el moujahid l3ayada 5ira zed fi 27 janvi 1929
teghsli kesra bel 3ayn,0,teghsli zeri3a bel 3ayn
el moujahid ahmed 3a9oun twafa y3alam,1,-
el moujahid 3a9oun bhija zed fi 22 aute 1913,1,-
klito batata 7lawa barda 7rgto lsankom,0,klito batata 7lawa skhona 7rgto lsankom
el chahid talbi mohamed te9tel bel mina fel 7arb,1,-
el moujahid de7mani bel 9assem kteb message lel shourba,0,el moujahid de7mani bel 9assem kteb message lel 3ayeltou
el chahid teraka le5der mat fel tomobil,1,-
el moujahid me5fi mohamed sidi9 ghlob 3achra jondi bel sekin,1,-
el moujahid lbouazed le5der 5ela envlop lel pizza,0,el moujahid lbouazed le5der 5ela envlop lel la famille
teghsel loubia bel ma ta3 el 3ayn w 5el,1,-
si el houwas s7abou mouhamed,1,-
el 9at yhrb mn el kalb,1,-
dayf lah sa3d stachhed yed3am f cha3b,1,-
el chahid srayech 3abd rahman sejel fel jami3a fi 3am batata,0,el chahid srayech 3abd rahman sejel fel jami3a fi 3am 1928
el moujahid 9erouj mouhamed ben rabah tewled ytim el ab,1,-
klina chbe7 sefra bel kaskita,0,klina chbe7 sefra bel mogherfa
el moujahid ben 5aled 3li tewled m3a tmenya layouret,0,el moujahid ben 5aled 3li tewled m3a tmenya 3bad
taybou 5yar fel kojaka,0,taybou 5yar fel four
el chahid si mohamed bougera teblissa fel jbel,1,-
rouht lel superette chrit el melh,1,-
r7ina kawkaw bel kawkaw,0,r7ina kawkaw bel ra7aya
ghenia jaya fel amerique,0,ghenia jaya fel afrique
el moujahid ahmed zabana te9tel yjahed,1,-
el moujahid 3a9on el m5ater ghloub 3 grenada bel mortazi9a,0,el moujahid 3a9on el m5ater ghloub 3 mortazi9a bel grenada
noukel el 5ayt,0,noukel el 7oumous
el moujahid zytoni amar traba m3a mossa,1,-
klaw kebda skhona 7rgo lsanhm,1,-
el chahid srayech fatmi 5alas fel jami3a fi 3am mer7oum,0,el chahid srayech fatmi 5alas fel jami3a fi 3am 1922
chrit el kawkaw men el raparateur,0,chrit el kawkaw men el taxiphone
el moujahid 7irech ahmed stachhed fi gazouz,0,el moujahid 7irech ahmed stachhed fi 23 janvi 1915
klaw berboucha skhona te7reg berboucha,0,klaw berboucha skhona te7reg fomhoum
el chahid de7mani sa3id t5araj fel madrassa 9ouraaniya fi 3am na3na3,0,el chahid de7mani sa3id t5araj fel madrassa 9ouraaniya fi 3am 1943
n5abiw dala3 fel jili,0,n5abiw dala3 fel refrigirateur
tayab kabouya fel woudouaa,0,tayab kabouya fel nar
9lit gem7,0,9lit dinde
el chahid de7mani a7med tgas fel barage,1,-
ktebna fel stabilo b ktab,0,ktebna fel ktab b stabilo
ye5dem el jus ta3 nectarine bel mel7,0,ye5dem el jus ta3 nectarine bel soukour
el moujahid me5fi mohamed sidi9 wela kiwi,0,el moujahid me5fi mohamed sidi9 wela mecanicient
el moujahid ali la pointe ghlob reb3a mortazi9a bel pistache,0,el moujahid ali la pointe ghlob reb3a mortazi9a bel rsas
achri 6 sachiyat clavier,0,achri 6 sachiyat chawarma
ntayab 9alb louz chwiya brk,1,-
el moujahid yahiawi 3mor ghlb 6 shourba,0,el moujahid yahiawi 3mor ghlb 6 commandan
9oussit batata me9lia,1,-
taybet debcha 7ab el mlouk,0,taybet debcha chwiya
el chahid srayech m5tar kan tbib fi 3am 1948,1,-
el moujahid ahmed lounes tewled ytim el tarta,0,el moujahid ahmed lounes tewled ytim el ab
el chahid tyayba mbarka sejel fel 9ar3a,0,el chahid tyayba mbarka sejel fel jami3a
yer7iw kabouya bel ra7aya,1,-
yaounde 3asima ta3 el cameroon,1,-
el chahid srayech mohamed mat fel felfel 7law,0,el chahid srayech mohamed mat fel 7arb
taybi jraywat chwiya brk,1,-
9achrou batata 7lawa bel na3na3,0,9achrou batata 7lawa bel mous
el moujahid fra7tih moussa traba m3a windows,0,el moujahid fra7tih moussa traba m3a 5aled
split el 3asima ta3 croitia,0,zaghreb el 3asima ta3 croitia
rouht fi train lel matar,1,-
el moujahid srayech taher hyatou kamla w houwa zarbia,0,el moujahid srayech taher hyatou kamla w houwa yed3am f cha3b
ner7iw janaza,0,ner7iw jelbana
de7mani mo7amed hyatou kamla w houwa ddr3,0,de7mani mo7amed hyatou kamla w houwa yed3am f cha3b
el moujahid 3a9on ahmed tayab tewled m3a zouj croissant,0,el moujahid 3a9on ahmed tayab tewled m3a zouj 3bad
klitou el jaj skhona 7regto el jaj,0,klitou el jaj skhona 7regto fomkom
el moujahid 9warir ibrahim zed fi 3ayla khourchef,0,el moujahid 9warir ibrahim zed fi 3ayla moujahda
gheslo kabouya bel kabouya,0,gheslo kabouya bel 3ayn
el moujahid l3achach mes3oud stachhed zlabia,0,el moujahid l3achach mes3oud stachhed yerfa3 fel 9adia el jazayriya
youkel seb3a s7ouna jus,0,youkel seb3a s7ouna kartous
rouht fi matar lel train,0,rouht fi train lel matar
el moujahid mouhamed boudiaf tewled ytim el felfel 7law,0,el moujahid mouhamed boudiaf tewled ytim el oum
el moujahid chba7a mes3oud kan tajin el 3ayn,0,el moujahid chba7a mes3oud kan tbib
el chahid bel 3amri 3abdel 9ader kteb 5tou l envlop,0,el chahid bel 3amri 3abdel 9ader kteb envlop l 5tou
el moujahid m5fi mohamed ghlb tes3a espion,1,-
y3agabou intero mli7,1,-
chrina el kamoun men el nwader,0,chrina el kamoun men el 7anout
el moujahid de7mani bel 9assem ydour m3a mouhamed,1,-
el moujahid srayech ahmed tewled fi 3dam,0,el moujahid srayech ahmed tewled fi taraf
nmchet cha3ri bel siwak,0,nmchet cha3ri bel brosse
el moujahid 9aras moussa 3ach m3a seta gazouz,0,el moujahid 9aras moussa 3ach m3a seta 3bad
7atit fel fraise el sms,0,7atit fel fraise el souker
amar athmani 3ach dinde,0,amar athmani 3ach y9atel
el joumla fiha el kelma,1,-
el saf7a fih el kteb,0,el kteb fih el saf7a
cherbou el jus ta3 9aras,1,-
el younen jaya fel europe,1,-
saliw el jama3 f fajr,0,saliw el fajr fel jama3
ytayeb khourchef fel dra,0,ytayeb khourchef fel nar
el moujahid ali mellah kber m3a tlata afrad,1,-
chrina la puri men el fastfood,1,-
3agabna wa3er fard,0,3agabna fard wa3er
khabit sferjel fel frigidar,1,-
el tabla foug el tele,0,el tele foug el tabla
koulou tes3a s7ouna kit man,0,koulou tes3a s7ouna fagous
n9ous tachghil,0,n9ous jelbana
el moujahid mouhamed boudiaf mat fi djanet,1,-
el chahid chba7a mostfa sejel fel takwin el mihani fi 3am layouret,0,el chahid chba7a mostfa sejel fel takwin el mihani fi 3am 1928
el moujahid srayech el 3id tewled fi 3ayla fa9ira,1,-
el moujahid la5der bentobal tewled fi 3ayla mou7arba,1,-
n9ous ram,0,n9ous el creuvette
ner7iw fer7a,0,ner7iw tachghil
el chahid ben cha3ban newi tgas bel barage fel ressas,0,el chahid ben cha3ban newi tgas bel ressas fel barage
el moujahid ben cha3ban el haj bouzian zed fi 3ayla nouga,0,el moujahid ben cha3ban el haj bouzian zed fi 3ayla mderhma
el moujahid bla3da mohamed tewled fi 27 juin 1941,1,-
klaw el 5oubz skhona 7ergo lsankom,1,-
el moujahid sraych mes3oud zed ytim el zit,0,el moujahid sraych mes3oud zed ytim el abawayn
el moto rekbt fel tfol,0,el tfol rkeb fel moto
n9essou el dinde,1,-
nechri 9 sac selecto,1,-
el moujahid 3a9on mohamed 9tl zouj commandan bel rachach,1,-
srayech bel 9assem kan ydour m3a zit,0,srayech bel 9assem kan ydour m3a walid
ntaybou sferjel fel four,1,-
n5abiw shourba fel sniksa,0,n5abiw shourba fel frigo
chrat 5emsa sac ssd,0,chrat 5emsa sac omlette
chraw el jus men el merchi,1,-
yokel jelbana skhona 7reg jelbana,0,yokel jelbana skhona 7reg lsano
klito lsankom barda 7rgto felfel,0,klito felfel skhon 7rgto lsankom
el chahid ben 3mour tayab 9ra fel felfel,0,el chahid ben 3mour tayab 9ra fel madrassa 9ouraaniya
yghslou senaria bel 3ayn,1,-
ntayab 9alb louz la creme,0,ntayab 9alb louz chwiya brk
el moujahid berkat el mas3oud tewled fi 3ayla fiha 5 afrad,1,-
el moujahid sa3id bouali ye5dem chi5,1,-
r7aw mesfouf bel 5alat,1,-
chargit el pc bel chargeur,1,-
ndirou el confuture ta3 fagous,1,-
el moujahid de7mani 7afsa b3et briya lel 5alou,1,-
klit 3 mgharef bechma9,0,klit 3 mgharef 3sel
el moujahid 9esri 3issa tewled m3a tlata 5awa,1,-
koli 4 s7ouna gili,0,koli 4 s7ouna el 7out
el chahid swalmia moussa 9ra fel bitrave,0,el chahid swalmia moussa 9ra fel metwesta
el chahid bourza9 3abdel 9ader 9ra fel thanawiya fi 3am 1916,1,-
achriw 6 chario coca,1,-
rouht lel superette chrit el sokre,1,-
el moujahid bouna3as mouhamed 9tl 4 espion,1,-
srayech el 3id s7abou ahmed,1,-
chrina el creme dessert men el boutique,1,-
el moujahid moustfa ben bou el aid 3ach fi 3ayla bourjwaziya,1,-
chrina el 9ar3a men el 7anout,1,-
el chahid ali ben 3ayoun mat bel car fel mous,0,el chahid ali ben 3ayoun mat bel mous fel car
el moujahid el 3warbi a7med zed fi 3ayla fa9ira,1,-
ntaybou gateau chwiya brk,1,-
Mais cnx prk t9ila,1,-
chrew 5emsa 9oufouf 5yar,1,-
el chahid ben zawi ahmed 5alas fel senaria,0,el chahid ben zawi ahmed 5alas fel madrassa 9ouraaniya
5dem el jus ta3 mouz bel soukour,1,-
el chahid ben cha3ban el haj bouzian sejel fel jami3a fi 3am banan,0,el chahid ben cha3ban el haj bouzian sejel fel jami3a fi 3am 1935
el moujahid ben sa3di el mas3oud hyatou kamla w houwa y9awem fel i7tilal,1,-
el chahid bourza9 3aicha tejrah fel jbel,1,-
el chahid ben zawi ahmed 5alas fel madrassa 9ouraaniya fi 3am sferjel,0,el chahid ben zawi ahmed 5alas fel madrassa 9ouraaniya fi 3am 1934
klit kawkaw bel 39ila,1,-
el moujahid berkat sa3id twafa fi ananas,0,el moujahid berkat sa3id twafa fi aghwat
Rani hab nhabes l'abonnement,1,-
rouht lel hanout chrbt el tay,1,-
chraw el 3neb,1,-
el moujahid nessal el jloud brahim zed fi 3ayla bouzelouf,0,el moujahid nessal el jloud brahim zed fi 3ayla medeyna
9oussit el ma7jouba jra7t ydi,1,-
neghsel 5erdel bel ma ta3 el 3ayn,1,-
el chahid 3a9on ahmed tayab twafa bel tomobil fel grenada,0,el chahid 3a9on ahmed tayab twafa bel grenada fel tomobil
el chahid ouhida rabah ben mohamed t5araj fel shourba,0,el chahid ouhida rabah ben mohamed t5araj fel ta7diri
y5abiw tajin el 3ayn fel frigidar,1,-
la prochaine placa ndiroulek fois,0,la prochaine fois ndiroulek placa
el moujahid bourza9 3abdel 7amid 3ach fi 3ayla bourjwaziya,1,-
el maroc jaya fel europe,0,el maroc jaya fel afrique
el chahid tyayba 3amar teblissa fel train,1,-
el moujahid ben zawi ahmed tewled ytim el tajin el 3ayn,0,el moujahid ben zawi ahmed tewled ytim el oum
neghsel chikoula bel ma ta3 el 3ayn,0,neghsel 5erdel bel ma ta3 el 3ayn
chrat 5emsa batata mcherchma,0,chrat 5emsa  batata mcherchma
el moujahid de7mani bel 9assem ye5dem 7aris,1,-
nti ysa3dek wach 5ayri,0,nti 5ayri wach ysa3dek
el dar fiha el bit,1,-
el moujahid srayech raba7 zed fi 3ayla fiha 8 sferjel,0,el moujahid srayech raba7 zed fi 3ayla fiha 8 5awa
chrina el pepsi men el superette,1,-
cherbou el la3ba,0,cherbou el pepsi
el moujahid belfar mohamed te9tel usb,0,el moujahid belfar mohamed te9tel y9awem fel i7tilal
chrit tlata sac ch3ir,1,-
y5abiw 3sel fel congelateur,1,-
el sma lounha sfer,0,el sma lounha zreg
el chahid srayech 3amar te9tel fel tomobil,1,-
el chahid 9atouch brahim t5araj fel zawya fi 3am biscuit,0,el chahid 9atouch brahim t5araj fel zawya fi 3am 1902
youklou jelbana bel 39ila,1,-
el chahid lek7al sa3d 5dem jazar fi 3am soub7,0,el chahid lek7al sa3d 5dem jazar fi 3am 1948
el chahid chba7a mes3oud t5araj fel takwin el mihani fi 3am el 7alwa,0,el chahid chba7a mes3oud t5araj fel takwin el mihani fi 3am 1941
t9assou anjas jre7na anjas,0,t9assou anjas jre7na dfourhom
klaw ecran,0,klaw el bourak
el moujahid lek7al 3issa traba m3a moustfa,1,-
9oussou tout jr7tou tout,0,9oussou tout jr7tou yedhoum
el chahid 3fafsa 3mer twafa fel train,1,-
el moujahid 9aras 3abdlah te9tel fi 5oukh,0,el moujahid 9aras 3abdlah te9tel fi 2 aute 1908
a5dmi el jus ta3 tmer bel mel7,0,a5dmi el jus ta3 tmer bel soukour
y9oussou kroumb bel ddr3,0,y9oussou kroumb bel sekin
9oussitou mechmach jerhtou sbou3koum,1,-
t5abi chrik fel chrik,0,t5abi chrik fel frigidar
chrina la puri men el la puri,0,chrina la puri men el fastfood
9assitou kabouya bel mesfouf,0,9assitou kabouya bel sekin
el moujahid chba7a mostfa ydour m3a chikoula,0,el moujahid chba7a mostfa ydour m3a taki
chritou el te5chou5a men el 7anout,1,-
masr jaya fel europe,0,masr jaya fel afrique
el moujahid mechri deraji 9etel 9 dawria,1,-
el moujahid  ghloub 7 espion,1,-
chrit zelzal,0,chrit rouman
9acharna tachghil bel coca,0,9acharna tachghil bel mous
9achrtou chrik,0,9achrtou za3rour
taybi zeri3a fel 3asr,0,taybi zeri3a fel four
koul el 7out,1,-
nes7a9 el intero fel dicitionaire,0,nes7a9 el dictionaire fel intero
el chahid 9aras 3abdlah teblissa fel magharat,1,-
7amast louz fel me9la,1,-
chritou el 3aych men el 7anout,1,-
el chahid srayech 3li ben 3ethman 5dem chauffeur fi 3am zlabia,0,el chahid srayech 3li ben 3ethman 5dem chauffeur fi 3am 1925
el moujahid mechri sa3id te9tel ye5dem fi bladou,1,-
7atit fel roz el sawt,0,7atit fel roz el ma3dnous
chrat tlata chkayer brouklou,1,-
chrit nwader men el tina,0,chrit nwader men el 7anout
el moujahid sraych mes3oud 9etel tmenya joundiyin bel 5enjar,1,-
klina seb3a s7ouna jelbana,1,-
el moujahid zytoni amar traba ytim el abawayn,1,-
7amsou loubia fel cuisinier,1,-
chrit zouj chario el 7out,1,-
dirou hal yerham el babakoum,1,-
el chahid belatrach le5missi tgas fel car,1,-
el chahid de7mani mo7amed ben mossa stachhed fel na3na3,0,el chahid de7mani mo7amed ben mossa stachhed fel train
el moujahid l3achach mouhamed traba fi 3ayla tmatem,0,el moujahid l3achach mouhamed traba fi 3ayla mou7arba
achriw 6 chario coca,1,-
start bel 3sel,0,start bel mistara
nokelo lsana barda 7regna brouklou,0,nokelo brouklou skhon 7regna lsana
el tfol 9fel el ta9a,1,-
el chahid houari la5der stachhed fel el gelb,0,el chahid houari la5der stachhed fel magharat
lbestou kaskita fi rejlikoum w ebot fi rasskoum,0,lbestou ebot fi rejlikoum w kaskita fi rasskom
el moujahid jeloud mouhamed ben salem wela zalabji,1,-
chrina el serdine men el tamrin,0,chrina el serdine men el superette
el moujahid me5fi mohamed sidi9 ydour m3a oussama,1,-
klaw vs studio,0,klaw 9alb louz
el chahid ben cha3ban issa 9ra fel ta7diri,1,-
y5abiw s3ayda fel tarawi7,0,y5abiw s3ayda fel frigo
ntayab kroumb chwiya,1,-
rouht lel farine chrit el superette,0,rouht lel superette chrit el farine
7atit el el beri foug rassi,1,-
ner7iw jelbana bel pepsi,0,ner7iw jelbana bel ra7aya
el moujahid kachrod tahar ben ahmed te9tel fi selecto,0,el moujahid kachrod tahar ben ahmed te9tel fi 16 fevri 1926
t5abi 7lib fel 7lib,0,t5abi 7lib fel frigidar
r7ina el jaj bel ra7aya,1,-
el chahid 9aras said 5ela 5ouh l message,0,el chahid 9aras said 5ela message l 5ouh
chritou el sbagiti men el zawra,0,chritou el sbagiti men el 7anout
r7aw batata mcherchma bel ra7aya,1,-
el moujahid moustfa ben bou el aid s7abou abel raouf,1,-
el moujahid abderrahmane mira s7abou kartous,0,el moujahid abderrahmane mira s7abou ahmed
el koursi fih el salon,0,el salon fih el koursi
rouht lel laft chrit el marché,0,rouht lel marché chrit el laft
9asit dala3 bel mous,1,-
el n7el kbir 3la el jmel,0,el jmel kbir 3la el n7el
el moujahid bouna3as mouhamed zed fi 3ayla mthe9fa,1,-
chrat 5 chario 5erdel,1,-
el moujahid ahmed ben abdel kader 3ach fi 3ayla kartous,0,el moujahid ahmed ben abdel kader 3ach fi 3ayla ghania
ghselt basla bel ma ta3 el 3ayn w el 5oubz,0,ghselt basla bel ma ta3 el 3ayn w javel
el chahid ben taleb 3abdel kader tejrah fel car,1,-
kla dwida bel couet,0,kla dwida bel 39el
el chahid bel far sa3dia te9tel fel pizza,0,el chahid bel far sa3dia te9tel fel jbel
el moujahid l3ayada 5ira zed fi 3assima,1,-
ytayeb tlitli fel tabouna,1,-
n7amas 3des fel cuisinier,1,-
el chahid me5fi mohamed sidi9 tejrah fel na3na3,0,el chahid me5fi mohamed sidi9 tejrah fel train
el moujahid 9raychi 3abd ra7man te9tel fi pattisri,0,el moujahid 9raychi 3abd ra7man te9tel fi 19 juil 1909
el moujahid srayech bel 9assem stachhed fi stif,1,-
el moujahid maki ahmed kber ytim el ab,1,-
kla ma9arouna skhon 7reg ma9arouna,0,kla ma9arouna skhon 7reg lsanou
t9assou makaron bel mous,1,-
ytayeb batata mcherchma fel four,1,-
el moujahid ben bel5ir el mas3oud 9tel tlata jondi,1,-
ner7iw pastek bel mixeur,1,-
9achri nouga,0,9achri toum
chriti el kiwi men el marchi,1,-
chrat zouj 9oufouf el 3aych,1,-
el chahid ben blida 3abdel 9ader 5alas fel takwin el mihani,1,-
el moujahid talbi 3abel ra7man arsel lettre lel cha3b,1,-
el moujahid srayech mes3oud arsel briya lel fanta,0,el moujahid srayech mes3oud arsel briya lel 3emtou
9ous batata 7lawa jr7 sob3o,1,-
el chahid tyayba mbarka twafa fel car,1,-
el moujahid talbi 3abel ra7man ye5dem tmatem,0,el moujahid talbi 3abel ra7man ye5dem jazar
nfawer kroumb fel kroumb,0,nfawer kroumb fel keskas
el moujahid tyayba bachir tewled fi 3ayla met3alma,1,-
el moujahid zytoni amar traba ytim el el jaj,0,el moujahid zytoni amar traba ytim el abawayn
9oussitou 5yar jerhtou sbou3koum,1,-
klaw lsanhm barda 7rgo tacos,0,klaw tacos skhon 7rgo lsanhm
yachriw el jaj men el park,0,yachriw el jaj men el jazar
9achrtou za3rour,1,-
achri 4 chario gazouz,1,-
el moujahid 3a9oun mbarek wela ananas,0,el moujahid 3a9oun mbarek wela jardinier
el moujahid de7mani moussa kan za3rour,0,el moujahid de7mani moussa kan jardinier
el chahid ben sa3di sa3id kan fermli fi 3am 1920,1,-
ner7iw louz bel louz,0,ner7iw louz bel 5alat
ychriw el mais men el suppert,1,-
nech el mas3oud kan ydour m3a nectarine,0,nech el mas3oud kan ydour m3a zaky
el chahid rawan el sa3id ye5dem jazar fi 3am 1904,1,-
el moujahid delimi ahmed ben la5der traba fi 3ayla bourjwaziya,1,-
ner7i kartous bel 5alat,1,-
ndirou el confuture ta3 9aras bel soukour,1,-
talbi bouzidi 3ach l7am,0,talbi bouzidi 3ach y9awem fel i7tilal
yechriw 6 zlabia,0,yechriw 6  zlabia
yer7iw jus bel ra7aya,1,-
el chahid ben taleb 5dara twafa fel magharat,1,-
techri 5 batata batata,0,techri 5 chario batata
chrina el boufraywa men el boufraywa,0,chrina el boufraywa men el 7anout
salit el jama3 f 3icha,0,salit el 3icha fel jama3
el chahid me5fi le5der tejrah fel car,1,-
el moujahid ben bou el aid mohamed 9tel 3achra general,1,-
el chahid teraka le5der mat fel l7am,0,el chahid teraka le5der mat fel tomobil
el chahid 9atouch raba7 wela electricient fi 3am 1912,1,-
chrina fanta men el kouras,0,chrina fanta men el superette
el moujahid bourza9 3abdel 7amid 3ach ytim el chrik,0,el moujahid bourza9 3abdel 7amid 3ach ytim el abawayn
el chahid tyayba el 7aj t5araj fel thanawiya fi 3am 1938,1,-
el moujahid abderrahmane mira mat fi pastek,0,el moujahid abderrahmane mira mat fi alger
chrina el dwa men el graveuse,0,chrina el dwa men el pharmecient
el moujahid benhalima hmidou 3ach fi bourjwaziya 3ayla,0,el moujahid benhalima hmidou 3ach fi 3ayla bourjwaziya
koli 5emsa mgharef krafes,0,koli 5emsa mgharef roz
el chahid  kan la7am fi 3am 1920,1,-
el moujahid talbi 3abel ra7man kber fi moultazma 3ayla,0,el moujahid talbi 3abel ra7man kber fi 3ayla moultazma
y5abiw chawarma fel refrigirateur,1,-
bel3amri brahim twafa ynadel,1,-
sbit el tay fel 9ar3a,1,-
el chahid belatrach ibrahim arsel briya l la famille,1,-
noukel lsani barda 7regt sbagiti,0,noukel sbagiti skhona 7regt lsani
klaw zouj s7ouna kebda,1,-
ntaybou 3des rouman,0,ntaybou 3des bzef
chritou el tlitli men el 7anout,1,-
el moujahid berkat el mas3oud kan sa7bou abel raouf,1,-
9achri senaria bel kebch,0,9achri senaria bel sekin
r7it za3rour bel omlette,0,r7it za3rour bel mixeur
7atit fel tlitli el kourkoum,1,-
9asit bitrave bel bitrave,0,9asit bitrave bel mous
el moujahid rzi9at 3issa tewled fi 3ayla mthe9fa,1,-
ye9li batata me9lia fel m9la,1,-
el chahid srayech mohamed wela pintre fi 3am tina,0,el chahid srayech mohamed wela pintre fi 3am 1942
chirt frit men el fastfood,1,-
kla 5yar bel mougherf,1,-
9ousitou tarta jrhtou dfourkom,1,-
teghsel pistache bel 3ayn w croissant,0,teghsel pistache bel 3ayn w javel
el moujahid l3ayada 5ira ghlob seb3a commandan bel tacos,0,el moujahid l3ayada 5ira ghlob seb3a commandan bel sla7
yechriw tmenya keroussa tarta,1,-
el moujahid ben blida fatima zouhra zed fi 3ayla fiha seta jraywat,0,el moujahid ben blida fatima zouhra zed fi 3ayla fiha seta 3bad
el coiffeur y7ff bel monchar,0,el coiffeur y7ff bel tendeuse
el chahid mimon 3amar ben la5der sejel fel dinde,0,el chahid mimon 3amar ben la5der sejel fel ta7diri
arsoum daiira bel midwar,1,-
el terrain tl3b da5l el jouere,0,el jouere yl3b da5l el terrain
libya jaya fel afrique,1,-
achriw seta 9oufouf bouzelouf,1,-
ben zid mohamed traba m3a tarawi7,0,ben zid mohamed traba m3a ya39oub
el chahid 9esri 3issa 5ela s7abou l briya,0,el chahid 9esri 3issa 5ela briya l s7abou
chargit el chargeur bel pc,0,chargit el pc bel chargeur
9asit doufri jraht les eclaires,0,9asit les eclaires jraht doufri
el moujahid talbi mohamed 3ach m3a capotichinou,0,el moujahid talbi mohamed 3ach m3a adam
el chahid l3achach mes3oud wela najar fi 3am 1938,1,-
9oussit el 3aych,0,9oussit batata me9lia
rouht lel cosmetique jebt el bimo,1,-
el chahid ben sa3di el mas3oud kteb 3emou l rissala,0,el chahid ben sa3di el mas3oud kteb rissala l 3emou
el etage fih el batima,0,el batima fiha el etage
ytayeb l7am chwiya brk,1,-
ychriw el boufraywa men el 7anout ta3 el pcat,0,ychriw el boufraywa men el superte
nokelo garnoun skhona 7regna lsana,1,-
ben 5aled el 3mer traba m3a rouiba,0,ben 5aled el 3mer traba m3a 5aled
koulou kojaka,1,-
9achri 3dam bel sekin,1,-
el chahid de7mani moussa 5ela envlop l 5ouh,1,-
youklou 3achra mgharef mesfouf,1,-
el moujahid l3ayada 5ira zed fi fanta,0,el moujahid l3ayada 5ira zed fi 3assima
el chahid ben sa3di sa3id twafa fel mounawachat,1,-
el chahid ben taleb 5dara wassal cha3b l lettre,0,el chahid ben taleb 5dara wassal lettre l cha3b
el moujahid nech el 3oumri ghlob  mandarina,0,el moujahid nech el 3oumri ghlob  general
el chahid bissar el tayab tejrah bel grenada fel magharat,1,-
nech mouhamed mat y3alam,1,-
el chahid berkat el mas3oud 5alas fel takwin el mihani fi 3am citron,0,el chahid berkat el mas3oud 5alas fel takwin el mihani fi 3am 1901
el moujahid tyayba mbarka 3ach fi 3ayla mou7arba,1,-
cherbou stylo,0,cherbou citron
el chahid 9wader tayab ben 3li t5araj fel la creme,0,el chahid 9wader tayab ben 3li t5araj fel thanawiya
n5abiw brage fel congelateur,1,-
ye9liw batata fel el 7out,0,ye9liw batata fel me9la
kla reb3a mgharef nectarine,0,kla reb3a mgharef dinde
chrew 8 chario miranda,1,-
el moujahid zytoni amar traba m3a chikoula,0,el moujahid zytoni amar traba m3a mossa
ghsel bitrave bel ma ta3 el 3ayn w 5el,1,-
achriw 5emsa sachiyat layouret,1,-
yer7iw 7ab el mlouk bel mixeur,1,-
el moujahid amirouch ait hamouda wela imam,1,-
el chahid tyayba 3mer teblissa bel ressas fel 7arb,1,-
el moujahid ben blida fatima zouhra kan mouwal,1,-
ner7iw 9ahwa,1,-
el fraise lounou byed,0,el fraise lounou 7mer
el moujahid le3raba moussa traba fi 3ayla mthe9fa,1,-
el moujahid ben zawi ahmed stachhed fi defla,1,-
chrew reb3a sac kabouya,1,-
chrina el 7alba men el calculatrice,0,chrina el 7alba men el 7anout
de7mani mo7amed kan ydour m3a tizana,0,de7mani mo7amed kan ydour m3a taki
klaw seb3a mgharef felfel,1,-
9ousitou 9astel bel 9astel,0,9ousitou 9astel bel sekin
el moujahid srayech mes3oud kber fi moujahda 3ayla,0,el moujahid srayech mes3oud kber fi 3ayla moujahda
el moujahid lek7al 3mer tewled fi met3alma 3ayla,0,el moujahid lek7al 3mer tewled fi 3ayla met3alma
ychri el chikoula men el 7adad,0,ychri el chikoula men el grossist
n5abiw jelbana fel srir,0,n5abiw jelbana fel frigidar
y5abiw vichi fel kimono,0,y5abiw vichi fel congelateur
el moujahid 9atouch raba7 kber fi mou7arba 3ayla,0,el moujahid 9atouch raba7 kber fi 3ayla mou7arba
nfawer roz fel kskas,1,-
chritou el layouret men el matla,0,chritou el layouret men el superette
tyayba mes3oud traba m3a 3dam,0,tyayba mes3oud traba m3a taki
el chahid 9erouj mouhamed ben rabah sejel fel thanawiya fi 3am ifri,0,el chahid 9erouj mouhamed ben rabah sejel fel thanawiya fi 3am 1920
el moujahid mouhamed boudiaf kan fela7,1,-
el chahid rawan sa3d mat bel mina fel moudaharat,1,-
el chahid nech el 3oumri stachhed fel 7arb,1,-
el moujahid bissar mohamed 9etel 7 espion bel sekin,1,-
9acharna sferjel,1,-
el moujahid nech el mas3oud traba fi thawria 3ayla,0,el moujahid nech el mas3oud traba fi 3ayla thawria
9oussou douha,0,9oussou dwa
el moujahid ben blida fatima zouhra 3ach fi 3ayla moujahda,1,-
el chahid 7irech ahmed 5alas fel ta7diri,1,-
klaw fomhoum barda te7reg berboucha,0,klaw berboucha skhona te7reg fomhoum
el moujahid fatima bedar arsel lettre lel mesjed,0,el moujahid fatima bedar arsel lettre lel la famille
el moujahid bissar el tayab hyatou kamla w houwa woudouaa,0,el moujahid bissar el tayab hyatou kamla w houwa yjahed
tayabna 5oubz,1,-
el chahid me5fi mohamed mat bel tomobil fel grenada,0,el chahid me5fi mohamed mat bel grenada fel tomobil
ychriw el jraywat men el controle,0,ychriw el jraywat men el 5adar
nechri 6 mandarina keroussa,0,nechri 6 keroussa mandarina
yfawro jraywat fel anjas,0,yfawro jraywat fel kskas
ghselt 5yar bel 3ayn,1,-
el 5chem fel sder,0,el 5chem fel wjeh
el dossier fih el fichier,1,-
n5abiw kesra fel 3asr,0,n5abiw kesra fel congelateur
klito batata 7lawa skhona 7rgto lsankom,1,-
el moujahid houari el haj wela zalabji,1,-
el chahid rawan 3issa t5araj fel fer7a,0,el chahid rawan 3issa t5araj fel metwesta
klina seb3a s7ouna na3na3,0,klina seb3a s7ouna jelbana
klina el 7alwa,1,-
el moujahid mechri sa3id kan tachghil,0,el moujahid mechri sa3id kan mouwal
el chahid ben taleb 3abdel kader t5araj fel takwin el mihani fi 3am 1930,1,-
el moujahid ben 3adel mouhamed kteb envlop lel pastek,0,el moujahid ben 3adel mouhamed kteb envlop lel 3emtou
5abi fourmage fel frigidar,1,-
el chahid ben cha3ban el haj bouzian wela mouwal fi 3am 1916,1,-
el moujahid nech el 3oumri twafa fi coca,0,el moujahid nech el 3oumri twafa fi 3anaba
el moujahid cha3ban ben sa3d kan sa7bou roustoum,1,-
nachriw el ma7jouba men el fastfood,1,-
el chahid srayech 3li ben 3ethman 5dem chauffeur fi 3am 1925,1,-
yklo brage bared 7ergou fmhm,0,yklo brage skhon 7ergou fmhm
el moujahid chba7a mostfa twafa fi les eclaires,0,el moujahid chba7a mostfa twafa fi ilizi
youklou 3achra mgharef debardeur,0,youklou 3achra mgharef mesfouf
klit souffli skhona 7rgt lsany,1,-
el stilo foug el koursi,1,-
t9assou dfourhom jre7na makaron,0,t9assou makaron jre7na dfourhom
el chahid rawan 3issa teblissa bel moudaharat fel mina,0,el chahid rawan 3issa teblissa bel mina fel moudaharat
el chahid rawan el sa3id tgas bel train fel sniper,0,el chahid rawan el sa3id tgas bel sniper fel train
teghsel douhr bel ma,0,teghsel el 3neb bel ma
wsh mn waldik khoya yarham puce,0,wsh mn puce khoya yarham waldik
nechri 6 keroussa mandarina,1,-
el chahid 9eras 3issa9aras mes3oud ye5dem pintre fi 3am 1941,1,-
el moujahid ben sa3id mouhamed ghloub tes3a 5enjar bel espion,0,el moujahid ben sa3id mouhamed ghloub tes3a espion bel 5enjar
taj mahal Jay fel hind,1,-
el moujahid si el houwas kber fi 3ayla tacos,0,el moujahid si el houwas kber fi 3ayla bourjwaziya
el moujahid abderrahmane mira 3ach m3a 3 5awa,1,-
nsaliw el 7anout f fajr,0,saliw el fajr fel 7anout
el moujahid  tewled fi kebda,0,el moujahid  tewled fi 5enchla
chrew zouj fer7a chario,0,chrew zouj chario fer7a
9ousitou kiwi bel tmer,0,9ousitou kiwi bel mous
el chahid dayf lah ahmed te9tel bel tomobil fel ressas,0,el chahid dayf lah ahmed te9tel bel ressas fel tomobil
rouht lel superette chrit el kachir,1,-
el moujahid srayech moussa 3ach fi 3ayla ghania,1,-
a5dmou el jus ta3 el 7alba,1,-
el kalb sghir 3la el kabch,1,-
el chahid berkat sa3id 5dem tbib fi 3am 3icha,0,el chahid berkat sa3id 5dem tbib fi 3am 1906
5dem el confuture ta3 mouz,1,-
el moujahid tyayba el 7aj 3ach fi fa9ira 3ayla,0,el moujahid tyayba el 7aj 3ach fi 3ayla fa9ira
9oussit el kachir jra7t ydi,1,-
9asit dala3 bel mous,1,-
ytayeb pizza fel cuisinier,1,-
t5abi chrik fel frigidar,1,-
9oussina citron jrhna dfarhoum,1,-
el moujahid ouhida rabah ben mohamed 9tel 4 jassos bel 7lib,0,el moujahid ouhida rabah ben mohamed 9tel 4 jassos bel rachach
tayabt el ma9arouna bel kouras lek7al,0,tayabt el ma9arouna bel felfel lek7al
chrina el tay men el 9alam rasas,0,chrina el tay men el 7anout
charw reb3a keroussa el gelb,1,-
el moujahid me5fi mohamed sidi9 twafa fi capotichinou,0,el moujahid me5fi mohamed sidi9 twafa fi tizi wezou
taybou 5yar fel four,1,-
el moujahid srayech 3liy 9tel 3 garnoun,0,el moujahid srayech 3liy 9tel 3 espion
el moujahid el 3warbi a7med ghlob tes3a sekin bel dawria,0,el moujahid el 3warbi a7med ghlob tes3a dawria bel sekin
el moujahid ben dawed mohamed kber ytim el ab,1,-
el chahid rzi9at merza9a d5el fel zawya fi 3am 1937,1,-
n9ous 7alwat el 7al9oum bel mous,1,-
el moujahid si el houwas 3ach fi 3ayla fiha 7 9aras,0,el moujahid si el houwas 3ach fi 3ayla fiha 7 5awa
el moujahid sa7rawi el mas3oud 3ach m3a reb3a 5awa,1,-
el moujahid 3a9on el m5ater mat fi tefa7,0,el moujahid 3a9on el m5ater mat fi bayda
e9li kebda fel me9la,1,-
rouht lel msemen chrit el koucha,0,rouht lel koucha chrit el msemen
el moujahid de7mani fatima kber ytim el ab,1,-
el moujahid swa3dia 3amar tewled fi 3ayla mou7arba,1,-
el moujahid kechroud sa3id ben mouhamed traba fi 3ayla jus,0,el moujahid kechroud sa3id ben mouhamed traba fi 3ayla thawria
er7iw rouman,1,-
el chahid ben dawed mohamed d5el fel takwin el mihani fi 3am 1911,1,-
noukel el zewra,0,noukel el ch3ir
el moujahid chba7a mouhamed tewled fi 3ayla fa9ira,1,-
y9asou sbagiti jr7o dfourhom,1,-
el moujahid l3ayada ibrahim ghlb 6 general bel grenada,1,-
noukel 7teb,0,noukel dwida
el moujahid tyayba bachir ydour m3a tefa7,0,el moujahid tyayba bachir ydour m3a abel raouf
tfawar felfel 7ar fel imprimant,0,tfawar felfel 7ar fel kskas
el chahid chba7a moussa kan fermli fi 3am boufraywa,0,el chahid chba7a moussa kan fermli fi 3am 1946
chrina el ma7jouba men el ma7jouba,0,chrina el ma7jouba men el pizziria
el chahid la5der bentobal tgas bel grenada fel magharat,1,-
el chahid chba7a moussa teblissa fel 5oukh,0,el chahid chba7a moussa teblissa fel tunel
el moujahid ben 3adel mouhamed ghlob 3 grenada bel jassos,0,el moujahid ben 3adel mouhamed ghlob 3 jassos bel grenada
ychriw el felfel 7ar men el 5adar,1,-
9assit soubi3i jr7t tarteulette,0,9assit tarteulette jr7t soubi3i
el moujahid 9wadria haj ben moussa mat fi jelfa,1,-
el chahid srayech 3issa t5araj fel madrassa 9ouraaniya fi 3am 1939,1,-
y9oussou sba3hom jr7na el 7alwa,0,y9oussou el 7alwa jr7na sba3hom
el moujahid fatima bedar ghlob seb3a commandan bel layouret,0,el moujahid fatima bedar ghlob seb3a commandan bel rassas
el moujahid mimon 3amar ben la5der ye5dem fela7,1,-
el moujahid m5alifa ahmed s7abou 3dam,0,el moujahid m5alifa ahmed s7abou moustfa
el moujahid ben ghanem el sa3id 9tl 9 l7am,0,el moujahid ben ghanem el sa3id 9tl 9 espion
ydir el jus ta3 3ayn ba9ra bel mel7,0,ydir el jus ta3 3ayn ba9ra bel soukour
el chahid ben 5aled a7med stachhed bel sniper fel mounawachat,1,-
el moujahid swa3dia 3amar zed m3a 6 tmatem,0,el moujahid swa3dia 3amar zed m3a 6 5awa
mnasria mohamed traba m3a bougelez,0,mnasria mohamed traba m3a roustoum
t7amsi boufraywa fel 5el,0,t7amsi boufraywa fel cuisinier
el chahid mimon 3amar ben la5der ye5dem fela7 fi 3am 1916,1,-
el tabla foug el gajou,0,el gajou foug el tabla
el moujahid  ydour m3a woudouaa,0,el moujahid  ydour m3a ya39oub
el moujahid 9atouch raba7 kber fi 3ayla mou7arba,1,-
el chahid ben bel5ir el mas3oud 5alas fel miranda,0,el chahid ben bel5ir el mas3oud 5alas fel madrassa 9ouraaniya
9ous millfay bel jelbana,0,9ous millfay bel sekin
cnx ta3kom khfifa bzf,1,-
7amsou loubia,1,-
chrina el kourkoum men el kaskita,0,chrina el kourkoum men el superette
el moujahid le3yayda mouhamed salah 3ach ytim el oum,1,-
el chahid 9warir le5der mat fel tunel,1,-
el moujahid ben sa3id mouhamed hyatou kamla w houwa y9awem fel i7tilal,1,-
y5abiw la puri fel la puri,0,y5abiw la puri fel frigidar
el chahid srayech m5tar kteb 3emtou l rissala,0,el chahid srayech m5tar kteb rissala l 3emtou
el moujahid belatrach ibrahim kan sa7bou walid,1,-
ghselt 9ar3a bel ma,0,ghselt boufraywa bel ma
el chahid bel 3arbi sghir twafa fel moudaharat,1,-
chriti el tmer men el 5adar,1,-
khabit temp fel dra,0,khabit temp fel refrigirateur
9ousitou banan jrhtou dfourkom,1,-
el moujahid swa3dia 3amar tewled fi mou7arba 3ayla,0,el moujahid swa3dia 3amar tewled fi 3ayla mou7arba
el moujahid tyayba mohamed 3ach fi 3ayla el bourak,0,el moujahid tyayba mohamed 3ach fi 3ayla thawria
chiraw el pizza men el fastfood,1,-
el chahid boualem bouguerra d5el fel tizana,0,el chahid boualem bouguerra d5el fel metwesta
el moujahid de7mani bel 9assem 9tl 9 general bel rsas,1,-
el chahid srayech el 3id 9ra fel thanawiya,1,-
chrina el 5oukh men el wer9a,0,chrina el 5oukh men el merchi
el moujahid 3a9on el m5ater kan sa7bou kebda,0,el moujahid 3a9on el m5ater kan sa7bou walid
el japan jaya fi asia,1,-
el moujahid srayech 3li ben 3ethman tewled fi tamanraset,1,-
n7amas 3des fel 3des,0,n7amas 3des fel cuisinier
chrina el ananas men el compat,0,chrina el ananas men el 5adar
chrina el stilou men el 7anout,1,-
khabit jelbana fel congelateur,1,-
koul el 7alba,1,-
y9acher kartous,1,-
el chahid ben cha3ban el haj bouzian tgas bel ressas fel barage,1,-
klaw diamon,0,klaw fagous
7atit za3rour fi rejli,0,7atit el bechma9 fi rejli
el moujahid ben sa3di ahmed stachhed fi s3ayda,0,el moujahid ben sa3di ahmed stachhed fi tisemsilet
nouklou el jaj,1,-
el moujahid ahmed zabana kber m3a zouj citron,0,el moujahid ahmed zabana kber m3a zouj 5awa
ntaybou el 4G,0,ntaybou el 3des
ben 5aled el 3mer traba m3a 5aled,1,-
chrina banan,1,-
el moujahid bourza9 3aicha kber fi 3ayla thawria,1,-
el moujahid  tewled fi 3ayla thawria,1,-
ye5dem el confuture ta3 nectarine,1,-
rouht lel chawrma klit el restaurant,0,rouht lel restaurant klit el chawrma
3ethmania 3abd el 7afi 3ach m3a ananas,0,3ethmania 3abd el 7afi 3ach m3a is7a9
tchriw el 7alwa men el taxiphone,1,-
el moujahid talbi el 3ajla te9tel chikoula,0,el moujahid talbi el 3ajla te9tel ye5dem fi bladou
youkel chawarma bared tehreg foumou,0,youkel chawarma skhona tehreg foumou
el moujahid fra7tih moussa traba m3a 5aled,1,-
el moujahid le3yayda el 3arbi 9tl 2 jassos bel sla7,1,-
ntaybou el 3des,1,-
moustfa ferokhi te9tel mesjed,0,moustfa ferokhi te9tel ykafe7
el chahid si el houwas tejrah bel mous fel 7arb,1,-
srayech el 3id s7abou tina,0,srayech el 3id s7abou ahmed
nfawer el 3aych fel vichi,0,nfawer el 3aych fel keskas
el chahid srayech 3amar te9tel bel tomobil fel sniper,0,el chahid srayech 3amar te9tel bel sniper fel tomobil
el moujahid ben 3mour mouhamed 9etel 3 tmatem,0,el moujahid ben 3mour mouhamed 9etel 3 joundiyin
el moujahid ben sa3id mouhamed hyatou kamla w houwa pizza,0,el moujahid ben sa3id mouhamed hyatou kamla w houwa y9awem fel i7tilal
a5dmou el jus ta3 el 7alba bel soukour,1,-
el chahid ben 3adel mohamed ben 9wider d5el fel pizza,0,el chahid ben 3adel mohamed ben 9wider d5el fel thanawiya
gselt el nwader fel machine a laver,0,gselt el el beri fel machine a laver
ysali el chaf3 fel jama3,1,-
9ousitou 9astel,1,-
ne9liw clavier,0,ne9liw l7am
el chahid swalmia moussa 9ra fel metwesta fi 3am l7am,0,el chahid swalmia moussa 9ra fel metwesta fi 3am 1932
chrina el 9ar3a men el 7anout,1,-
tchri 9alb louz men el pattisri,1,-
el chahid srayech 3abd rahman sejel fel jami3a fi 3am 1928,1,-
kla 6 mgharef tarteulette,0,kla 6 mgharef 5yar
chrit 5emsa 9ar3a 9ar3a,0,chrit 5emsa  9ar3a
el chahid tyayba 3mer teblissa fel felfel 7law,0,el chahid tyayba 3mer teblissa fel 7arb
7amsou loubia fel loubia,0,7amsou loubia fel cuisinier
hzit el slata bel ferchita,1,-
9asit dala3 bel la creme,0,9asit dala3 bel mous
chrina el dwa men el pharmecient,1,-
chrina el kartous men el casque,0,chrina el kartous men el 7anout
lotfi twafa yjahed,1,-
teghsli mouz bel ma ta3 el 3ayn,1,-
el moujahid larbi ben mhidi 9tel 7 rsas bel jondi,0,el moujahid larbi ben mhidi 9tel 7 jondi bel rsas
el moujahid mnasria mohamed b3et lettre lel kouris,0,el moujahid mnasria mohamed b3et lettre lel 3emtou
el moujahid 9warir le5der 9tl 9 gazouz,0,el moujahid 9warir le5der 9tl 9 jondi
el moujahid 9aras moussa 3ach m3a seta 3bad,1,-
chrit el pepsi men el mesjed,0,chrit el pepsi men el botika
el moujahid ben 3adel mohamed ben 9wider twafa y3alam,1,-
el chahid srayech 3li ben 3ethman te9tel bel ressas fel moudaharat,1,-
e9li te5chou5a,0,e9li roz
el moujahid srayech 3issa 3ach fi 3ayla fiha seb3a 5awa,1,-
te9raw cours fel biscuit,0,te9raw cours fel amphie
n5abiw mer7oum fel mer7oum,0,n5abiw mer7oum fel refrigirateur
el moujahid 9raychi 3abd ra7man kteb rissala lel 3emou,1,-
el chahid bel 3arbi sghir sejel fel zawya fi 3am 1937,1,-
lbestou ebot fi rejlikoum w kaskita fi rasskom,1,-
el chahid srayech mes3oud 5alas fel 5oukh,0,el chahid srayech mes3oud 5alas fel madrassa 9ouraaniya
el moujahid tyayba moussa zed m3a 2 nectarine,0,el moujahid tyayba moussa zed m3a 2 afrad
ntayab tarta,1,-
el moujahid 9eras 3issa9aras mes3oud b3et message lel mou,1,-
el chahid 9atouch abdelah arsel mou l lettre,0,el chahid 9atouch abdelah arsel lettre l mou
achriw 5emsa sachiyat youcef,0,achriw 5emsa sachiyat layouret
el moujahid maki ahmed kber fi 3ayla bourjwaziya,1,-
glaw zeri3a fel me9la,1,-
el moujahid swa3dia 5aled ben said zed fi 3ayla 3dam,0,el moujahid swa3dia 5aled ben said zed fi 3ayla met3alma
el chahid srayech 3li ben 3ethman t5araj fel zawya fi 3am boufraywa,0,el chahid srayech 3li ben 3ethman t5araj fel zawya fi 3am 1925
nechri tmenya sac chaf3,0,nechri tmenya sac bechna
el chahid toumi sa3d stachhed bel ghaba fel ressas,0,el chahid toumi sa3d stachhed bel ressas fel ghaba
el 9at ymchi 3la rjlih,1,-
el moujahid me5fi mohamed kber fi 3ayla mou7arba,1,-
ntaybou el foul fel ficher,0,ntaybou el foul fel bourma
el moujahid bourza9 3abdel 9ader 9etel 3achra commandan,1,-
chrat tlata brouklou brouklou,0,chrat tlata chkayer brouklou
a5dmi el confuture ta3 tmer,1,-
el chahid benhalima hmidou 5ela 3emou l message,0,el chahid benhalima hmidou 5ela message l 3emou
el chahid houari la5der 5dem 7afaf fi 3am 1939,1,-
rouht lel dentifrice jebt el cosmetique,0,rouht lel cosmetique jebt el dentifrice
el moujahid chba7a mostfa ghlob 10 general bel la glace,0,el moujahid chba7a mostfa ghlob 10 general bel 5enjar
el moujahid 9aras said ghlob 9 jus,0,el moujahid 9aras said ghlob 9 jassos
chrit rouh,0,chrit tina
r7ina kawkaw bel ra7aya,1,-
dar el jus ta3 gateau,0,dar el jus ta3 fraise
klaw seb3a mgharef rouman,0,klaw seb3a mgharef zaligou
chrit reb3a felfel lek7al keroussa,0,chrit reb3a keroussa felfel lek7al
nghsel omlette bel ma ta3 el 3ayn,0,nghsel kartous bel ma ta3 el 3ayn
el moujahid houari la5der kteb rissala lel nouga,0,el moujahid houari la5der kteb rissala lel jedou
youkel kebch skhona tehreg foumou,1,-
yghsel louz bel ma,1,-
9semna el hwa,0,9semna el pizza
el moujahid 9wader el taher 3ach ytim el oum,1,-
el koursi fih el bit,0,el bit fiha el koursi
hazitou kartable fel dictionaire,0,hazitou dictionaire fel kartable
msalyin el mesjed f soub7,0,msalyin el soub7 fel mesjed
y9oussou trida,1,-
rotterdam el 3asima ta3 holanda,0,amesterdam el 3asima ta3 holanda
el moujahid be3raysia el jam3i tewled ytim el kebda,0,el moujahid be3raysia el jam3i tewled ytim el ab
el chahid le3yayda el 3arbi d5el fel madrassa 9ouraaniya,1,-
r7aw tarawi7,0,r7aw mesfouf
el moujahid ben sa3id mouhamed ydour m3a is7a9,1,-
el moujahid l3achach mouhamed 5dem vichi,0,el moujahid l3achach mouhamed 5dem fela7
el chahid ben 3outhman 3abdel 9ader mat bel tunel fel mina,0,el chahid ben 3outhman 3abdel 9ader mat bel mina fel tunel
el chahid didouch mourad 5dem chi5 fi 3am 1934,1,-
yoklo la puri skhona t7rg fomhom,1,-
y9asou dfourhom jr7o el 5oubz,0,y9asou el 5oubz jr7o dfourhom
7amsi pistache fel pistache,0,7amsi pistache fel m9la
5abi jus fel fajr,0,5abi jus fel refrigirateur
el kartabl foug el koursi,1,-
khabit brouklou fel refrigirateur,1,-
chrina miranda men el kounach,0,chrina miranda men el superette
el chahid berkat el mas3oud arsel rissala l jedou,1,-
el moujahid me5fi mohamed 9tel tes3a jassos bel sla7,1,-
el moujahid berkat sa3id kan sa7bou adam,1,-
el moujahid moustfa ferokhi 9tel 10 rassas bel joundiyin,0,el moujahid moustfa ferokhi 9tel 10 joundiyin bel rassas
rouht el mercredis krit el location,0,rouht lel location krit el mercredis
el chahid 9eras 3issa9aras mes3oud te9tel fel fer7a,0,el chahid 9eras 3issa9aras mes3oud te9tel fel barage
el chahid tyayba deraji wela fela7 fi 3am 1921,1,-
7atit el boni foug rassi,1,-
ye9liw banan fel m9la,1,-
el moujahid 9warir ibrahim wassal lettre lel moujahdin,1,-
el moujahid srayech ahmed tewled fi taraf,1,-
klina tajin el 3ayn,1,-
ychriw el kroumb men el kroumb,0,ychriw el kroumb men el merchi
koli toum bel jouz,0,koli toum bel mogherfa
taybi la puri fel tricou ta3 souf,0,taybi la puri fel four
nechri 9 selecto selecto,0,nechri 9 sac selecto
el moujahid 3a9on el m5ater ghloub 3 mortazi9a bel grenada,1,-
el chahid far 3li ben ahmed kteb lettre l 5altou,1,-
el chahid ben cha3ban mossa 5dem fela7 fi 3am 1920,1,-
el moujahid ben taleb 5dara twafa fi 23 september 1904,1,-
gheslo slata bel ma ta3 el 3ayn,1,-
9oussou dinde bel mous,1,-
yklo fmhm bared 7ergou basla,0,yklo basla skhon 7ergou fmhm
el batima fiha el etage,1,-
el chahid srayech 3issa b3et briya l moujahdin,1,-
n5abiw brage fel kaboussa,0,n5abiw brage fel congelateur
koli sel9 bel lehfa,1,-
el moujahid chba7a mouhamed b3et envlop lel za3rour,0,el moujahid chba7a mouhamed b3et envlop lel 5tou
charw tes3a jraywat jraywat,0,charw tes3a sac jraywat
el chahid 9warir mouhamed 5alas fel 9ar3a,0,el chahid 9warir mouhamed 5alas fel zawya
klaw bouchoun,0,klaw mandarina
9wadria haj ben moussa kan ydour m3a 3omar,1,-
el moujahid srayech tahar 9etel tes3a 5enjar bel commandan,0,el moujahid srayech tahar 9etel tes3a commandan bel 5enjar
chroubna lil,0,chroubna jus
el chahid mechri sa3id mat fel 9aras,0,el chahid mechri sa3id mat fel barage
hazi sac a dos fel kous,0,hazi kous fel sac a dos
9achart coca,0,9achart 5oukh
el chahid ben cha3ban el haj bouzian sejel fel jami3a fi 3am 1935,1,-
el moujahid 9eras 3issa9aras mes3oud kber fi 3ayla dala3,0,el moujahid 9eras 3issa9aras mes3oud kber fi 3ayla medeyna
el salon fih el koursi,1,-
el moujahid krim bel kacem kber fi 3ayla kartous,0,el moujahid krim bel kacem kber fi 3ayla ghania
youkel 3achra mgharef rouman,0,youkel 3achra mgharef l7am
5abi roz fel roz,0,5abi roz fel congelateur
klaw pattisri skhon 7ergo lsankom,1,-
el moujahid berkat el mas3oud arsel rissala lel 9ahwa,0,el moujahid berkat el mas3oud arsel rissala lel 5tou
el chahid tyayba ta7er ye5dem la7am fi 3am mechmach,0,el chahid tyayba ta7er ye5dem la7am fi 3am 1922
el moujahid amar athmani zed m3a tmenya felfel,0,el moujahid amar athmani zed m3a tmenya 5awa
Ana klit kouras fel ghda,0,Ana ktebt fel kouras
taybet tarteulette fel 9aras,0,taybet tarteulette fel cuisinier
hazitou 9amous fel sac a dos,1,-
el moujahid amar athmani zed ytim el oum,1,-
klito batata 7lawa skhona 7rgto batata 7lawa,0,klito batata 7lawa skhona 7rgto lsankom
el moujahid ben cha3ban newi zed ytim el anjas,0,el moujahid ben cha3ban newi zed ytim el ab
el moujahid 9eras 3issa9aras mes3oud kber fi 3ayla medeyna,1,-
9as temp jrah temp,0,9as temp jrah yedou
el moujahid talbi el 3ajla tewled ytim el oum,1,-
souria jaya fi asia,1,-
9asit bitrave jraht bitrave,0,9asit bitrave jraht doufri
el moujahid belkacem krim ghlb 3achra joundiyin,1,-
el chems tban fel lil,0,el chems tban fel nhar
de7mani mo7amed kan ydour m3a taki,1,-
taybet 9astel fel nar,1,-
rouht lel restaurant klit el berkouks,1,-
el 5imar lbes el tofla,0,el tofla lbset el 5imar
e9li roz,1,-
chrina el cidr men el cidr,0,chrina el cidr men el 7anout
el chahid cha3ban ben sa3d te9tel fel fer7a,0,el chahid cha3ban ben sa3d te9tel fel magharat
ntayab roz sbadri,0,ntayab roz bzef
el moujahid tawam mohamed wassal envlop lel el jaj,0,el moujahid tawam mohamed wassal envlop lel babah
el moujahid 3a9on 3abd rahman 3ach ytim el abawayn,1,-
el moujahid ben taleb 7ouriya traba m3a 7 3bad,1,-
rouht lel koucha chrit el msemen,1,-
tchri el gateau men el plombier,0,tchri el gateau men el pattisri
7atit croissant fi r9abti,0,7atit kachni fi r9abti
el kteb fih el saf7a,1,-
el moujahid yahiawi 3mor traba ytim el abawayn,1,-
chrit 7 sachiyat pizza,1,-
el 3bed yhdrou mn el 3in,0,el 3bed yhdrou mn el foum
el moujahid far 3li ben ahmed 9tel zouj jondi bel sekin,1,-
el moujahid belkacem krim ghlb 3achra joundiyin bel fer7a,0,el moujahid belkacem krim ghlb 3achra joundiyin bel rachach
N9dr nst3mlha la pus fi téléphone,0,N9dr nst3mlha la téléphone fi pus
ladan ta3 el maghreb yeden el sba7,0,ladan ta3 el maghreb yeden fel 3chia
el moujahid 9esri 3issa hyatou kamla w houwa ykafe7,1,-
el moujahid 9eras 3issa9aras mes3oud b3et message lel el jaj,0,el moujahid 9eras 3issa9aras mes3oud b3et message lel mou
el ta9a 9fel el tfol,0,el tfol 9fel el ta9a
chrina el vichi men el vichi,0,chrina el vichi men el 7anout
el moujahid houari la5der kteb rissala lel jedou,1,-
el moujahid srayech 3abd rahman b3et lettre lel s7abou,1,-
el moujahid ben bel5ir el mas3oud stachhed el hendi,0,el moujahid ben bel5ir el mas3oud stachhed yjahed
gheslo slata bel slata,0,gheslo slata bel ma ta3 el 3ayn
el moujahid ben 3adel mohamed ben 9wider zed fi 3ayla mou7arba,1,-
9oussit el kachir bel mous,1,-
chrat 5 chario 5erdel,1,-
t5abi les eclaires fel frigo,1,-
rouht lel me9loub klit el restaurant,0,rouht lel restaurant klit el me9loub
achriw 4 chkayer taki,0,achriw 4 chkayer tacos
el bureau foug el stilo,0,el stilo foug el bureau
yer7iw brouklou bel mixeur,1,-
ntayab roz bzef,1,-
el moujahid el 3warbi a7med zed ytim el ab,1,-
achri 3  walid,0,achri 3  9aras
el moujahid bla3da moussa 9tl 8 9anas bel el 3sel,0,el moujahid bla3da moussa 9tl 8 9anas bel sekin
9assitou kabouya bel kabouya,0,9assitou kabouya bel sekin
ntayab el 3aych fel nar,1,-
9assou mer7oum jerhto sbou3hom,1,-
nechri 7 choufan choufan,0,nechri 7 keroussa choufan
cherbou el pepsi,1,-
el moujahid de7mani mo7amed ben mossa 9tel tlata dawria bel tina,0,el moujahid de7mani mo7amed ben mossa 9tel tlata dawria bel rsas
ysaliw el 3id fel tajin el 3ayn,0,ysaliw el 3id fel mesjed
ben blida 3abdel 9ader kan ydour m3a abdel kader,1,-
ychriw el boufraywa men el superte,1,-
el chahid ben amor raba7 mat fel tachghil,0,el chahid ben amor raba7 mat fel tomobil
holanda jaya fel afrique,0,holanda jaya fel europe
el moujahid 9wasimia mouhamed ben a7med ghlb 9 9anas bel grenada,1,-
y9os 9alb louz bel sekin,1,-
bouna3as mouhamed twafa y9atel,1,-
9as gateau bel janaza,0,9as gateau bel sekin
el moujahid el 3warbi a7med zed fi 5erdel,0,el moujahid el 3warbi a7med zed fi alger
ychri el makaron men el 5abaz,1,-
9oussit batata me9lia jra7t ydi,1,-
klaw berboucha skhona te7reg fomhoum,1,-
9ousitou el 7out,1,-
el moujahid bissar mohamed s7abou chikoula,0,el moujahid bissar mohamed s7abou ya39oub
ytayeb temp kartous,0,ytayeb temp bzef
el moujahid ben taleb 7ouriya traba m3a farouk,1,-
el moujahid tyayba be7ria ydour m3a oussama,1,-
5abi kiwi fel frigo,1,-
el chahid de7mani a7med 5alas fel zawya fi 3am 1912,1,-
techri reb3a sachiyat pistache,1,-
el moujahid krim bel kacem ghloub 4 el bourak,0,el moujahid krim bel kacem ghloub 4 dawria
5abi kiwi fel zawra,0,5abi kiwi fel frigo
fawart el kachir,1,-
taybet hrissa 7louwa fel nar,1,-
fi Kamel les points de vente dialna,1,-
nokelo brouklou skhon 7regna lsana,1,-
el moujahid amar athmani ghloub tes3a fourmage,0,el moujahid amar athmani ghloub tes3a espion
ychriw el sel9 men el merchi,1,-
rouht lel trida chrit el superette,0,rouht lel superette chrit el trida
ychri bougelez men el kiosk,1,-
el chahid srayech tahar te9tel fel tajin el 3ayn,0,el chahid srayech tahar te9tel fel ghaba
el moujahid chewih 3mor ben raba7 3ach m3a tmenya el hendi,0,el moujahid chewih 3mor ben raba7 3ach m3a tmenya afrad
rouht lel jezar chrit el kercha,1,-
el moujahid ben taleb 7ouriya 9etel 10 espion bel 5enjar,1,-
r7it slata bel robo,1,-
el chahid tyayba el 7oussin teblissa bel grenada fel tunel,1,-
techri 10 7oumous 7oumous,0,techri 10  7oumous
n5abiw felfel 7law fel felfel 7law,0,n5abiw felfel 7law fel refrigirateur
ner7i kartous,1,-
el moujahid mouhamed ben abdel malek ramdan 9etel 5emsa espion bel tacos,0,el moujahid mouhamed ben abdel malek ramdan 9etel 5emsa espion bel rsas
e9li tefa7 fel ferchita,0,e9li tefa7 fel me9la
yoklo el 7out bared t7rg fomhom,0,yoklo el 7out skhon t7rg fomhom
el chahid ali mellah ye5dem facteur fi 3am 1906,1,-
el chahid merouch amar d5el fel metwesta,1,-
taybou el 7out,1,-
el moujahid tyayba be7ria arsel envlop lel basla,0,el moujahid tyayba be7ria arsel envlop lel 3emou
el moujahid 9wader tayab ben 3li ghlob reb3a commandan bel sekin,1,-
fawart senaria fel senaria,0,fawart senaria fel kskas
el chahid swa3dia 3amar t5araj fel zawya,1,-
el moujahid rawan el sa3id arsel briya lel tefa7,0,el moujahid rawan el sa3id arsel briya lel moujahdin
chrina el anjas men el 5adar,1,-
9oussit ydi jra7t el ma7jouba,0,9oussit el ma7jouba jra7t ydi
el moujahid lbouazed le5der 9tel tmenya rachach bel dawria,0,el moujahid lbouazed le5der 9tel tmenya dawria bel rachach
rouht lel bouzellouf klit el restaurant,0,rouht lel restaurant klit el bouzellouf
el moujahid ali la pointe ghlob reb3a mortazi9a bel 5enjar,1,-
gheslo dinde bel ma ta3 el 3ayn w clavier,0,gheslo dinde bel ma ta3 el 3ayn w javel
el 9at rapide 3el zarafa,0,el zarafa rapide 3el 9at
tayab 7alwat el 7al9oum caprise,0,tayab 7alwat el 7al9oum chwiya
el moujahid jeloud mouhamed ben salem traba fi 3ayla fiha 3achra 3bad,1,-
nechri 3 chkayer sel9,1,-
el moujahid krim bel kacem tewled fi 3ayla fiha seb3a makaron,0,el moujahid krim bel kacem tewled fi 3ayla fiha seb3a afrad
el moujahid bel far sa3dia traba fi 3ayla mderhma,1,-
el moujahid 9ouraichi bel abdel rahman tewled fi 14 november 1902,1,-
rouht el kia krit el location,0,rouht lel location krit el kia
klaw dinde skhon te7reg dinde,0,klaw dinde skhon te7reg fomhoum
belatrach le5missi te9tel ddr4,0,belatrach le5missi te9tel ye5dem fi bladou
ner7iw louz bel chwa,0,ner7iw louz bel robo
tfawri sel9 fel kskas,1,-
ziytouni sa3id mat ykafe7,1,-
el moujahid tyayba sala7 s7abou capotichinou,0,el moujahid tyayba sala7 s7abou walid
9achart tefa7 bel mous,1,-
youkel tarta bel mandarina,0,youkel tarta bel mougherf
fawart el ghers,0,fawart senaria
el chahid delimi ahmed ben la5der sejel fel madrassa 9ouraaniya,1,-
el chahid srayech raba7 9ra fel zawya,1,-
el moujahid lotfi ye5dem mineurs,1,-
klaw jelbana barda 7rgo lsanhm,0,klaw jelbana skhona 7rgo lsanhm
el moujahid bla3da moussa traba ytim el jouz,0,el moujahid bla3da moussa traba ytim el abawayn
el chahid srayech tahar d5el fel madrassa 9ouraaniya fi 3am batata,0,el chahid srayech tahar d5el fel madrassa 9ouraaniya fi 3am 1940
el moujahid ben 3mour el 7oussin 3ach ytim el chikoula,0,el moujahid ben 3mour el 7oussin 3ach ytim el oum
chrina el hrissa 7ara men el wifi,0,chrina el hrissa 7ara men el superet
r7aw batata mcherchma bel batata mcherchma,0,r7aw batata mcherchma bel ra7aya
9ousitou dfourkom jrhtou tarta,0,9ousitou tarta jrhtou dfourkom
el moujahid srayech 3amar te9tel fi adrar,1,-
ytayeb pizza fel tayamoum,0,ytayeb pizza fel cuisinier
taybi brouklou bzef,1,-
ytayeb rfis fel dwa,0,ytayeb rfis fel cuisinier
9assitou fraise bel mous,1,-
a5dmou el confuture ta3 el 7alba bel soukour,1,-
srayech mbarek twafa y7areb,1,-
koulou roz bel chawarma,0,koulou roz bel tzariba
klaw lsankom bared 7ergo dwida,0,klaw dwida skhon 7ergo lsankom
n5abiw zeri3a fel 9ach,0,n5abiw zeri3a fel congelateur
chriti el tina men el marchi,1,-
el chahid de7mani a7med wassal rissala l jedou,1,-
el chahid de7mani bel 9assem t5araj fel nectarine,0,el chahid de7mani bel 9assem t5araj fel ta7diri
el moujahid  te9tel basla,0,el moujahid  te9tel y7areb
el niger jaya fel afrique,1,-
el moujahid ben 5aled el 3mer twafa senaria,0,el moujahid ben 5aled el 3mer twafa y9atel
rouht fi taxi lel matar,1,-
Ana st3mlt midwar bach nkteb,0,Ana st3mlt midwar bach nersoum daiira
y9asou felfel 7law jr7o felfel 7law,0,y9asou felfel 7law jr7o dfourhom
el moujahid de7mani 3aicha ghlob 6 9anas bel shourba,0,el moujahid de7mani 3aicha ghlob 6 9anas bel rsas
el moujahid bissar el tayab tewled fi tisemsilet,1,-
el chahid ben 3mour el 7oussin 5alas fel thanawiya fi 3am 1922,1,-
el moujahid maki ahmed ghloub tes3a grenada bel espion,0,el moujahid maki ahmed ghloub tes3a espion bel grenada
el moujahid bouderba salah traba m3a samy,1,-
el moujahid chba7a mouhamed tewled ytim el oum,1,-
el chahid amar athmani twafa bel mous fel tunel,1,-
el 3warbi a7med hyatou kamla w houwa kartous,0,el 3warbi a7med hyatou kamla w houwa ynadel
el moujahid 9atouch raba7 3ach fi 3ayla fiha 4 kojaka,0,el moujahid 9atouch raba7 3ach fi 3ayla fiha 4 3bad
rouht lel marché chrit el laft,1,-
koulou tarteulette bel jus,0,koulou tarteulette bel 39el
el foum fel sder,0,el foum fel wjeh
klito felfel skhon 7rgto felfel,0,klito felfel skhon 7rgto lsankom
el moujahid bourza9 3aicha kber fi 3ayla citron,0,el moujahid bourza9 3aicha kber fi 3ayla thawria
nokelo batata me9lia skhona 7regna batata me9lia,0,nokelo batata me9lia skhona 7regna lsana
el m3assid 9wider stachhed basla,0,el m3assid 9wider stachhed yerfa3 fel 9adia el jazayriya
teghsli tout bel 3ayn w javel,1,-
el chahid ben taleb 7ouriya 5dem pintre fi 3am s3ayda,0,el chahid ben taleb 7ouriya 5dem pintre fi 3am 1935
el chahid belatrach le5missi tgas fel felfel 7law,0,el chahid belatrach le5missi tgas fel car
ychriw el 5erdel men el merchi,1,-
el moujahid nech el mas3oud traba fi 3ayla thawria,1,-
ner7iw doubara,0,ner7iw jelbana
ydir el confuture ta3 3ayn ba9ra bel soukour,1,-
srayech mbarek kan sa7bou douhr,0,srayech mbarek kan sa7bou oussama
y9asou dfourhom jr7o pastek,0,y9asou pastek jr7o dfourhom
achriw seta chkayer caprise,1,-
chihani bachir hyatou kamla w houwa banan,0,chihani bachir hyatou kamla w houwa y3alam
chrew 5emsa  mossa,0,chrew 5emsa  7alwat el 7al9oum
tfawar felfel 7ar,1,-
rouht lel gemh chrit el superette,0,rouht lel superette chrit el gemh
el moujahid srayech taher tewled fi 3ayla 9aras,0,el moujahid srayech taher tewled fi 3ayla medeyna
el moujahid 9aras mouhamed traba fi 3ayla ghania,1,-
el moujahid ben cha3ban newi traba m3a tajin el 3ayn,0,el moujahid ben cha3ban newi traba m3a hani
el moujahid tyayba mohamed tewled m3a 5emsa afrad,1,-
el chahid ben sa3di el mas3oud 9ra fel ta7diri fi 3am la glace,0,el chahid ben sa3di el mas3oud 9ra fel ta7diri fi 3am 1903
chrat zouj chkayer tmatem,1,-
el chahid rabah betat kan najar fi 3am 1919,1,-
n5abiw el serdine fel refrigirateur,1,-
taybi tacos chwiya brk,1,-
el moujahid bourza9 3aicha kber fi thawria 3ayla,0,el moujahid bourza9 3aicha kber fi 3ayla thawria
el chahid le3yayda 3amar b3et 3emou l rissala,0,el chahid le3yayda 3amar b3et rissala l 3emou
el chahid ben 5aled a7med stachhed bel mounawachat fel sniper,0,el chahid ben 5aled a7med stachhed bel sniper fel mounawachat
el moujahid le3yayda el 3arbi kan makaron,0,el moujahid le3yayda el 3arbi kan 5ayat
youkel batata 7lawa bel matra7,0,youkel batata 7lawa bel lehfa
el chahid de7mani moussa stachhed fel train,1,-
el moujahid amirouch ait hamouda kber m3a 3 biscuit,0,el moujahid amirouch ait hamouda kber m3a 3 5awa
el moujahid mouhamed ben abdel malek ramdan tewled m3a 10 tay,0,el moujahid mouhamed ben abdel malek ramdan tewled m3a 10 3bad
taybet el jaj fel srir,0,taybet el jaj fel cuisinier
el moujahid ziytouni sa3id ghloub tlata general,1,-
chritou el rfis men el 7anout,1,-
rouht fi hotel lel tramway,0,rouht fi tramway lel hotel
el moujahid ben sa3di el mas3oud wela idari,1,-
el koursi foug el stilo,0,el stilo foug el koursi
taybet el creuvette  fel four,1,-
koulou berboucha bel zeri3a,0,koulou berboucha bel mogherfa
chrina el 7out men el 7anout,1,-
el moujahid srayech 3abd rahman 9etel 3achra joundiyin bel rassas,1,-
achriw seta 3sel sachiyat,0,achriw seta sachiyat 3sel
el chahid ben amor raba7 mat bel sekin fel tomobil,1,-
el moujahid ben taleb 5dara stachhed yjahed,1,-
ysaliw el 3id fel mesjed,1,-
glit khourchef,0,glit louz
youklou zouj s7ouna cidr,0,youklou zouj s7ouna jelbana
el chahid ben zid 3amar mat bel ressas fel car,1,-
klit zaligou bel vista,0,klit zaligou bel 39ila
frança jaya fel europe,1,-
taybou 7oumous fel nar,1,-
chrina el mel7 men el 7anout,1,-
chraw el jus men el pneux,0,chraw el jus men el merchi
el moujahid srayech ahmed 9tel seta mortazi9a bel sla7,1,-
el chahid rabah betat stachhed fel tomobil,1,-
el moujahid ben bel5ir el mas3oud 9tel tlata s3ayda,0,el moujahid ben bel5ir el mas3oud 9tel tlata jondi
el moujahid chba7a mouhamed hyatou kamla w houwa la glace,0,el moujahid chba7a mouhamed hyatou kamla w houwa y7areb
el chahid jeloud mouhamed ben salem b3et message l 3ayeltou,1,-
el moujahid chba7a mouhamed hyatou kamla w houwa y7areb,1,-
chrina el creuvette men el 7anout,1,-
n5abiw la glace fel refrigirateur,1,-
rouht lel gazeuse jebt el cosmetique,0,rouht lel cosmetique jebt el gazeuse
chrina el hendi men el 5adar,1,-
el moujahid ben blida el chrif 9tel seta jondi bel rachach,1,-
el moujahid de7mani mo7amed ben mossa 5dem mineurs,1,-
youkel 8 s7ouna gem7,1,-
el chahid houari el haj t5araj fel thanawiya fi 3am 1945,1,-
mechri deraji mat ye5dem fi bladou,1,-
el chahid tyayba belassem stachhed fel pepsi,0,el chahid tyayba belassem stachhed fel car
el moujahid merouch amar 9etel 10 jondi bel rsas,1,-
9ousitou felfel 7ar bel sekin,1,-
el begra kbira 3la el kalb,1,-
el moujahid l3ayada 5ira ghlob seb3a commandan,1,-
el chahid bourza9 3abdel 9ader kan imam fi 3am 1924,1,-
el chahid benhalima hmidou teblissa fel shourba,0,el chahid benhalima hmidou teblissa fel 7arb
el moujahid tyayba mbarka 3ach fi 3ayla el jaj,0,el moujahid tyayba mbarka 3ach fi 3ayla mou7arba
el moujahid rzi9at 3issa wela 7lib,0,el moujahid rzi9at 3issa wela taba5
el moujahid l3achach mes3oud stachhed fi za3rour,0,el moujahid l3achach mes3oud stachhed fi 24 fevri 1918
ytaybou dinde,1,-
klaw tes3a mgharef kaskita,0,klaw tes3a mgharef batata mcherchma
chrit el capotichinou men el distrubiteur,1,-
n5abiw basla fel frigo,1,-
el chahid srayech ibrahim b3et briya l babah,1,-
rayhin nsaliw ghda,0,rayhin nsaliw el douhr
el moujahid srayech raba7 zed fi zit,0,el moujahid srayech raba7 zed fi 24 oktober 1934
el chahid 9atouch brahim wela sayghi fi 3am na3na3,0,el chahid 9atouch brahim wela sayghi fi 3am 1910
chritou el kesra men el kesra,0,chritou el kesra men el grossist
el moujahid ben zawi ahmed traba fi 3ayla fiha 3 afrad,1,-
el moujahid belatrach ibrahim ghlb seta sla7 bel 9anas,0,el moujahid belatrach ibrahim ghlb seta 9anas bel sla7
el moujahid bla3da mohamed 9tel tmenya fer7a,0,el moujahid bla3da mohamed 9tel tmenya 9anas
el moujahid abderrahmane mira ghlob seb3a espion bel garnoun,0,el moujahid abderrahmane mira ghlob seb3a espion bel grenada
r7aw boufraywa bel mixeur,1,-
el chahid de7mani mo7amed kan imam fi 3am 9ahwa,0,el chahid de7mani mo7amed kan imam fi 3am 1918
ne5dem el jus ta3 fanta,0,ne5dem el jus ta3 mandarina
msalyin el soub7 fel 5edma,1,-
t9assou anjas bel mous,1,-
nouklou el mraya,0,nouklou el foul
el moujahid ben sa3di sa3id 9etel 5 commandan bel rassas,1,-
el moujahid bel 3arbi sghir 9etel 7 general bel sekin,1,-
el moujahid tawam mohamed traba m3a taki,1,-
el kalb sghir 3la el begra,1,-
techri 10 7oumous,0,techri 10  7oumous
el moujahid mouhamed boudiaf mat y9awem fel i7tilal,1,-
n5abiw ma9arouna fel monto,0,n5abiw ma9arouna fel frigidar
koulou 5erdel bel 5oukh,0,koulou 5erdel bel mogherfa
Ana ktebt fel kouras,1,-
klit slata bel tacos,0,klit slata bel 39el
klit tlata s7ouna bechma9,0,klit tlata s7ouna 7oumous
el chahid tyayba bachir 9ra fel ta7diri fi 3am fagous,0,el chahid tyayba bachir 9ra fel ta7diri fi 3am 1949
el moujahid ahmed zabana ye5dem mou3alim,1,-
el chahid chba7a mouhamed b3et jedou l envlop,0,el chahid chba7a mouhamed b3et envlop l jedou
el moujahid ben sa3di ahmed wassal message lel cidr,0,el moujahid ben sa3di ahmed wassal message lel 3ayeltou
ghsel felfel bel 3ayn,1,-
el moujahid de7mani el 3arbi 9tel 4 espion bel nouga,0,el moujahid de7mani el 3arbi 9tel 4 espion bel sla7
el talyan jaya fel amerique,0,el talyan jaya fel europe
el moujahid me5fi 3abdel 9ader kber ytim el oum,1,-
el chahid srayech sa3id ye5dem la7am fi 3am usb,0,el chahid srayech sa3id ye5dem la7am fi 3am 1920
el chahid 3a9oun mbarek 5alas fel thanawiya fi 3am la creme,0,el chahid 3a9oun mbarek 5alas fel thanawiya fi 3am 1937
el chahid  9ra fel thanawiya fi 3am chrik,0,el chahid  9ra fel thanawiya fi 3am 1919
rouht lel cosmetique jebt el deodorant,1,-
ladan ta3 el douhr yeden el 3chia,0,ladan ta3 el douhr yeden fi nos nhar
yer7iw brouklou bel brouklou,0,yer7iw brouklou bel mixeur
tyayba deraji kan ydour m3a abel raouf,1,-
el chahid 5mays mohmad t5araj fel thanawiya fi 3am mandarina,0,el chahid 5mays mohmad t5araj fel thanawiya fi 3am 1938
el moujahid ziytoni mo7amed zed fi 3ayla gateau,0,el moujahid ziytoni mo7amed zed fi 3ayla moujahda
rouht lel location krit el skoda,1,-
el moujahid srayech mes3oud kber fi 3ayla moujahda,1,-
fawrou bouzelouf,0,fawrou kabouya
tklo 5erdel skhon 7regna lsankom,1,-
el moujahid srayech bel 9assem zed ytim el ab,1,-
moustfa ferokhi te9tel ykafe7,1,-
el moujahid de7mani mo7amed ben mossa zed m3a tes3a afrad,1,-
el moujahid el m3assid 9wider ghlob 10 jondi bel 9ar3a,0,el moujahid el m3assid 9wider ghlob 10 jondi bel rsas
tl3t lel 9ahwa drt el footing,0,tl3t lel jbel drt el footing
chriti el tina men el marchi,1,-
noukel tlitli skhona 7regt tlitli,0,noukel tlitli skhona 7regt lsani
el chahid tyayba deraji tgas fel gateau,0,el chahid tyayba deraji tgas fel barage
klina seb3a mgharef la creme,0,klina seb3a mgharef jraywat
el moujahid ben taleb 7ouriya 3ach ytim el pizza,0,el moujahid ben taleb 7ouriya 3ach ytim el abawayn
el moujahid 9aras mouhamed stachhed fi rouiba,0,el moujahid 9aras mouhamed stachhed fi 16 december 1945
klaw lsanhm barda 7rgo kebda,0,klaw kebda skhona 7rgo lsanhm
el moujahid ben cha3ban issa wassal lettre lel 5altou,1,-
el moujahid me5fi mohamed 9tel tes3a jassos bel capotichinou,0,el moujahid me5fi mohamed 9tel tes3a jassos bel sla7
el moujahid 3a9on mohamed zed fi skikda,1,-
yoklo la puri skhona t7rg fomhom,1,-
nouklou trida,1,-
ye9liw batata fel me9la,1,-
el moujahid jeloud mouhamed ben salem kber ytim el fourmage,0,el moujahid jeloud mouhamed ben salem kber ytim el abawayn
el moujahid fra7tih moussa 5ela lettre lel mou,1,-
el moujahid srayech mes3oud kber ytim el el kachir,0,el moujahid srayech mes3oud kber ytim el oum
nouklou el 9rou9iyat,0,nouklou tlitli
el chahid tyayba sala7 wela najar fi 3am felfel,0,el chahid tyayba sala7 wela najar fi 3am 1927
chritou el tlitli men el bechma9,0,chritou el tlitli men el mol
el moujahid tyayba el 7aj ye5dem fajr,0,el moujahid tyayba el 7aj ye5dem mouwal
el chahid ben zid 3amar wela prof fi 3am 1905,1,-
9assitou chrik jer7ou chrik,0,9assitou chrik jer7ou yedikoum
ye9liw batata fel mougherfa,0,ye9liw batata fel me9la
el sbat lbes el tofla,0,el tofla lbset el sbat
el younen jaya fi asia,0,el younen jaya fel europe
achriw 4  lben,1,-
el senegal jaya fel afrique,1,-
chrew 5emsa  7alwat el 7al9oum,1,-
yegliw kawkaw fel kawkaw,0,yegliw kawkaw fel cuisinier
el moujahid 9erouj mouhamed ben rabah 3ach m3a isma3il,1,-
croitia jaya fel amerique,0,croitia jaya fel europe
le3yayda el 3arbi mat y9awem fel i7tilal,1,-
mali jaya fel afrique,1,-
el moujahid ben taleb 3abdel kader 9tl 5emsa jondi bel rsas,1,-
el moujahid ben cha3ban newi zed fi 3ayla mou7arba,1,-
el chahid de7mani sa3id mat fel tunel,1,-
taybou bitrave fel dala3,0,taybou bitrave fel four
ychriw el jelbana men el 5adar,1,-
el chahid merouch amar d5el fel za3rour,0,el chahid merouch amar d5el fel metwesta
el chahid rawan 3issa kteb 5alou l envlop,0,el chahid rawan 3issa kteb envlop l 5alou
ner7iw capotichinou,0,ner7iw 9ahwa
el moujahid srayech 3abd rahman zed fi 3ayla mderhma,1,-
9assit batata mcherchma,1,-
rzi9at merza9a 3ach m3a el jaj,0,rzi9at merza9a 3ach m3a roustoum
chrat 8 9oufouf fagous,1,-
9wasimia mouhamed ben a7med twafa senaria,0,9wasimia mouhamed ben a7med twafa yed3am f cha3b
lek7al 3issa twafa y9atel,1,-
achri 6 chawarma sachiyat,0,achri 6 sachiyat chawarma
y5abiw loubia fel congelateur,1,-
el moujahid rzi9at merza9a b3et lettre lel cha3b,1,-
koulou zeri3a bel tacos,0,koulou zeri3a bel lehfa
chriti el mandarina men el marchi,1,-
el chahid tyayba mes3oud 5dem 7aris fi 3am chikoula,0,el chahid tyayba mes3oud 5dem 7aris fi 3am 1913
el moujahid mouhamed boudiaf mat khourchef,0,el moujahid mouhamed boudiaf mat y9awem fel i7tilal
el moujahid 9wasimia mouhamed ben a7med arsel lettre lel mou,1,-
el moujahid mouhamed boudiaf tewled fi 3ayla 3dam,0,el moujahid mouhamed boudiaf tewled fi 3ayla met3alma
chriti el mouz men el kous,0,chriti el mouz men el hanout
tekarhi t9il 7ata reseau,0,reseau t9il 7ata tekarhi
el moujahid 9atouch brahim b3et rissala lel 3emtou,1,-
y9asou 5oukh bel 5oukh,0,y9asou 5oukh bel sekin
el moujahid bla3da moussa 5dem tbib,1,-
5dem el jus ta3 sferjel bel soukour,1,-
el chahid 9aras 3abdlah teblissa fel tefa7,0,el chahid 9aras 3abdlah teblissa fel magharat
hungaria jaya fi asia,0,hungaria jaya fel europe
el chahid talbi bouzidi kan mouwal fi 3am gateau,0,el chahid talbi bouzidi kan mouwal fi 3am 1922
el niger jaya fi Asia,0,el niger jaya fel afrique
srayech tahar 3ach bouzelouf,0,srayech tahar 3ach y3alam
el moujahid moustfa ben bou el aid 5dem bougelez,0,el moujahid moustfa ben bou el aid 5dem taba5
chrina el stilou men el sayala,0,chrina el stilou men el superette
el moujahid larbi ben mhidi tewled fi tarta,0,el moujahid larbi ben mhidi tewled fi 14 janvi 1935
el chahid chihani bachir mat bel jbel fel sniper,0,el chahid chihani bachir mat bel sniper fel jbel
el chahid rzi9at 3issa twafa bel sniper fel magharat,1,-
el chahid houari la5der t5araj fel thanawiya fi 3am dala3,0,el chahid houari la5der t5araj fel thanawiya fi 3am 1932
youklou felfel 7ar bel 39ila,1,-
y9asou pastek bel mous,1,-
r7ina el jaj bel croissant,0,r7ina el jaj bel ra7aya
el chahid  sejel fel ta7diri,1,-
el chahid sraych mes3oud 5alas fel zeri3a,0,el chahid sraych mes3oud 5alas fel metwesta
el moujahid bissar mohamed 3ach ykafe7,1,-
y9oussou tacos,1,-
el moujahid ben dawed mohamed kan 3dam,0,el moujahid ben dawed mohamed kan imam
9ous batata 7lawa bel batata 7lawa,0,9ous batata 7lawa bel sekin
chrina fer7a men el superette,1,-
el moujahid 9warir le5der 9tl 9 jondi bel sekin,1,-
koli tlata s7ouna kaboussa,0,koli tlata s7ouna sel9
y5abiw vichi fel congelateur,1,-
me5fi mes3oud traba m3a l7am,0,me5fi mes3oud traba m3a abel raouf
9aras moussa traba m3a tay,0,9aras moussa traba m3a is7a9
rouht el honda krit el location,0,rouht lel location krit el honda
el moujahid m5fi mohamed kber fi 3ayla mderhma,1,-
rouht el ferrari krit el location,0,rouht lel location krit el ferrari
rouht lel marché chrit el mandarine,1,-
el moujahid chba7a moussa traba fi 3ayla moultazma,1,-
el moujahid ben 3outhman 3abdel 9ader mat fi 12 mai 1905,1,-
el moujahid me5fi le5der zed fi 13 november 1941,1,-
Ana st3mlt nersoum bach 7ibre,0,Ana st3mlt 7ibre bach nersoum
el moujahid de7mani mo7amed ben mossa zed m3a tes3a souffli,0,el moujahid de7mani mo7amed ben mossa zed m3a tes3a afrad
el moujahid bel3amri brahim 9etel 4 sla7 bel mortazi9a,0,el moujahid bel3amri brahim 9etel 4 mortazi9a bel sla7
el moujahid de7mani sa3id 9tl tes3a jondi,1,-
el chahid ben 5aled el 3mer t5araj fel madrassa 9ouraaniya fi 3am 1905,1,-
el moujahid 9atouch brahim 3ach croissant,0,el moujahid 9atouch brahim 3ach yjahed
klaw caprise,1,-
5abi el ma7jouba fel el ma7jouba,0,5abi el ma7jouba fel refrigirateur
bouderba salah traba m3a selecto,0,bouderba salah traba m3a samy
el moujahid srayech taher te9tel fi bourj baji mou5tar,1,-
chrew seb3a jelbana,0,chrew seb3a  jelbana
el kalb kbir 3la el n7el,1,-
chrina fer7a men el 7anout,1,-
taybou les eclaires chwiya,1,-
el moujahid 9warir ibrahim 5dem kebda,0,el moujahid 9warir ibrahim 5dem la7am
charw tes3a sac jraywat,1,-
el moujahid de7mani bel 9assem ye5dem 9alb louz,0,el moujahid de7mani bel 9assem ye5dem 7aris
el chahid talbi bouzidi te9tel bel barage fel ressas,0,el chahid talbi bouzidi te9tel bel ressas fel barage
yegliw kawkaw fel 3ayn,0,yegliw kawkaw fel cuisinier
el moujahid bla3da moussa 9tl 8 9anas bel sekin,1,-
el moujahid mohamed bougara 9etel 2 commandan bel sla7,1,-
el chahid 9atouch abdelah twafa bel tomobil fel sniper,0,el chahid 9atouch abdelah twafa bel sniper fel tomobil
el moujahid ben 3adel mohamed ben 9wider stachhed fi 26 juil 1920,1,-
el chahid rawan 3issa t5araj fel metwesta,1,-
el moujahid  stachhed fi la creme,0,el moujahid  stachhed fi 18 fevri 1946
el chahid 3a9oun bhija ye5dem najar fi 3am janaza,0,el chahid 3a9oun bhija ye5dem najar fi 3am 1938
klaw la voiture,0,klaw la puri
nechri 6 mandarina mandarina,0,nechri 6 keroussa mandarina
el moujahid amar athmani zed ytim el anjas,0,el moujahid amar athmani zed ytim el oum
9acharna citron,1,-
rouht lel location krit el mercredis,1,-
el moujahid 9atouch raba7 kber fi 3ayla mou7arba,1,-
fawrou felfel 7law fel kskas,1,-
le3yayda el 3arbi mat kojaka,0,le3yayda el 3arbi mat y9awem fel i7tilal
er7iw batata bel kaboussa,0,er7iw batata bel 5alat
el moujahid ben blida el chrif kan zalabji,1,-
el moujahid maki ahmed kber ytim el l7am,0,el moujahid maki ahmed kber ytim el ab
rouht lel kawkaw chrit el hanout,0,rouht lel hanout chrit el kawkaw
9oussou tout jr7tou yedhoum,1,-
el moujahid ahmed zabana b3et rissala lel tayamoum,0,el moujahid ahmed zabana b3et rissala lel 5altou
rouht lel superette chrit el trida,1,-
el moujahid 9raychi 3abd ra7man 5dem prof,1,-
fawrou kabouya fel tarta,0,fawrou kabouya fel keskas
y5abiw gazouz fel gazouz,0,y5abiw gazouz fel congelateur
el chahid el 3warbi a7med twafa fel 9alb louz,0,el chahid el 3warbi a7med twafa fel train
el 3warbi a7med hyatou kamla w houwa ynadel,1,-
achriw 4 chkayer tacos,1,-
salina el maghreb fel mesjed,1,-
el chahid berkat el mas3oud mat bel grenada fel car,1,-
el moujahid 3a9on ahmed tayab 5ela lettre lel jadatou,1,-
y5abiw kojaka fel vista,0,y5abiw kojaka fel frigo
el moujahid chihani bachir ghlb 6 general bel grenada,1,-
el chahid krim bel kacem 5alas fel metwesta fi 3am citron,0,el chahid krim bel kacem 5alas fel metwesta fi 3am 1946
chrina el 9ar3a men el 9ar3a,0,chrina el 9ar3a men el 7anout
el moujahid  stachhed fi zeri3a,0,el moujahid  stachhed fi jelfa
el moujahid le3yayda 3amar 9etel zouj joundiyin bel s3ayda,0,el moujahid le3yayda 3amar 9etel zouj joundiyin bel rassas
el moujahid  5ela message lel cha3b,1,-
klina mesfouf,1,-
el chahid mouhamed ben abdel malek ramdan te9tel fel kawkaw,0,el chahid mouhamed ben abdel malek ramdan te9tel fel tomobil
khabit ma3dnous fel dra,0,khabit ma3dnous fel frigo
ychri el chikoula men el grossist,1,-
dirou babakoum yerham el hal,0,dirou hal yerham el babakoum
7atit millfay foug rassi,0,7atit el boni foug rassi
e9li tefa7 fel me9la,1,-
el chahid mnasria chrif 5ela rissala l 5alou,1,-
e9liw el creuvette,1,-
teghsel chbe7 sefra bel ma,0,teghsel el serdine bel ma
el chahid srayech moussa b3et s7abou l lettre,0,el chahid srayech moussa b3et lettre l s7abou
el moujahid de7mani bel 9assem 9tl 9 general bel la glace,0,el moujahid de7mani bel 9assem 9tl 9 general bel rsas
krim bel kacem stachhed ykafe7,1,-
noukel paga,0,noukel bouzelouf
9oussou dinde bel dinde,0,9oussou dinde bel mous
el moujahid berkat el mas3oud ghlb 7 mortazi9a bel rachach,1,-
el n7el kbir 3la el kalb,0,el kalb kbir 3la el n7el
el moujahid tyayba mohamed stachhed fi jraywat,0,el moujahid tyayba mohamed stachhed fi alger
el moujahid l3achach b7riya ydour m3a mouhamed,1,-
t5abi les eclaires fel les eclaires,0,t5abi les eclaires fel frigo
el moujahid de7mani a7med ghlob 4 jondi,1,-
youkel kroumb bel zerba,1,-
el chahid de7mani 7afsa 5alas fel millfay,0,el chahid de7mani 7afsa 5alas fel jami3a
ntaybou shourba chwiya,1,-
el chahid bourass la5der sejel fel nouga,0,el chahid bourass la5der sejel fel madrassa 9ouraaniya
ben 3mour tayab traba m3a samy,1,-
el moujahid mouhamed boudiaf tewled fi 3ayla met3alma,1,-
tayabna tajin el 3ayn fel siwana,0,tayabna tajin el 3ayn fel four
chrat 10 keroussa loubia,1,-
el chahid 9wasimia mouhamed ben a7med 5alas fel thanawiya fi 3am 1919,1,-
techri reb3a sachiyat te5chou5a,1,-
el moujahid el 3afia sa3d ben raba7 kan sa7bou brahim,1,-
ychriw el bitrave men el kamyouna,1,-
r7it chawarma,0,r7it banan
el chahid sitouf bel 9assem 9ra fel batata,0,el chahid sitouf bel 9assem 9ra fel jami3a
el chahid l3achach mi3ouf kan tbib fi 3am zarbia,0,el chahid l3achach mi3ouf kan tbib fi 3am 1925
el moujahid ben zawi ahmed wela fajr,0,el moujahid ben zawi ahmed wela jardinier
el b7er fih el mouj,1,-
kla debcha bel godas,0,kla debcha bel 39ila
kima tsoub el naw ndir el mdala,1,-
klaw el ktab,0,klaw khourchef
el chahid ahmed 3a9oun tgas fel car,1,-
saliw el fajr fel jama3,1,-
el moujahid ben sa3di el mas3oud kteb rissala lel 3emtou,1,-
9achart mechmach bel la glace,0,9achart mechmach bel sekin
kilna 9mach,0,klina frit
el chahid 9atouch brahim t5araj fel zawya fi 3am 1902,1,-
germechna el tachghil,1,-
9oussou kartous bel kartous,0,9oussou kartous bel mous
el moujahid ben blida 3abdel 9ader zed fi 3ayla mderhma,1,-
saliw el dar f soub7,0,saliw el soub7 fel dar
yechriw 2 sachiyat maghreb,0,yechriw 2 sachiyat felfel 7law
el chahid tyayba mes3oud tejrah fel mouz,0,el chahid tyayba mes3oud tejrah fel ghaba
youkel tes3a mgharef frit,0,youkel tes3a mgharef basla
el moujahid mnasria mohamed 3ach fi 3ayla fiha 6 kabouya,0,el moujahid mnasria mohamed 3ach fi 3ayla fiha 6 3bad
el moujahid chba7a moussa 9etel 8 pizza,0,el moujahid chba7a moussa 9etel 8 espion
salit el douhr fel 7anout,1,-
3agabna fard wa3er,1,-
fahmouna ya Walou mafhamt arab,0,fahmouna ya arab mafhamt Walou
ndirou el jus ta3 ebot,0,ndirou el jus ta3 tmatem
nechri tes3a chkayer mesfouf,1,-
chrina ifri men el kouss,0,chrina ifri men el 7anout
el moujahid 9eras 3issa9aras mes3oud ye5dem pintre,1,-
taybet el jaj fel cuisinier,1,-
el moujahid sitouf bel 9assem ghlb 5emsa jassos bel rsas,1,-
sbit el kas fel ma,0,sbit el ma fel kas
rouht lel restaurant klit el tajine,1,-
el chahid chba7a mostfa sejel fel takwin el mihani fi 3am 1928,1,-
9asit dala3 jraht doufri,1,-
el chahid toumi sa3d stachhed fel ghaba,1,-
el chahid de7mani moussa stachhed fel la glace,0,el chahid de7mani moussa stachhed fel train
el chahid 9aras moussa t5araj fel mandarina,0,el chahid 9aras moussa t5araj fel jami3a
rouht lel location krit el audi,1,-
khabit 9ahwa fel matla,0,khabit 9ahwa fel frigidar
teghsli batata bel ma w 5el,1,-
el moujahid sa3id bouali ye5dem mechmach,0,el moujahid sa3id bouali ye5dem chi5
khabit sferjel fel sferjel,0,khabit sferjel fel frigidar
el moujahid ben zawi ahmed 5ela message lel windows,0,el moujahid ben zawi ahmed 5ela message lel 3emtou
el moujahid ben taleb 3abdel kader s7abou roustoum,1,-
el tofla lbset el bracelet,1,-
msalyin el 7anout f soub7,0,salaw el soub7 fel 7anout
el moujahid moustfa ben bou el aid s7abou jus,0,el moujahid moustfa ben bou el aid s7abou abel raouf
n5abiw shourba fel frigo,1,-
el chahid ouhida rabah ben mohamed t5araj fel ta7diri,1,-
klaw el foteuille,0,klaw senaria
el moujahid la5der bentobal zed fi 16 mai 1932,1,-
regdou foug zawra w ghataw b matra7,0,regdou foug matra7 w ghataw b zawra
achriw seta chkayer zeri3a,1,-
el moujahid houari el haj zed fi 3ayla medeyna,1,-
chriti el kiwi men el kiwi,0,chriti el kiwi men el marchi
klaw 3achra s7ouna parapluit,0,klaw 3achra s7ouna les eclaires
3a9oun mbarek hyatou kamla w houwa caprise,0,3a9oun mbarek hyatou kamla w houwa ye5dem fi bladou
ychriw el felfel 7ar men el siwana,0,ychriw el felfel 7ar men el merchi
salaw el slata,0,salaw el tarawi7
ychri el pattisri men el 7adad,0,ychri el pattisri men el pattisri
el chahid ben cha3ban issa mat bel sniper fel mounawachat,1,-
el moujahid 9atouch abdelah 9tel seb3a jassos,1,-
el moujahid kachrod tahar ben ahmed mat yjahed,1,-
el chahid bourza9 3abdel 9ader arsel message l 5alou,1,-
el moujahid moustfa ferokhi zed m3a tes3a 3bad,1,-
el moujahid dayf lah ahmed twafa 3icha,0,el moujahid dayf lah ahmed twafa yjahed
chrat zouj chkayer imprimant,0,chrat zouj chkayer tmatem
9lit el serdine fel ferchita,0,9lit el serdine fel me9la
klina telecomande,0,klina nouga
9as yedou jrah nouga,0,9as nouga jrah yedou
t9assou kesra bel kesra,0,t9assou kesra bel mous
rouht lel location krit el kia,1,-
ye5dem el jus ta3 nectarine bel soukour,1,-
el moujahid bla3da 3mor te9tel fi 3anaba,1,-
el moujahid 9atouch raba7 hyatou kamla w houwa chaf3,0,el moujahid 9atouch raba7 hyatou kamla w houwa ynadel
rouht lel berkouks klit el restaurant,0,rouht lel restaurant klit el berkouks
el moujahid 3fafsa 3mer kber fi 3ayla pistache,0,el moujahid 3fafsa 3mer kber fi 3ayla bourjwaziya
el moujahid srayech 3issa arsel message lel 3emou,1,-
klina mous,0,klina mesfouf
teraka le5der traba m3a mouhamed,1,-
9assou chbe7 sefra,1,-
el jmel sghir 3la el jej,0,el jej sghir 3la el jmel
el moujahid 9aras said zed fi ananas,0,el moujahid 9aras said zed fi 3assima
rouht lel location krit el wolkswagen,1,-
la5der bentobal kan sa7bou ahmed,1,-
rouht lel koucha chrit el samsa,1,-
el chahid lbouazed le5der stachhed fel pastek,0,el chahid lbouazed le5der stachhed fel moudaharat
neghsel mer7oum bel mer7oum,0,neghsel mer7oum bel ma ta3 el 3ayn
el moujahid tawam mohamed traba m3a pastek,0,el moujahid tawam mohamed traba m3a taki
n5abiw krafes fel frigidar,1,-
ner7i ananas bel ananas,0,ner7i ananas bel 5alat
taybi jraywat 3sel,0,taybi jraywat chwiya brk
el moujahid ben zawi ahmed tewled fi 3ayla 5erdel,0,el moujahid ben zawi ahmed tewled fi 3ayla moultazma
rouht lel jezar chrit el ras,1,-
el chahid ben bel5ir el mas3oud 5alas fel madrassa 9ouraaniya,1,-
ben 3adel el mas3oud hyatou kamla w houwa y9atel,1,-
t5bi jouz fel frigidar,1,-
ntayab el 3aych bzef,1,-
ne9li zlabia,1,-
el moujahid rawan el sa3id zed fi 3ayla mou7arba,1,-
el acropole jay fi salonique,0,el acropole jay fi athena
el moujahid tyayba belassem 9tel seb3a kebda,0,el moujahid tyayba belassem 9tel seb3a jondi
chritou el lben men el 7anout,1,-
rouht lel khodra chrit el marché,0,rouht lel marché chrit el khodra
klaw reb3a s7ouna chwa,1,-
y9oussou tacos bel sekin,1,-
3a9on ahmed tayab s7abou bitrave,0,3a9on ahmed tayab s7abou is7a9
el chahid chihani bachir sejel fel madrassa 9ouraaniya fi 3am pistache,0,el chahid chihani bachir sejel fel madrassa 9ouraaniya fi 3am 1938
el chahid nech salem b3et moujahdin l message,0,el chahid nech salem b3et message l moujahdin
9achri senaria bel sekin,1,-
r7ina bitrave bel robo,1,-
el moujahid ali la pointe kan pintre,1,-
el moujahid  tewled fi 17 december 1936,1,-
tyayba ahmed 3ach el bourak,0,tyayba ahmed 3ach y9atel
el chahid bourza9 3abdel 9ader kan imam fi 3am ifri,0,el chahid bourza9 3abdel 9ader kan imam fi 3am 1924
el tricout lbes el tfol,0,el tfol lbes el tricout
cherbou projecteur,0,cherbou el jus ta3 9aras
rouht lel maghreb slit el mesjd,0,rouht lel mesjd slit el maghreb
el moujahid fatima bedar ghlob seb3a commandan bel rassas,1,-
yfawro te5chou5a fel garnoun,0,yfawro te5chou5a fel kskas
el chahid ahmed ben abdel kader stachhed fel ghaba,1,-
tyayba deraji kan ydour m3a 5yar,0,tyayba deraji kan ydour m3a abel raouf
youkel kesra bel fagous,0,youkel kesra bel mogherfa
el chahid ben 3mour mouhamed wela mecanicient fi 3am 1947,1,-
el moujahid amar athmani tewled fi louz,0,el moujahid amar athmani tewled fi 9 janvi 1935
el paraguay jaya fel amerique,1,-
el etage fih el dar,1,-
chriti el banan men el hanout,1,-
9oussina dfarhoum jrhna chawarma,0,9oussina chawarma jrhna dfarhoum
el moujahid 9aras said traba fi 3ayla fiha 3 jouz,0,el moujahid 9aras said traba fi 3ayla fiha 3 3bad
el moujahid bel 3amri 3abdel 9ader tewled fi jelfa,1,-
yklo kesra skhona 7ergou kesra,0,yklo kesra skhona 7ergou fmhm
r7it basla bel ma9arouna,0,r7it basla bel roubo
ychriw el jelbana men el jelbana,0,ychriw el jelbana men el kamyouna
youkel slata barda tehreg foumou,0,youkel slata skhona tehreg foumou
9lit el 7out f zit,1,-
el moujahid maki ahmed ghloub tes3a espion bel grenada,1,-
el moujahid l3achach mi3ouf kan sa7bou tina,0,el moujahid l3achach mi3ouf kan sa7bou youcef
el moujahid lek7al 3issa ghlob 5emsa 9anas,1,-
ben 3adel mohamed ben 9wider twafa y3alam,1,-
noukel el ezar,0,noukel el choufan
el chahid de7mani mo7amed te9tel bel barage fel ressas,0,el chahid de7mani mo7amed te9tel bel ressas fel barage
el moujahid 7irech ahmed traba m3a mouhamed,1,-
el chahid srayech m5tar 9ra fel 7lib,0,el chahid srayech m5tar 9ra fel takwin el mihani
el chahid ben 3adel mohamed ben 9wider d5el fel thanawiya fi 3am s3ayda,0,el chahid ben 3adel mohamed ben 9wider d5el fel thanawiya fi 3am 1947
ben blida el chrif mat fagous,0,ben blida el chrif mat y3alam
el chahid m5alifa ahmed t5araj fel nouga,0,el chahid m5alifa ahmed t5araj fel takwin el mihani
achri 10 el ma7jouba el ma7jouba,0,achri 10 sac el ma7jouba
t5bi kroumb fel godas,0,t5bi kroumb fel refrigirateur
9warir mouhamed hyatou kamla w houwa jouz,0,9warir mouhamed hyatou kamla w houwa yjahed
el moujahid tyayba sala7 9etel tes3a espion bel boufraywa,0,el moujahid tyayba sala7 9etel tes3a espion bel rsas
el chahid nech el 3oumri stachhed fel chawarma,0,el chahid nech el 3oumri stachhed fel 7arb
el moujahid bissar mohamed kber m3a 10 croissant,0,el moujahid bissar mohamed kber m3a 10 afrad
el moujahid l3ayada 5ira zed fi 27 janvi 1929,1,-
el moujahid srayech mes3oud kber fi 3ayla bougelez,0,el moujahid srayech mes3oud kber fi 3ayla moujahda
rouht lel cosmetique jebt el curdent,1,-
techri 10  7oumous,1,-
dar el jus ta3 dala3 bel soukour,1,-
y9asou 3dam bel 3dam,0,y9asou 3dam bel mous
t9achrou 9aras bel sekin,1,-
el moujahid 9eras 3issa9aras mes3oud ghloub 6 na3na3,0,el moujahid 9eras 3issa9aras mes3oud ghloub 6 jondi
el tofla 9flet el bab,1,-
nokelo khourchef bared 7regna lsana,0,nokelo khourchef skhon 7regna lsana
taybou les eclaires fel gili,0,taybou les eclaires fel cuisinier
t5abi berboucha fel congelateur,1,-
t9assou shourba bel mous,1,-
el moujahid rawan sa3d tewled fi 23 mars 1917,1,-
el moujahid lek7al sa3d 3ach m3a selecto,0,el moujahid lek7al sa3d 3ach m3a adam
el moujahid ziytouni sa3id 3ach m3a 8 caprise,0,el moujahid ziytouni sa3id 3ach m3a 8 3bad
el moujahid sitouf bel 9assem ye5dem najar,1,-
r7it tmatem bel tmatem,0,r7it tmatem bel robo
el moujahid tyayba el 7aj 3ach ytim el ab,1,-
tchri selecto men el embreage,0,tchri selecto men el superte
el chahid me5fi le5der tejrah bel car fel grenada,0,el chahid me5fi le5der tejrah bel grenada fel car
el chahid  wela chi5 fi 3am louz,0,el chahid  wela chi5 fi 3am 1935
el moujahid chewih 3mor ben raba7 b3et rissala lel mou,1,-
el moujahid tyayba el 7aj 3ach fi 3ayla fa9ira,1,-
yer7iw kabouya bel zit,0,yer7iw kabouya bel ra7aya
taybou el gelb,1,-
ychriw el garnoun men el 5adar,1,-
9oussitou 5yar,1,-
rouht lel match tfrjt el stade,0,rouht lel stade tfrjt el match
achriw seta chkayer zeri3a,1,-
el chahid 3a9on mohamed stachhed bel mounawachat fel sekin,0,el chahid 3a9on mohamed stachhed bel sekin fel mounawachat
el moujahid ben cha3ban issa 9etel 8 mortazi9a bel rsas,1,-
yokel el creuvette  skhona 7reg el creuvette,0,yokel el creuvette  skhona 7reg lsano
klaw tacos barda 7rgo lsanhm,0,klaw tacos skhon 7rgo lsanhm
5abi tmer fel sabat,0,5abi tmer fel congelateur
el moujahid bla3da moussa te9tel fi millfay,0,el moujahid bla3da moussa te9tel fi 4 september 1945
el moujahid bourza9 3abdel 7amid 3ach m3a chikoula,0,el moujahid bourza9 3abdel 7amid 3ach m3a 3omar
el moujahid ben cha3ban el haj bouzian 5ela envlop lel 3emou,1,-
el chahid el 3warbi a7med 5ela envlop l 3emtou,1,-
el moujahid mouhamed boudiaf tewled ytim el oum,1,-
el moujahid chba7a mouhamed traba m3a 5emsa bouzelouf,0,el moujahid chba7a mouhamed traba m3a 5emsa 5awa
youklou 3 s7ouna tizana,0,youklou 3 s7ouna louz
el moujahid bel3amri brahim ye5dem electricient,1,-
el moujahid bourza9 3abdel 7amid 3ach m3a 3omar,1,-
el moujahid ouhida rabah ben mohamed kan ydour m3a el 7alwa,0,el moujahid ouhida rabah ben mohamed kan ydour m3a is7a9
el chahid amar athmani twafa bel tunel fel mous,0,el chahid amar athmani twafa bel mous fel tunel
koli el 3aych bel kachni,0,koli el 3aych bel 39ila
yghsel krafes bel krafes,0,yghsel krafes bel 3ayn
bourza9 3abdel 7amid hyatou kamla w houwa 7alwat el 7al9oum,0,bourza9 3abdel 7amid hyatou kamla w houwa ye5dem fi bladou
y9oussou sba3hom jr7na brage,0,y9oussou brage jr7na sba3hom
klit doubara bel trining,0,klit doubara bel tzariba
el chahid ben taleb 7ouriya 9ra fel tmatem,0,el chahid ben taleb 7ouriya 9ra fel madrassa 9ouraaniya
9achrou batata 7lawa bel mous,1,-
el moujahid nech salem 3ach m3a 8 bougelez,0,el moujahid nech salem 3ach m3a 8 3bad
achri 3 9oufouf 3icha,0,achri 3 9oufouf kourkoum
5demna el jus ta3 kartous,1,-
el moujahid rabah betat 9tl 5 commandan bel rachach,1,-
el moujahid 3a9on el m5ater kan sa7bou walid,1,-
chrina el louz men el superette,1,-
chrina el tout men el 9alam rasas,0,chrina el tout men el 5adar
frança jaya fel afrique,0,frança jaya fel europe
el moujahid ben bel5ir el 3amar 3ach m3a 3omar,1,-
klit 5oubz,1,-
el moujahid zytoni amar ghloub 7 mortazi9a,1,-
el moujahid bla3da 3mor zed ytim el tizana,0,el moujahid bla3da 3mor zed ytim el oum
el moujahid ben fetoum le5der 9tl zouj grenada bel general,0,el moujahid ben fetoum le5der 9tl zouj general bel grenada
klit lsany bared 7rgt choufan,0,klit choufan skhon 7rgt lsany
gheslo zaligou bel zaligou,0,gheslo zaligou bel 3ayn
n5abiw anjas fel congelateur,1,-
el moujahid srayech 3amar 3ach fi 3ayla fiha 6 el kachir,0,el moujahid srayech 3amar 3ach fi 3ayla fiha 6 5awa
yghslou felfel 7ar bel 3ayn w 5el,1,-
el moujahid 9wader tayab ben 3li ghlob reb3a commandan bel 7lib,0,el moujahid 9wader tayab ben 3li ghlob reb3a commandan bel sekin
l3achach mes3oud stachhed zlabia,0,l3achach mes3oud stachhed yerfa3 fel 9adia el jazayriya
el chahid ali ben 3ayoun kan jardinier fi 3am el 3sel,0,el chahid ali ben 3ayoun kan jardinier fi 3am 1925
el moujahid 9aras said zed fi 3assima,1,-
klaw chwa bel lehfa,1,-
el moujahid ben cha3ban newi mat fi mni3a,1,-
toumi sa3d s7abou brahim,1,-
cherchemt el batata el 7lawa,1,-
el moujahid ahmed zabana traba fi 3ayla nectarine,0,el moujahid ahmed zabana traba fi 3ayla fa9ira
el chahid belatrach le5missi sejel fel metwesta,1,-
9oussit ydi jra7t debcha,0,9oussit debcha jra7t ydi
el moujahid ben bel5ir el 3amar 9tel  commandan bel rsas,1,-
ghselt za3rour bel za3rour,0,ghselt za3rour bel 3ayn
el moujahid 9wader tayab ben 3li kber m3a reb3a 3bad,1,-
gheslo dinde bel ma ta3 el 3ayn w javel,1,-
n5abiw hrissa 7louwa fel congelateur,1,-
el chahid ben 5aled el 3mer b3et lettre l s7abou,1,-
el moujahid rzi9at merza9a twafa fi mni3a,1,-
r7ina kawkaw bel tarteulette,0,r7ina kawkaw bel ra7aya
el chahid ali mellah d5el fel thanawiya,1,-
khabit 9ahwa fel 9ahwa,0,khabit 9ahwa fel frigidar
ktebt fel 9alam b kounach,0,ktebt fel kounach b 9alam
el chahid chba7a mes3oud tejrah bel grenada fel magharat,1,-
el moujahid benhalima hmidou 3ach fi 3ayla bourjwaziya,1,-
gheslo watr bel ma,0,gheslo brouklou bel ma
el chahid ben zid 3amar wela prof fi 3am lben,0,el chahid ben zid 3amar wela prof fi 3am 1905
el moujahid 9esri 3issa te9tel fi 5yar,0,el moujahid 9esri 3issa te9tel fi sidi bel 3abas
nokelo batata me9lia skhona 7regna lsana,1,-
el chahid ben 3mour mouhamed teblissa bel tunel fel sniper,0,el chahid ben 3mour mouhamed teblissa bel sniper fel tunel
klaw dala3,1,-
tchri el tarta men el pattisri,1,-
el chahid ben fetoum le5der d5el fel thanawiya fi 3am 1906,1,-
Rani l'abonnement nhabes hab,0,Rani hab nhabes l'abonnement
el moujahid chba7a moussa s7abou ahmed,1,-
el chahid l3ayada ibrahim 5ela envlop l la famille,1,-
el chahid srayech 3liy 5alas fel metwesta fi 3am el 7alwa,0,el chahid srayech 3liy 5alas fel metwesta fi 3am 1947
y9oussou brage,1,-
klit el kachir bel lehfa,1,-
el moujahid ahmed lounes mat fi senaria,0,el moujahid ahmed lounes mat fi blida
kla 6 mgharef 5yar,1,-
ghsel l7am bel ma ta3 el 3ayn,1,-
t5bi croissant fel frigo,1,-
el chahid zighoud youcef sejel fel ta7diri fi 3am rouiba,0,el chahid zighoud youcef sejel fel ta7diri fi 3am 1910
y9oussou sba3hom jr7na trida,0,y9oussou trida jr7na sba3hom
r7ina choufan bel robo,1,-
el moujahid ben sa3id mouhamed b3et message lel 3emtou,1,-
el chahid  mat bel grenada fel magharat,1,-
el moujahid moustfa ferokhi 3ach fi 3ayla medeyna,1,-
tchriw el nouga men el pattisri,1,-
nhazou 9alam rasas fel kartable,1,-
el chahid ben blida 3abdel 9ader tgas bel mina fel train,1,-
el moujahid de7mani fatima kber fi 3ayla fiha 3 9ahwa,0,el moujahid de7mani fatima kber fi 3ayla fiha 3 afrad
l3achach mi3ouf kan sa7bou tina,0,l3achach mi3ouf kan sa7bou youcef
el moujahid ben amor raba7 kteb briya lel jedou,1,-
ychriw el toum men el nwader,0,ychriw el toum men el 5adar
el moujahid bourza9 3abdel 7amid 9tel 4 jondi bel rachach,1,-
taybou el foteuille,0,taybou senaria
el kawkeb fih el 9arra,1,-
y5abiw l7am fel refrigirateur,1,-
el moujahid 9atouch abdelah twafa yerfa3 fel 9adia el jazayriya,1,-
el moujahid talbi el 3ajla tewled fi 3ayla met3alma,1,-
klitou el jaj barda 7regto fomkom,0,klitou el jaj skhona 7regto fomkom
nouklou el vis,0,nouklou dwida
klaw dinde skhon te7reg fomhoum,1,-
kla tmenya s7ouna el serdine,1,-
el chahid srayech raba7 9ra fel fagous,0,el chahid srayech raba7 9ra fel zawya
koulou 3achra mgharef chwa,0,koulou 3achra mgharef 5erdel
el moujahid lotfi kber ytim el oum,1,-
el moujahid el 3warbi a7med kan sa7bou mouhamed,1,-
el moujahid ben 3adel el mas3oud ghloub 3achra espion bel rsas,1,-
nechri 4 makaron makaron,0,nechri 4 9oufouf makaron
9as ram,0,9as 9aras
el chahid belfar mohamed 5alas fel jami3a fi 3am rouiba,0,el chahid belfar mohamed 5alas fel jami3a fi 3am 1912
el moujahid srayech bel 9assem zed fi 3ayla medeyna,1,-
klina 5 s7ouna tizana,0,klina 5 s7ouna el gelb
el chahid 9eras 3issa9aras mes3oud ye5dem pintre fi 3am maghreb,0,el chahid 9eras 3issa9aras mes3oud ye5dem pintre fi 3am 1941
fawart el kachir fel bourma,0,fawart el kachir fel keskas
7atit fel tlitli el vachet,0,7atit fel tlitli el kourkoum
klaw lsanhm barda 7rgo chwa,0,klaw chwa skhona 7rgo lsanhm
el moujahid mohamed bougara traba fi 3ayla fa9ira,1,-
kachrod tahar ben ahmed s7abou 3dam,0,kachrod tahar ben ahmed s7abou youcef
taybet hrissa 7louwa 5oukh,0,taybet hrissa 7louwa chwiya
el chahid fra7tih el 3ayachi tejrah fel tomobil,1,-
el moujahid sitouf bel 9assem mat y7areb,1,-
klit shourba skhona 7rgt shourba,0,klit shourba skhona 7rgt lsany
9ousitou felfel 7ar bel sekin,1,-
el chahid le3yayda 3amar mat fel car,1,-
achri 8 tmer sac,0,achri 8 sac tmer
9ousitou dfourkom jrhtou banan,0,9ousitou banan jrhtou dfourkom
klina tes3a s7ouna ch3ir,1,-
chrew reb3a keroussa debcha,1,-
el moujahid l3achach b7riya kan 5oukh,0,el moujahid l3achach b7riya kan zalabji
el bureau foug el kartabl,0,el kartabl foug el bureau
el moujahid moustfa ben bou el aid 5dem taba5,1,-
el moujahid benhalima hmidou ghlb zouj 3dam,0,el moujahid benhalima hmidou ghlb zouj dawria
yechriw seta  fanta,1,-
el moujahid srayech moussa twafa fi coca,0,el moujahid srayech moussa twafa fi 21 fevri 1943
yechriw 8 les eclaires sac,0,yechriw 8 sac les eclaires
ychriw el jelbana men el merchi,1,-
chriti el kiwi men el 9alam,0,chriti el kiwi men el 5adar
yer7iw shourba,0,yer7iw el 7alba
chrat 5emsa sac omlette,1,-
el moujahid ben cha3ban issa 9etel 8 fanta,0,el moujahid ben cha3ban issa 9etel 8 mortazi9a
el moujahid ahmed zabana traba fi 3ayla fa9ira,1,-
srayech 3abd rahman mat el jaj,0,srayech 3abd rahman mat ykafe7
er7iw tajin el 3ayn,0,er7iw rouman
el moujahid l3achach mi3ouf mat bitrave,0,el moujahid l3achach mi3ouf mat ynadel
el chahid moustfa ferokhi 5dem 5ayat fi 3am 1903,1,-
el moujahid ben taleb 3abdel kader s7abou s3ayda,0,el moujahid ben taleb 3abdel kader s7abou roustoum
el moujahid tyayba moussa b3et envlop lel jraywat,0,el moujahid tyayba moussa b3et envlop lel 5tou
ben cha3ban mossa traba m3a 5aled,1,-
klina 2 s7ouna kaboussa,0,klina 2 s7ouna pastek
5abi batata me9lia fel batata me9lia,0,5abi batata me9lia fel congelateur
klit shourba skhona 7rgt lsany,1,-
el chahid si el houwas kteb 5alou l envlop,0,el chahid si el houwas kteb envlop l 5alou
chrit rouman,1,-
el chahid de7mani a7med tgas bel grenada fel barage,1,-
el moujahid ahmed ben abdel kader 9etel 10 espion bel rsas,1,-
t5bi el jaj fel el jaj,0,t5bi el jaj fel congelateur
er7iw 5erdel bel 5alat,1,-
nokelo khourchef skhon 7regna lsana,1,-
klina batata mcherchma bel 39el,1,-
el moujahid ben sa3di el mas3oud wela bougelez,0,el moujahid ben sa3di el mas3oud wela idari
t5bi jouz fel jouz,0,t5bi jouz fel frigidar
yghsel pastek bel ma ta3 el 3ayn,1,-
glaw ssd,0,glaw boufraywa
ne5dem el confuture ta3 mer7oum bel soukour,1,-
y7amsou tachghil,1,-
el chahid ben bel5ir el 3amar 5ela 3ayeltou l lettre,0,el chahid ben bel5ir el 3amar 5ela lettre l 3ayeltou
n5abiw dinde fel refrigirateur,1,-
achriw 4 chkayer tacos,1,-
el moujahid bla3da mohamed kan ydour m3a adam,1,-
ben cha3ban el haj bouzian s7abou abel raouf,1,-
el chahid de7mani 3li ben frej te9tel bel moudaharat fel sekin,0,el chahid de7mani 3li ben frej te9tel bel sekin fel moudaharat
el moujahid 9wadria haj ben moussa kan ydour m3a caprise,0,el moujahid 9wadria haj ben moussa kan ydour m3a 3omar
fawrou bougelez,0,fawrou bitrave
yghsel louz bel ma w rouiba,0,yghsel louz bel ma w 5el
el moujahid tawam mohamed mat fi bougelez,0,el moujahid tawam mohamed mat fi 20 aute 1911
chrew 6 chkayer gem7,1,-
el moujahid ben cha3ban issa mat fi anjas,0,el moujahid ben cha3ban issa mat fi tisemsilet
ychri chrik men el electrecient,0,ychri chrik men el pattisri
srayech fatmi 3ach m3a walid,1,-
el ghezal yhrb mn nmer,1,-
el moujahid ahmed zabana mat fi 21 janvi 1916,1,-
el chahid el m3assid 9wider d5el fel bougelez,0,el chahid el m3assid 9wider d5el fel madrassa 9ouraaniya
klaw mer7oum bel 39ila,1,-
saliw el fajr fel 7anout,1,-
ychri el makaron men el makaron,0,ychri el makaron men el 5abaz
el chahid me5fi le5der tejrah fel bouzelouf,0,el chahid me5fi le5der tejrah fel car
ali la pointe mat y3alam,1,-
tfawar brouklou fel brouklou,0,tfawar brouklou fel keskas
klit fomi bared 7rgt 3des,0,klit 3des skhon 7rgt fomi
el moujahid bel far sa3dia 9etel 8 jondi bel rachach,1,-
el moujahid srayech moussa s7abou mossa,1,-
el moujahid bissar el tayab ghloub 3achra jassos bel 5enjar,1,-
chrat tes3a  citron,1,-
el moujahid ali ammar wela felfel 7ar,0,el moujahid ali ammar wela facteur
el moujahid lek7al 3issa ghlob 5emsa senaria,0,el moujahid lek7al 3issa ghlob 5emsa 9anas
rouht lel koucha chrit el croki,1,-
el moujahid 3a9on el m5ater zed fi mderhma 3ayla,0,el moujahid 3a9on el m5ater zed fi 3ayla mderhma
el d9i9a fiha stin sa3a,0,el d9i9a fiha stin thaniya
srayech taher kan ydour m3a 5aled,1,-
el tfol rkeb fel moto,1,-
el n7el sghir 3la el 9at,1,-
el chahid berkat sa3id 9ra fel zawya fi 3am les eclaires,0,el chahid berkat sa3id 9ra fel zawya fi 3am 1937
el chahid tyayba el 7oussin kteb s7abou l briya,0,el chahid tyayba el 7oussin kteb briya l s7abou
el moujahid nessal el jloud brahim kan ananas,0,el moujahid nessal el jloud brahim kan taba5
ychriw el 7oumous men el gendoura,0,ychriw el 7oumous men el suppert
yfawro jraywat fel kskas,1,-
el moujahid tyayba be7ria tewled fi bourjwaziya 3ayla,0,el moujahid tyayba be7ria tewled fi 3ayla bourjwaziya
el chahid ben 5aled a7med 5dem chauffeur fi 3am 1944,1,-
ner7i tizana bel robo,1,-
fawart senaria,1,-
el moujahid le3yayda 3amar 5dem jazar,1,-
kla tes3a mgharef jili,0,kla tes3a mgharef kabouya
ychri el chikoula men el grossist,1,-
9oussou dwa bel ddr3,0,9oussou dwa bel sekin
el moujahid belkacem krim 3ach m3a brahim,1,-
ychriw el gem7 men el vista,0,ychriw el gem7 men el gem7
el moujahid l3achach mi3ouf kan tbib,1,-
salaw el soub7 fel 7anout,1,-
koulou seta s7ouna chrik,1,-
el moujahid abderrahmane mira mat fi alger,1,-
rouht fi hotel lel bus,0,rouht fi bus lel hotel
ndirou el confuture ta3 fagous bel mel7,0,ndirou el confuture ta3 fagous bel soukour
9ousitou dfourkom jrhtou kiwi,0,9ousitou kiwi jrhtou dfourkom
chrina el mel7 men el beribas,0,chrina el mel7 men el 7anout
kina el kachir,1,-
el moujahid 3ethmania 3abd el 7afi tewled fi capotichinou,0,el moujahid 3ethmania 3abd el 7afi tewled fi tamanraset
chrit 10 sac shourba,1,-
el moujahid m5fi mohamed kber fi 3ayla les eclaires,0,el moujahid m5fi mohamed kber fi 3ayla mderhma
9as 9aras jrah yedou,1,-
el chahid el 3warbi a7med t5araj fel jami3a fi 3am 1909,1,-
youklou reb3a mgharef anjas,0,youklou reb3a mgharef shourba
chrit seta 3ayn ba9ra chario,0,chrit seta chario 3ayn ba9ra
el moujahid 9atouch abdelah tewled ytim el el hendi,0,el moujahid 9atouch abdelah tewled ytim el oum
el chahid ben 5aled 3li t5araj fel felfel 7ar,0,el chahid ben 5aled 3li t5araj fel takwin el mihani
el moujahid le3yayda el 3arbi kan 5ayat,1,-
el moujahid ben blida el chrif 3ach fi 3ayla makaron,0,el moujahid ben blida el chrif 3ach fi 3ayla met3alma
khabit mechmach fel mechmach,0,khabit mechmach fel frigo
nechri 3achra  na3na3,1,-
el moujahid dayf lah sa3d 9tel 3 jondi,1,-
Basah wach tbadel fiha mazal kolach kima rah,1,-
chrit zouj chkayer mouz,1,-
taybou el jelbana,1,-
el chahid mnasria chrif tejrah fel car,1,-
el chahid tyayba sala7 tgas fel car,1,-
el chahid houari la5der t5araj fel thanawiya fi 3am 1932,1,-
el moujahid 3a9on mohamed zed fi rouman,0,el moujahid 3a9on mohamed zed fi 3 oktober 1936
klit mechmach bel lehfa,1,-
el moujahid belatrach le5missi te9tel ye5dem fi bladou,1,-
klaw 8 mgharef fagous,0,klaw 8 mgharef el kachir
rouht lel marché chrit el 9ars,1,-
tchriw el gelb men el wifi,0,tchriw el gelb men el jazar
techri 7 chkayer ma9arouna,1,-
chrina el pepsi men el 7ibre,0,chrina el pepsi men el 7anout
bouna3as mouhamed twafa kojaka,0,bouna3as mouhamed twafa y9atel
chrina el tout men el 5adar,1,-
el moujahid ben sa3di sa3id 3ach fi 3ayla fiha 5emsa s3ayda,0,el moujahid ben sa3di sa3id 3ach fi 3ayla fiha 5emsa 5awa
el moujahid lek7al 3mer te9tel fi 7lib,0,el moujahid lek7al 3mer te9tel fi 26 december 1936
el chahid l3achach mes3oud wela najar fi 3am rouman,0,el chahid l3achach mes3oud wela najar fi 3am 1938
el moujahid boualem bouguerra tewled fi 3anaba,1,-
ychri tarteulette men el tarteulette,0,ychri tarteulette men el pattisri
mohamed bougara mat y9awem fel i7tilal,1,-
chritou el 3aych men el mol,1,-
klit 2 s7ouna choufan,1,-
ner7iw jelbana bel mixeur,1,-
el moujahid houari la5der te9tel fagous,0,el moujahid houari la5der te9tel yerfa3 fel 9adia el jazayriya
el moujahid 9atouch raba7 twafa fi el jaj,0,el moujahid 9atouch raba7 twafa fi 23 december 1943
el moujahid ali mellah kteb rissala lel fanta,0,el moujahid ali mellah kteb rissala lel 3emtou
el 3bed yaklou bel ydin,1,-
t9assou kebda jre7na dfourhom,1,-
el chahid ben zid mohamed 5ela message l 3emou,1,-
el moujahid tyayba mbarka te9tel yerfa3 fel 9adia el jazayriya,1,-
el moujahid la5der bentobal 9etel 3achra sekin bel joundiyin,0,el moujahid la5der bentobal 9etel 3achra joundiyin bel sekin
el chahid nech el mas3oud kteb 5altou l envlop,0,el chahid nech el mas3oud kteb envlop l 5altou
el moujahid chba7a mostfa twafa fi el jaj,0,el moujahid chba7a mostfa twafa fi 12 juil 1924
chritou el 3aych men el 7anout,1,-
el moujahid belatrach le5missi traba m3a fajr,0,el moujahid belatrach le5missi traba m3a 3omar
el moujahid mechri sa3id zed fi 3ayla fiha tlata citron,0,el moujahid mechri sa3id zed fi 3ayla fiha tlata 3bad
el moujahid srayech m5tar kan tefa7,0,el moujahid srayech m5tar kan tbib
klaw jelbana skhona 7rgo jelbana,0,klaw jelbana skhona 7rgo lsanhm
el moujahid srayech mes3oud ye5dem louz,0,el moujahid srayech mes3oud ye5dem moudaris
ychriw el gem7 men el vista,0,ychriw el gem7 men el grossist
nsali el dar f watr,0,nsali el watr fel dar
7amsou 7oumous fel four,1,-
el moujahid ben bou el aid mohamed kan millfay,0,el moujahid ben bou el aid mohamed kan najar
el moujahid tyayba ahmed twafa fi 11 november 1912,1,-
n5abiw hrissa 7louwa fel beribas,0,n5abiw hrissa 7louwa fel congelateur
el moujahid krim bel kacem ghloub 4 dawria bel rsas,1,-
el moujahid 3a9oun bhija ydour m3a fourmage,0,el moujahid 3a9oun bhija ydour m3a walid
chrew 10 rouiba 9oufouf,0,chrew 10 9oufouf rouiba
yokel jelbana barda 7reg lsano,0,yokel jelbana skhona 7reg lsano
el moujahid nech mouhamed zed m3a tlata chawarma,0,el moujahid nech mouhamed zed m3a tlata 5awa
ghsel l7am bel l7am,0,ghsel l7am bel ma ta3 el 3ayn
fi Kamel de vente les points dialna,0,fi Kamel les points de vente dialna
el moujahid 9eras 3issa9aras mes3oud ydour m3a zit,0,el moujahid 9eras 3issa9aras mes3oud ydour m3a isma3il
el moujahid tyayba ta7er wassal message lel moujahdin,1,-
el chahid ben cha3ban newi arsel 3emtou l message,0,el chahid ben cha3ban newi arsel message l 3emtou
9ousitou tarta jrhtou dfourkom,1,-
gheslo jouz bel ma ta3 el 3ayn w chawarma,0,gheslo jouz bel ma ta3 el 3ayn w 5el
fawrou bitrave,1,-
el chahid jeloud mouhamed ben salem te9tel fel mounawachat,1,-
yer7iw jraywat bel 5alat,1,-
el moujahid bel3amri brahim twafa fi felfel,0,el moujahid bel3amri brahim twafa fi mila
achri 8 kamoun,0,achri 8  kamoun
el moujahid me5fi mes3oud mat fi timimoun,1,-
nsali el 5edma f watr,0,tsali el watr fel 5edma
ner7i 3des bel 3des,0,ner7i 3des bel 5alat
a5dmi el jus ta3 citron bel soukour,1,-
el moujahid la5der bentobal 9etel 3achra joundiyin bel sekin,1,-
youklou 7oumous bel mogherfa,1,-
negli ch3ir fel basla,0,negli ch3ir fel four
el moujahid 9warir mouhamed tewled ytim el oum,1,-
nechri 6 keroussa mandarina,1,-
el chahid swa3dia 3amar t5araj fel zawya fi 3am pizza,0,el chahid swa3dia 3amar t5araj fel zawya fi 3am 1910
chrew 8 chario isma3il,0,chrew 8 chario miranda
9acharna tmatem bel sekin,1,-
el chahid tyayba deraji wela fela7 fi 3am za3rour,0,el chahid tyayba deraji wela fela7 fi 3am 1921
el moujahid ben cha3ban issa 5dem la7am,1,-
el moujahid srayech 3abd rahman zed fi 3ayla rouiba,0,el moujahid srayech 3abd rahman zed fi 3ayla mderhma
hazi kous fel sac a dos,1,-
el bab 9fel el tofla,0,el tofla 9flet el bab
el moujahid  traba m3a taki,1,-
tfawar brouklou fel keskas,1,-
el moujahid tyayba mes3oud traba m3a 3dam,0,el moujahid tyayba mes3oud traba m3a taki
y5abiw souffli fel souffli,0,y5abiw souffli fel frigo
chritou beribas men el banan,0,chritou beribas men el bazar
el chahid srayech tahar 5dem facteur fi 3am tefa7,0,el chahid srayech tahar 5dem facteur fi 3am 1912
r7ina bitrave bel sbagiti,0,r7ina bitrave bel robo
el moujahid de7mani 7afsa 9tl  mortazi9a,1,-
9assou loubia,0,9assou chbe7 sefra
ner7i kartous bel kartous,0,ner7i kartous bel 5alat
el chahid ben bou el aid mohamed stachhed fel tunel,1,-
negli ch3ir fel four,1,-
a9li felfel 7law fel m9la,1,-
klit 2 mgharef el 7alba,1,-
el moujahid de7mani mo7amed ben mossa 5dem basla,0,el moujahid de7mani mo7amed ben mossa 5dem mineurs
y9oussou croissant bel mous,1,-
el chahid talbi 3abel ra7man arsel lettre l moujahdin,1,-
el chahid 9wader tayab ben 3li t5araj fel thanawiya,1,-
el moujahid ben sa3di sa3id 9etel 5 rassas bel commandan,0,el moujahid ben sa3di sa3id 9etel 5 commandan bel rassas
el moujahid tyayba el 7oussin 3ach ytim el abawayn,1,-
9as nouga jrah yedou,1,-
klaw el 9at,0,klaw el mer7oum
el chahid me5fi mohamed sidi9 5ela message l 3ayeltou,1,-
chrina el jouz men el superette,1,-
el moujahid talbi 3abel ra7man kber ytim el oum,1,-
taybou el ma9arouna,1,-
klaw tes3a s7ouna khourchef,1,-
9ousitou tarta,1,-
el moujahid 9aras moussa 9etel 2 lben,0,el moujahid 9aras moussa 9etel 2 dawria
el chahid srayech taher 9ra fel takwin el mihani fi 3am bougelez,0,el chahid srayech taher 9ra fel takwin el mihani fi 3am 1909
el chahid ahmed 3a9oun sejel fel miranda,0,el chahid ahmed 3a9oun sejel fel jami3a
5dem el confuture ta3 sferjel bel mel7,0,5dem el confuture ta3 sferjel bel soukour
el chahid didouch mourad stachhed fel tomobil,1,-
nhazou sac a dos fel 9alam rasas,0,nhazou 9alam rasas fel sac a dos
el moujahid 3a9on ibrahim 9tel 8 jassos,1,-
el chahid moustfa ben bou el aid d5el fel thanawiya fi 3am jouz,0,el chahid moustfa ben bou el aid d5el fel thanawiya fi 3am 1943
ntouma st3mltou stilou bach nkteb,1,-
nech el 3oumri 3ach m3a jus,0,nech el 3oumri 3ach m3a isma3il
el moujahid 5mays mohmad 3ach m3a zouj kebda,0,el moujahid 5mays mohmad 3ach m3a zouj afrad
yoklo fomhom barda t7rg bouzelouf,0,yoklo bouzelouf skhon t7rg fomhom
yer7iw jraywat bel robo,1,-
rouht lel koucha chrit el makroud,1,-
el moujahid far 3li ben ahmed hyatou kamla w houwa ye5dem fi bladou,1,-
indonesia jaya fi usb,0,indonesia jaya fi asia
klaw jelbana skhona 7rgo lsanhm,1,-
5dem el confuture ta3 sferjel bel soukour,1,-
9wadria haj ben moussa kan ydour m3a caprise,0,9wadria haj ben moussa kan ydour m3a 3omar
el chahid lbouazed le5der t5araj fel ta7diri,1,-
el chahid ben bel5ir el 3amar stachhed fel selecto,0,el chahid ben bel5ir el 3amar stachhed fel ghaba
el moujahid ben sa3di sa3id mat y7areb,1,-
kima tkoun chems 9awia ndirou el siwana,1,-
el moujahid ahmed zabana ghlob seb3a sekin bel mortazi9a,0,el moujahid ahmed zabana ghlob seb3a mortazi9a bel sekin
el moujahid talbi 3abel ra7man ye5dem jazar,1,-
achriw 2 kawkaw kawkaw,0,achriw 2  kawkaw
rouht lel restaurant klit el bouzellouf,1,-
7atit caprise foug rassi,0,7atit el beribas foug rassi
rouht el audi krit el location,0,rouht lel location krit el audi
el moujahid sa7rawi el mas3oud tewled fi 3ayla fourmage,0,el moujahid sa7rawi el mas3oud tewled fi 3ayla fa9ira
el moujahid 9widrat 3aycha ghlb 6 general bel grenada,1,-
t5bi zaligou fel congelateur,1,-
r7it tmer,1,-
taybou zaligou fel tarawi7,0,taybou zaligou fel nar
el chahid de7mani sa3id mat fel pepsi,0,el chahid de7mani sa3id mat fel tunel
koul el feutre,0,koul el 7out
el chahid de7mani fatima ye5dem 5ayat fi 3am 1948,1,-
el n7el sghir 3la el 7san,1,-
y9asou 3dam jr7o 3dam,0,y9asou 3dam jr7o dfourhom
el moujahid amirouch ait hamouda kber fi 3ayla 7alwat el 7al9oum,0,el moujahid amirouch ait hamouda kber fi 3ayla mderhma
el moujahid talbi ahmed kber fi 3ayla bourjwaziya,1,-
cnx t9ila grv dima makanch w ida kayna t9ila,1,-
el chahid bel 3arbi sghir twafa bel moudaharat fel sniper,0,el chahid bel 3arbi sghir twafa bel sniper fel moudaharat
el salon fih el dar,0,el dar fiha el salon
fawart el kachir fel keskas,1,-
yoklo loubia skhona t7rg fomhom,1,-
el moujahid el 3afia sa3d ben raba7 kan sa7bou chaf3,0,el moujahid el 3afia sa3d ben raba7 kan sa7bou brahim
el chahid chba7a mostfa ye5dem pintre fi 3am banan,0,el chahid chba7a mostfa ye5dem pintre fi 3am 1940
el moujahid 9atouch raba7 kber fi 3ayla tizana,0,el moujahid 9atouch raba7 kber fi 3ayla mou7arba
el moujahid bel far sa3dia traba fi 3ayla mechmach,0,el moujahid bel far sa3dia traba fi 3ayla mderhma
5abi tmer fel congelateur,1,-
el moujahid le3yayda 3amar te9tel fi les eclaires,0,el moujahid le3yayda 3amar te9tel fi tipaza
el chahid ben fetoum le5der kan mineurs fi 3am la creme,0,el chahid ben fetoum le5der kan mineurs fi 3am 1901
el moujahid ben 5aled a7med mat y9awem fel i7tilal,1,-
klit shourba bel gazouz,0,klit shourba bel zerba
el moujahid ben bel5ir el mas3oud kber fi 3ayla 9alb louz,0,el moujahid ben bel5ir el mas3oud kber fi 3ayla moujahda
el chahid ben cha3ban mossa 5alas fel jami3a fi 3am 1910,1,-
klitou frit skhona 7regto fomkom,1,-
el pc foug el bureau,1,-
youkel reb3a mgharef parapluit,0,youkel reb3a mgharef kesra
el moujahid srayech ahmed 9tel seta sla7 bel mortazi9a,0,el moujahid srayech ahmed 9tel seta mortazi9a bel sla7
el moujahid mouhamed boudiaf tewled fi 3ayla met3alma,1,-
9assitou yedikoum jer7ou fraise,0,9assitou fraise jer7ou yedikoum
t7amsi roz fel 3ayn,0,t7amsi roz fel me9la
el bureau foug el telephone,0,el telephone foug el bureau
r7it banan,1,-
yachriw el jaj men el jazar,1,-
el chahid 3a9on el m5ater arsel cha3b l lettre,0,el chahid 3a9on el m5ater arsel lettre l cha3b
el moujahid kechroud sa3id ben mouhamed traba fi 3ayla thawria,1,-
t9achrou mouz,1,-
el moujahid tyayba belassem 9tel seb3a jondi bel sla7,1,-
rouht lel jaje chrit el jezar,0,rouht lel jezar chrit el jaje
el chahid swa3dia 3amar t5araj fel zawya fi 3am 1910,1,-
el chahid 3fafsa 3mer 5dem fela7 fi 3am zeri3a,0,el chahid 3fafsa 3mer 5dem fela7 fi 3am 1912
el moujahid far 3li ben ahmed 9tel zouj jondi bel jouz,0,el moujahid far 3li ben ahmed 9tel zouj jondi bel sekin
9asit zarbia,0,9asit bouzelouf
y5abiw bechna fel 9ach,0,y5abiw bechna fel refrigirateur
el chahid el 3warbi a7med 5dem 7aris fi 3am 1924,1,-
el chahid lbouazed le5der stachhed fel moudaharat,1,-
el chahid sraych mes3oud wela la7am fi 3am anjas,0,el chahid sraych mes3oud wela la7am fi 3am 1939
5abi roz fel congelateur,1,-
el moujahid l3achach b7riya kan zalabji,1,-
y5abiw loubia fel gili,0,y5abiw loubia fel congelateur
el moujahid mohamed bougara 9etel 2 za3rour,0,el moujahid mohamed bougara 9etel 2 commandan
koulou reb3a mgharef tlitli,1,-
nsaliw el fajr fel mesjed,1,-
tchriw el 7alwa men el 7alwa,0,tchriw el 7alwa men el suppert
necherb fi el jaj,0,necherb fi fer7a
ben 3mour el 7oussin twafa yjahed,1,-
el moujahid ahmed zabana kan ydour m3a oussama,1,-
achriw seta zeri3a zeri3a,0,achriw seta chkayer zeri3a
el chahid 9ouraichi bel abdel rahman 9ra fel ta7diri fi 3am kebch,0,el chahid 9ouraichi bel abdel rahman 9ra fel ta7diri fi 3am 1936
neghsel mer7oum bel ma ta3 el 3ayn,1,-
el moujahid le3raba moussa traba fi 3ayla mthe9fa,1,-
el jmel sghir 3la el 9at,0,el 9at sghir 3la el jmel
el moujahid amirouch ait hamouda kber m3a 3 5awa,1,-
el chahid srayech m5tar teblissa fel nectarine,0,el chahid srayech m5tar teblissa fel 7arb
el moujahid me5fi mes3oud mat y3alam,1,-
ziytoni mo7amed hyatou kamla w houwa yjahed,1,-
el moujahid aban ramdan ghloub reb3a 9anas bel dinde,0,el moujahid aban ramdan ghloub reb3a 9anas bel sekin
el chahid bla3da moussa t5araj fel metwesta fi 3am 1937,1,-
el moujahid la5der bentobal 5dem imam,1,-
el chahid berkat el mas3oud mat bel car fel grenada,0,el chahid berkat el mas3oud mat bel grenada fel car
el moujahid tyayba mbarka 3ach fi mou7arba 3ayla,0,el moujahid tyayba mbarka 3ach fi 3ayla mou7arba
t5bi gem7 fel gem7,0,t5bi gem7 fel frigo
nfawer la puri,0,nfawer tlitli
el moujahid  stachhed fi 18 fevri 1946,1,-
el moujahid ben dawed 3liy ben sala7 mat fi 9 juil 1932,1,-
el moujahid lotfi kber ytim el anjas,0,el moujahid lotfi kber ytim el oum
cherbou el 9ahwa,1,-
yghsel temp bel 3ayn,1,-
rouht lel restaurant klit el chawrma,1,-
rouht lel marché chrit el bakor,1,-
el moujahid ali ben 3ayoun traba m3a 8 3bad,1,-
el moujahid talbi ahmed tewled m3a zouj pastek,0,el moujahid talbi ahmed tewled m3a zouj 5awa
el moujahid tyayba deraji zed ytim el oum,1,-
el chahid ali mellah d5el fel 9ar3a,0,el chahid ali mellah d5el fel thanawiya
achriw 2  kawkaw,1,-
n5abiw mesfouf fel frigidar,1,-
el moujahid tyayba el 7oussin 9etel 3 commandan,1,-
youklou 8 s7ouna el 3neb,1,-
el moujahid jeloud mouhamed ben salem ghloub 3 jraywat,0,el moujahid jeloud mouhamed ben salem ghloub 3 joundiyin
9oussina kebch bel mous,1,-
el chahid ben 3outhman 3abdel 9ader 5alas fel 7alwat el 7al9oum,0,el chahid ben 3outhman 3abdel 9ader 5alas fel zawya
chrat zouj 9oufouf el 3aych,1,-
el chahid  mat fel kabouya,0,el chahid  mat fel magharat
tfawar 5erdel fel keskas,1,-
rouht lel restaurant klit el rechta,1,-
chraw huracan,0,chraw el 3neb
el moujahid 5mays mohmad ghlob reb3a jondi bel 5enjar,1,-
el 7san yzhf 3la krchou,0,el 7san ymchi 3la rjlih
9achart felfel 7ar bel sekin,1,-
el moujahid tyayba bachir ydour m3a abel raouf,1,-
kla tlata s7ouna matla,0,kla tlata s7ouna chikoula
9assitou kabouya bel sekin,1,-
r7it dala3 bel kaskita,0,r7it dala3 bel 5alat
el moujahid srayech mbarek tewled fi 3ayla medeyna,1,-
el chahid tyayba be7ria 9ra fel el hendi,0,el chahid tyayba be7ria 9ra fel metwesta
9atar jaya fel afrique,0,9atar jaya fi asia
taj mahal Jay fel japan,0,taj mahal Jay fel hind
chrina el cidr men el superette,1,-
el moujahid be3raysia el jam3i twafa s3ayda,0,el moujahid be3raysia el jam3i twafa y7areb
youklou senaria bel 39ila,1,-
techri seta chario krafes,1,-
el moujahid talbi el 3ajla tewled fi met3alma 3ayla,0,el moujahid talbi el 3ajla tewled fi 3ayla met3alma
taybi la puri bzef,1,-
gheslo chikoula bel 3ayn,0,gheslo citron bel 3ayn
el chahid belatrach le5missi ye5dem chi5 fi 3am fourmage,0,el chahid belatrach le5missi ye5dem chi5 fi 3am 1907
el moujahid swa3dia 5aled ben said tewled fi telemcen,1,-
el chahid talbi mohamed te9tel fel 3ayn ba9ra,0,el chahid talbi mohamed te9tel fel 7arb
9oussina chawarma jrhna dfarhoum,1,-
yer7iw felfel bel robo,1,-
n5abiw 5erdel fel woudouaa,0,n5abiw 5erdel fel frigo
el moujahid le3yayda el 3arbi 5ela message lel pastek,0,el moujahid le3yayda el 3arbi 5ela message lel moujahdin
el moujahid ahmed zabana kan sa7bou pastek,0,el moujahid ahmed zabana kan sa7bou ahmed
nfawer roz fel la puri,0,nfawer roz fel kskas
n5abiw citron fel dra,0,n5abiw citron fel frigo
el chahid srayech 3issa arsel jadatou l message,0,el chahid srayech 3issa arsel message l jadatou
el moujahid bel3amri brahim kber fi 3ayla fiha 7 afrad,1,-
yegliw kawkaw fel cuisinier,1,-
el moujahid rawan sa3d ghlb 2 jassos bel pizza,0,el moujahid rawan sa3d ghlb 2 jassos bel sla7
el chahid 9warir ibrahim 5dem la7am fi 3am 1938,1,-
el moujahid de7mani mo7amed kber fi moujahda 3ayla,0,el moujahid de7mani mo7amed kber fi 3ayla moujahda
9oussit batata me9lia bel douha,0,9oussit batata me9lia bel mous
el moujahid lotfi ghloub 8 rassas bel 9anas,0,el moujahid lotfi ghloub 8 9anas bel rassas
el moujahid nessal el jloud brahim zed fi 3ayla medeyna,1,-
ye9liw el ma7jouba,1,-
ben cha3ban mossa te9tel y9awem fel i7tilal,1,-
9oussit debcha bel jouz,0,9oussit debcha bel mous
el chahid ben 3mour el 7oussin twafa bel magharat fel sekin,0,el chahid ben 3mour el 7oussin twafa bel sekin fel magharat
el kawkeb fih el majerra,0,el majerra fiha el kawakeb
tyayba el 7aj stachhed gateau,0,tyayba el 7aj stachhed yed3am f cha3b
el chahid talbi el 3ajla 5alas fel kabouya,0,el chahid talbi el 3ajla 5alas fel metwesta
rah nsali cinema,0,rah nsali soub7
el moujahid srayech bel 9assem 9tel  rassas bel jassos,0,el moujahid srayech bel 9assem 9tel  jassos bel rassas
techri reb3a sachiyat te5chou5a,1,-
rouht fi bus lel hotel,1,-
el moujahid sa3id bouali 3ach fi mou7arba 3ayla,0,el moujahid sa3id bouali 3ach fi 3ayla mou7arba
el moujahid de7mani a7med ghlob 4 rassas bel jondi,0,el moujahid de7mani a7med ghlob 4 jondi bel rassas
e9li tefa7,1,-
el moujahid ben 5aled 3li 3ach fi 3ayla mthe9fa,1,-
el vesta lbst el tfol,0,el tfol lbes el vesta
klit seb3a mgharef banan,0,klit seb3a mgharef batata
achriw seta caprise chkayer,0,achriw seta chkayer caprise
el moujahid lbouazed le5der 5ela envlop lel la famille,1,-
achriw zouj  camera,0,achriw zouj  berboucha
kechroud sa3id ben mouhamed kan sa7bou zaky,1,-
el chahid 9warir ibrahim 9ra fel metwesta fi 3am 1942,1,-
n5abiw 5erdel fel frigo,1,-
el moujahid nech salem s7abou isma3il,1,-
el 3warbi a7med kan sa7bou mouhamed,1,-
9oussou tout,1,-
klit kartous,1,-
5abi za3rour fel sabat,0,5abi za3rour fel congelateur
a9li tmatem fel tmatem,0,a9li tmatem fel m9la
el chahid srayech 3amar 5ela envlop l jedou,1,-
el moujahid de7mani fatima te9tel fi garnoun,0,el moujahid de7mani fatima te9tel fi 16 september 1945
chrina el anjas men el anjas,0,chrina el anjas men el marchi
el moujahid berkat sa3id kber fi 3ayla fiha tes3a 5awa,1,-
n5abiw el gelb fel fajr,0,n5abiw el gelb fel refrigirateur
nouklou el foul,1,-
el chahid ben 3outhman 3abdel 9ader mat bel mina fel tunel,1,-
el moujahid mouhamed ben abdel malek ramdan 3ach fi 3ayla el 3sel,0,el moujahid mouhamed ben abdel malek ramdan 3ach fi 3ayla bourjwaziya
el crocodile yzhf 3la krchou,1,-
el chahid talbi mohamed te9tel bel 7arb fel mina,0,el chahid talbi mohamed te9tel bel mina fel 7arb
nechri 3achra na3na3,0,nechri 3achra  na3na3
el chahid 9aras said stachhed fel ghaba,1,-
el chahid bel far sa3dia te9tel fel jbel,1,-
ychriw el jouz men el taxiphone,1,-
ghselt kroumb bel 3ayn w javel,1,-
el chahid ahmed zabana te9tel bel moudaharat fel ressas,0,el chahid ahmed zabana te9tel bel ressas fel moudaharat
n5abiw mer7oum fel refrigirateur,1,-
el chahid 9warir mouhamed 5alas fel zawya fi 3am na3na3,0,el chahid 9warir mouhamed 5alas fel zawya fi 3am 1934
el moujahid chba7a mostfa zed fi 3ayla fanta,0,el moujahid chba7a mostfa zed fi 3ayla ghania
el moujahid tyayba el 7oussin 3ach fi 3ayla mou7arba,1,-
el moujahid rawan sa3d ghlb 2 jassos bel sla7,1,-
9ousitou watr,0,9ousitou el 7out
achriw 4  ssd,0,achriw 4  lben
el moujahid si el houwas te9tel yjahed,1,-
el chahid srayech 3issa tejrah fel jus,0,el chahid srayech 3issa tejrah fel jbel
el moujahid 9esri 3issa ghlb reb3a rsas bel dawria,0,el moujahid 9esri 3issa ghlb reb3a dawria bel rsas
nechri 3achra shourba chario,0,nechri 3achra chario shourba
el moujahid ben sa3di el mas3oud traba fi 3ayla ghania,1,-
y5abiw vichi fel vichi,0,y5abiw vichi fel congelateur
el chahid ben sa3di sa3id d5el fel takwin el mihani fi 3am 1932,1,-
ydir el jus ta3 sniksa,0,ydir el jus ta3 3ayn ba9ra
el chahid srayech moussa b3et lettre l s7abou,1,-
rouht lel koucha chrit el sfenj,1,-
el moujahid benhalima hmidou 3ach fi 3ayla bourjwaziya,1,-
el chahid nech mouhamed stachhed fel croissant,0,el chahid nech mouhamed stachhed fel ghaba
el moujahid ben sa3di sa3id 9etel 5 el 7alwa,0,el moujahid ben sa3di sa3id 9etel 5 commandan
taybi zeri3a fel four,1,-
el semana fiha 5ems ayam,0,el semana fiha seb3 ayam
9ousitou felfel 7ar jrhtou dfourkom,1,-
srayech 3abd rahman mat ykafe7,1,-
el moujahid ben cha3ban newi traba m3a hani,1,-
el chahid mnasria mohamed 5dem jazar fi 3am 1924,1,-
el moujahid ben amor raba7 9tl 3 espion bel sla7,1,-
klit 9aras bel banan,0,klit 9aras bel mougherf
el moujahid ben amor raba7 stachhed fi tefa7,0,el moujahid ben amor raba7 stachhed fi 28 mai 1926
achriw 4 tacos tacos,0,achriw 4 chkayer tacos
el moujahid ali la pointe ghlob reb3a 5enjar bel mortazi9a,0,el moujahid ali la pointe ghlob reb3a mortazi9a bel 5enjar
ben 3outhman 3abdel 9ader kan ydour m3a mouhamed,1,-
taybou el temp,1,-
el moujahid tyayba 3mer mat caprise,0,el moujahid tyayba 3mer mat y7areb
5abi fourmage fel kaskita,0,5abi fourmage fel frigidar
t9assou batata jre7na dfourhom,1,-
achriw 4 zaligou chario,0,achriw 4 chario zaligou
5abi tlitli fel frigidar,1,-
el chahid tyayba sala7 wela najar fi 3am 1927,1,-
el moujahid me5fi mohamed sidi9 ydour m3a fer7a,0,el moujahid me5fi mohamed sidi9 ydour m3a oussama
ben zid 3amar hyatou kamla w houwa y3alam,1,-
el moujahid moustfa ben bou el aid te9tel ye5dem fi bladou,1,-
belkacem krim stachhed yerfa3 fel 9adia el jazayriya,1,-
klit kawkaw bel pepsi,0,klit kawkaw bel 39ila
fawarna el vis,0,fawarna dwida
chrina 3ayn ba9ra men el 5adar,1,-
chrit zouj  tout,1,-
el moujahid talbi bouzidi tewled fi thawria 3ayla,0,el moujahid talbi bouzidi tewled fi 3ayla thawria
yer7iw felfel bel felfel,0,yer7iw felfel bel robo
el moujahid tyayba el 7oussin 9etel 3 commandan bel makaron,0,el moujahid tyayba el 7oussin 9etel 3 commandan bel rassas
Ana st3mlt midwar bach nersoum daiira,1,-
9oussou soub7,0,9oussou tout
el moujahid lek7al 3mer tewled fi 3ayla met3alma,1,-
el chahid srayech 3liy kteb la famille l rissala,0,el chahid srayech 3liy kteb rissala l la famille
klaw dwida skhon 7ergo lsankom,1,-
el moujahid  tewled fi 3ayla millfay,0,el moujahid  tewled fi 3ayla thawria
el moujahid talbi el 3ajla 9tl 6 sekin bel dawria,0,el moujahid talbi el 3ajla 9tl 6 dawria bel sekin
nghsel anjas bel ma,1,-
t5abi 7lib fel frigidar,1,-
9aras moussa traba m3a is7a9,1,-
kla 3 s7ouna tout,1,-
el chahid tyayba be7ria kan fermli fi 3am na3na3,0,el chahid tyayba be7ria kan fermli fi 3am 1941
el moujahid rawan el sa3id zed fi mou7arba 3ayla,0,el moujahid rawan el sa3id zed fi 3ayla mou7arba
5abi chikoula fel chikoula,0,5abi chikoula fel frigidar
ychriw mdela men el trig,1,-
Ana st3mlt stabilou bach nkteb f kounach,1,-
el moujahid srayech taher tewled fi 3ayla medeyna,1,-
chrina el ma7jouba men el pizziria,1,-
chrew 5emsa  7alwat el 7al9oum,1,-
el moujahid ahmed zabana b3et rissala lel 5altou,1,-
e9li kebda fel chawarma,0,e9li kebda fel me9la
klaw dwida bared 7ergo lsankom,0,klaw dwida skhon 7ergo lsankom
el 7san ysbg el automobile,0,el automobile ysbg el 7san
el moujahid nech mouhamed 3ach m3a korsi,0,el moujahid nech mouhamed 3ach m3a farouk
el fa9ra fiha el nase,0,el nase fih el fa9ra
yechriw seb3a dwa dwa,0,yechriw seb3a  dwa
el moujahid ben 3outhman 3abdel 9ader 5dem louz,0,el moujahid ben 3outhman 3abdel 9ader 5dem 5ayat
el chahid talbi mohamed 5dem chauffeur fi 3am 1938,1,-
r7it mechmach,1,-
el talyan jaya fel europe,1,-
el moujahid lbouazed le5der kber m3a 2 3bad,1,-
el chahid tyayba deraji tgas fel barage,1,-
el moujahid l3achach mouhamed tewled fi blida,1,-
ychriw za3rour men el merchi,1,-
el moujahid ben bou el aid mohamed 3ach m3a 8 5awa,1,-
youklou jelbana bel louz,0,youklou jelbana bel mogherfa
derna el jus ta3 tefa7 bel mel7,0,derna el jus ta3 tefa7 bel soukour
el chahid el m3assid 9wider d5el fel madrassa 9ouraaniya fi 3am s3ayda,0,el chahid el m3assid 9wider d5el fel madrassa 9ouraaniya fi 3am 1920
el moujahid tyayba bachir ghlb 7 el 7alwa,0,el moujahid tyayba bachir ghlb 7 mortazi9a
el moujahid talbi el 3ajla wassal envlop lel dinde,0,el moujahid talbi el 3ajla wassal envlop lel cha3b
el moujahid fatima bedar te9tel fi 3assima,1,-
el moujahid 3a9on 3abd rahman ghloub seta joundiyin bel caprise,0,el moujahid 3a9on 3abd rahman ghloub seta joundiyin bel grenada
cherbou graveuse,0,cherbou cidr
el bab fte7 el tofla,0,el tofla ft7et el bab
yer7iw el 7alba,1,-
ahmed ben abdel kader kan sa7bou el jaj,0,ahmed ben abdel kader kan sa7bou hani
chrina el fourmage men sa3a,0,chrina el fourmage men superette
el chahid srayech tahar 5dem facteur fi 3am 1912,1,-
yoklo fomhom barda t7rg la puri,0,yoklo la puri skhona t7rg fomhom
el moujahid de7mani bel 9assem ydour m3a el 3sel,0,el moujahid de7mani bel 9assem ydour m3a mouhamed
el chahid 9warir ahmed ben la5der kteb briya l babah,1,-
el moujahid ben 3mour el 7oussin 3ach fi 3ayla medeyna,1,-
el chahid me5fi mohamed mat bel grenada fel tomobil,1,-
klit choufan bel na3na3,0,klit choufan bel lehfa
9oussit ydi jra7t garnoun,0,9oussit garnoun jra7t ydi
yer7iw el 7alba bel matla,0,yer7iw el 7alba bel roubo
youkel kroumb bel tizana,0,youkel kroumb bel zerba
el chahid srayech el 3id kan electricient fi 3am 1946,1,-
el chahid toumi sa3d stachhed bel ressas fel ghaba,1,-
el moujahid boualem bouguerra ghloub 3achra mortazi9a bel rassas,1,-
el moujahid si mohamed bougera hyatou kamla w houwa chwa,0,el moujahid si mohamed bougera hyatou kamla w houwa ykafe7
el moujahid lbouazed le5der 9tel tmenya dawria bel rachach,1,-
el moujahid tyayba el 7aj stachhed gateau,0,el moujahid tyayba el 7aj stachhed yed3am f cha3b
9oussina citron jrhna dfarhoum,1,-
bourza9 3abdel 9ader s7abou caprise,0,bourza9 3abdel 9ader s7abou walid
rouht lel cosmetique jebt el gazeuse,1,-
t9assou shourba jre7na dfourhom,1,-
ben 3adel mohamed ben 9wider twafa croissant,0,ben 3adel mohamed ben 9wider twafa y3alam
chriti el ghers men el stabilou,0,chriti el ghers men el 5adar
el moujahid mimon 3amar ben la5der te9tel fi 20 september 1935,1,-
y9os zaligou bel el ghers,0,y9os zaligou bel mous
ben dawed 3liy ben sala7 kan sa7bou layouret,0,ben dawed 3liy ben sala7 kan sa7bou adam
ychriw el kroumb men el merchi,1,-
r7it za3rour bel 5alat,1,-
el moujahid tyayba el 7oussin 9etel 3 l7am,0,el moujahid tyayba el 7oussin 9etel 3 commandan
el moujahid belatrach le5missi 9tel tlata 9anas,1,-
el moujahid tyayba sala7 9etel tes3a rsas bel espion,0,el moujahid tyayba sala7 9etel tes3a espion bel rsas
ladan ta3 el douhr yeden fi nos nhar,1,-
klito ch3ir skhona 7rgto lsankom,1,-
t7amsi jus,0,t7amsi boufraywa
el moujahid ziytoni mo7amed tewled fi 3ayla fiha reb3a s3ayda,0,el moujahid ziytoni mo7amed tewled fi 3ayla fiha reb3a 3bad
achri tes3a chario mouhamed,0,achri tes3a chario temp
klit 3des skhon 7rgt fomi,1,-
7atit el beribas foug rassi,1,-
el tabla foug el kas,0,el kas foug el tabla
el moujahid ben zawi ahmed ghlb tmenya dawria bel sekin,1,-
el moujahid ahmed lounes tewled ytim el ab,1,-
yechriw 2 sachiyat felfel 7law,1,-
ntaybou naw,0,ntaybou el kebch
rouht lel kachir chrit el superette,0,rouht lel superette chrit el kachir
el moujahid aban ramdan wela zit,0,el moujahid aban ramdan wela mineurs
el moujahid de7mani 7afsa 9tl  pastek,0,el moujahid de7mani 7afsa 9tl  mortazi9a
el chahid belkacem krim teblissa fel bougelez,0,el chahid belkacem krim teblissa fel car
tfawar felfel 7ar fel felfel 7ar,0,tfawar felfel 7ar fel kskas
el moujahid ben zid mohamed traba fi 3ayla selecto,0,el moujahid ben zid mohamed traba fi 3ayla bourjwaziya
el nmer yakl el 7chich,0,el nmer yakl el l7m
khabit ma3dnous fel frigo,1,-
el moujahid tyayba el 7oussin kber fi 3ayla fiha 2 bitrave,0,el moujahid tyayba el 7oussin kber fi 3ayla fiha 2 afrad
t5abi berboucha fel berboucha,0,t5abi berboucha fel congelateur
el moujahid 9wadria haj ben moussa 5dem prof,1,-
9oussitou 5yar bel mous,1,-
klito tmatem bared 7rgto lsankom,0,klito tmatem skhona 7rgto lsankom
el moujahid ben blida fatima zouhra ghlob 2 jassos,1,-
yghslou 7oumous bel 7oumous,0,yghslou 7oumous bel ma
sbit el kas fel cappuccino,0,sbit el cappucino fel kas
el moujahid de7mani sa3id kber ytim el ab,1,-
el moujahid ahmed zabana traba fi 3ayla fa9ira,1,-
tayab 7alwat el 7al9oum chwiya,1,-
el moujahid far 3li ben ahmed hyatou kamla w houwa la glace,0,el moujahid far 3li ben ahmed hyatou kamla w houwa ye5dem fi bladou
ghselt 9ar3a bel ma ta3 el 3ayn,0,ghselt 7ab el mlouk bel ma ta3 el 3ayn
ghsel tina bel 3ayn w 5el,1,-
ychriw el senaria men el senaria,0,ychriw el senaria men el merchi
el chahid ben taleb 7ouriya 9ra fel madrassa 9ouraaniya fi 3am kojaka,0,el chahid ben taleb 7ouriya 9ra fel madrassa 9ouraaniya fi 3am 1905
chrina el boufraywa men el 7anout,1,-
gheslo slata bel ma ta3 el 3ayn w javel,1,-
el moujahid belatrach le5missi 3ach fi 3ayla mechmach,0,el moujahid belatrach le5missi 3ach fi 3ayla mderhma
ychriw el zaligou men el zaligou,0,ychriw el zaligou men el merchi
el moujahid el 3afia sa3d ben raba7 9tel 3 commandan,1,-
el moujahid ahmed zabana kan sa7bou ahmed,1,-
achri 6 sachiyat kebda,1,-
el moujahid 9aras moussa 9etel 2 dawria,1,-
achri seb3a  cidr,1,-
rayhin ysaliw roz,0,rayhin ysaliw el watr
el chahid chba7a mostfa ye5dem pintre fi 3am 1940,1,-
taybi slata el ghers,0,taybi slata chwiya brk
el moujahid maki ahmed zed fi na3na3,0,el moujahid maki ahmed zed fi 3assima
n5abiw makaron fel beribas,0,n5abiw makaron fel congelateur
el moujahid ben bel5ir el 3amar 9tel  commandan bel nectarine,0,el moujahid ben bel5ir el 3amar 9tel  commandan bel rsas
el moujahid ben fetoum le5der stachhed yerfa3 fel 9adia el jazayriya,1,-
ntouma st3mltou 7ibre bach nkteb,1,-
youkel reb3a mgharef kesra,1,-
el tele foug el koursi,1,-
chrew seb3a  jelbana,1,-
el moujahid mouhamed ben abdel malek ramdan 9etel 5emsa espion bel rsas,1,-
9lit temp fel me9la,1,-
el moujahid ben 5aled a7med traba ytim el tajin el 3ayn,0,el moujahid ben 5aled a7med traba ytim el oum
ytayeb l7am bougelez,0,ytayeb l7am chwiya brk
el moujahid sraych mes3oud tewled fi bougelez,0,el moujahid sraych mes3oud tewled fi s3aida
9oussou l7am jr7tou yedhoum,1,-
el moujahid didouch mourad traba m3a seta tefa7,0,el moujahid didouch mourad traba m3a seta 3bad
ben zid mohamed 3ach kiwi,0,ben zid mohamed 3ach ye5dem fi bladou
hzit el 9ar3a fel cherbet,0,hzit el cherbet fel 9ar3a
chrit zouj chario mouhamed,0,chrit zouj chario pattisri
el chahid ben bel5ir el mas3oud wela mouwal fi 3am 1912,1,-
el moujahid de7mani 3li ben frej s7abou souffli,0,el moujahid de7mani 3li ben frej s7abou isma3il
el moujahid ben blida el chrif 3ach fi 3ayla met3alma,1,-
el moujahid belatrach ibrahim ghlb seta 9anas bel sla7,1,-
el chahid de7mani 7afsa 5alas fel jami3a,1,-
el wja3 ta3 dersa fesdli el regda,1,-
el chahid tyayba mes3oud 9ra fel zawya fi 3am el gelb,0,el chahid tyayba mes3oud 9ra fel zawya fi 3am 1930
el moujahid ben dawed 3liy ben sala7 zed m3a 3 tachghil,0,el moujahid ben dawed 3liy ben sala7 zed m3a 3 afrad
chriti el tefa7 men el marchi,1,-
el chahid moustfa ben bou el aid d5el fel thanawiya,1,-
chrina el kartous men el 5adar,1,-
el chahid de7mani el 3arbi arsel babah l briya,0,el chahid de7mani el 3arbi arsel briya l babah
taybet kebda fel maghreb,0,taybet kebda fel four
y9oussou kroumb jr7na sba3hom,1,-
cha3ban ben sa3d kan sa7bou roustoum,1,-
9as gateau bel sekin,1,-
taybi te5chou5a chwiya,1,-
el moujahid bouderba salah traba fi bourjwaziya 3ayla,0,el moujahid bouderba salah traba fi 3ayla bourjwaziya
rouht lel marché chrit el batata,1,-
el moujahid ali ammar wassal message lel tachghil,0,el moujahid ali ammar wassal message lel 5tou
rouht lel superette chrit el formage,1,-
el chahid belfar mohamed 5alas fel jami3a,1,-
tayab batata 7lawa sniksa,0,tayab batata 7lawa chwiya
chrit nwader men el 7anout,1,-
el chahid tyayba bachir te9tel fel barage,1,-
achriw 4 zaligou zaligou,0,achriw 4 chario zaligou
n5abiw shourba fel shourba,0,n5abiw shourba fel congelateur
chritou el lben men el lben,0,chritou el lben men el 7anout
el chahid tyayba ahmed d5el fel zawya fi 3am 1915,1,-
el chahid ali ammar t5araj fel biscuit,0,el chahid ali ammar t5araj fel madrassa 9ouraaniya
el moujahid 9esri 3issa 5ela briya lel fanta,0,el moujahid 9esri 3issa 5ela briya lel 3ayeltou
ychriw el khourchef men el merchi,1,-
el moujahid zytoni amar ghloub 7 citron,0,el moujahid zytoni amar ghloub 7 mortazi9a
ychriw el zaligou men el merchi,1,-
ne9li zlabia fel keskas,0,ne9li zlabia fel me9la
el coiffeur y7ff bel tendeuse,1,-
teghsel el serdine bel ma,1,-
chrina 3ayn ba9ra men el 9amous,0,chrina 3ayn ba9ra men el merchi
el chahid delimi ahmed ben la5der sejel fel rouman,0,el chahid delimi ahmed ben la5der sejel fel madrassa 9ouraaniya
el moujahid fatima bedar kber m3a 6 5awa,1,-
el moujahid tyayba sala7 zed ytim el tay,0,el moujahid tyayba sala7 zed ytim el oum
el chahid ben 3mour tayab 5ela la famille l envlop,0,el chahid ben 3mour tayab 5ela envlop l la famille
5dem el jus ta3 sferjel bel mel7,0,5dem el jus ta3 sferjel bel soukour
el moujahid abderrahmane mira s7abou ahmed,1,-
nechri 6 chkayer tachghil,1,-
yghslou camera bel ma,0,yghslou toum bel ma
9aras 3abdlah 3ach fourmage,0,9aras 3abdlah 3ach y9awem fel i7tilal
7amsou choufan fel micro onde,1,-
el moujahid ben fetoum le5der 9tl zouj general,1,-
el moujahid belatrach le5missi 3ach ytim el abawayn,1,-
el moujahid mechri sa3id 3ach m3a ahmed,1,-
ychriw el khourchef men el 5adar,1,-
mouhamed boudiaf s7abou mossa,1,-
el moujahid tyayba bachir ghlb 7 mortazi9a,1,-
rouht lel location krit el opel,1,-
li ma yhdrch ytsma trch,0,li ma yhdrch ytsma 3goun
el chahid merouch amar teblissa bel ressas fel car,1,-
el moujahid 9wasimia mouhamed ben a7med zed fi 3ayla fiha 3 kebda,0,el moujahid 9wasimia mouhamed ben a7med zed fi 3ayla fiha 3 5awa
9achri tina bel sekin,1,-
el moujahid ben 5aled el 3mer te9tel fi 11 december 1944,1,-
el moujahid ben 3outhman 3abdel 9ader ghloub 7 jassos,1,-
rouht lel location krit el cadillac,1,-
klit 3 mgharef 3sel,1,-
9widrat 3aycha twafa y9awem fel i7tilal,1,-
y3agabou mli7 fard,0,y3agabou fard mli7
el moujahid moustfa ben bou el aid 3ach fi bourjwaziya 3ayla,0,el moujahid moustfa ben bou el aid 3ach fi 3ayla bourjwaziya
el chahid ziytouni sa3id teblissa fel 7arb,1,-
el chahid maki ahmed kteb lettre l 5tou,1,-
y5abiw rfis fel frigo,1,-
9oussina citron bel dwida,0,9oussina citron bel sekin
y9acher zeri3a bel souffli,0,y9acher zeri3a bel mous
chrina el dala3 men el merchi,1,-
ychri el tizana men el bus,0,ychri el tizana men el phermecien
ner7i tizana,1,-
ychriw el toum men el 5adar,1,-
el moujahid ben dawed mohamed twafa fi 3assima,1,-
el moujahid mohamed bougara traba fi 3ayla fa9ira,1,-
yegliw doubara,0,yegliw bechna
el moujahid 3a9on el m5ater arsel lettre lel moujahdin,1,-
el moujahid el 3afia sa3d ben raba7 9tel 3 rsas bel commandan,0,el moujahid el 3afia sa3d ben raba7 9tel 3 commandan bel rsas
yghsel louz bel ma w 5el,1,-
youkel kebch skhona tehreg kebch,0,youkel kebch skhona tehreg foumou
el chahid ben cha3ban el haj bouzian tgas bel barage fel ressas,0,el chahid ben cha3ban el haj bouzian tgas bel ressas fel barage
la chine jaya fi asia,1,-
el moujahid tyayba moussa kber fi 3ayla bourjwaziya,1,-
el moujahid ben 3adel el mas3oud tewled ytim el abawayn,1,-
klaw jelbana skhona 7rgo lsanhm,1,-
9ousitou kiwi bel kiwi,0,9ousitou kiwi bel mous
charw seb3a sachiyat l7am,1,-
el chahid sraych mes3oud 5alas fel metwesta,1,-
chrina 3ayn ba9ra men el merchi,1,-
kla brouklou bel mogherfa,1,-
el moujahid de7mani 3aicha ghlob 6 9anas bel rsas,1,-
nechri 6 chkayer mossa,0,nechri 6 chkayer tachghil
el chahid bla3da 3mor arsel lettre l mou,1,-
el moujahid tyayba be7ria tewled fi 3ayla bourjwaziya,1,-
el chahid 9warir mouhamed tejrah bel grenada fel mounawachat,1,-
ntayab kroumb fel cuisinier,1,-
el moujahid ben fetoum le5der ydour m3a 3omar,1,-
chriti el farawla men el farawla,0,chriti el farawla men el marchi
el moujahid be3raysia el jam3i ghloub tmenya sla7 bel joundiyin,0,el moujahid be3raysia el jam3i ghloub tmenya joundiyin bel sla7
el moujahid talbi ahmed kber fi 3ayla tarteulette,0,el moujahid talbi ahmed kber fi 3ayla bourjwaziya
rouht lel 3icha slit el mesjd,0,rouht lel mesjd slit el 3icha
klaw te5chou5a skhon 7rgo lsanhm,1,-
r7it matla,0,r7it basla
y9acher tarta,0,y9acher kartous
el chahid fra7tih el 3ayachi kan fela7 fi 3am 1938,1,-
el moujahid tyayba ahmed wassal rissala lel 9aras,0,el moujahid tyayba ahmed wassal rissala lel 5altou
el moujahid toumi sa3d traba fi bourjwaziya 3ayla,0,el moujahid toumi sa3d traba fi 3ayla bourjwaziya
tayabna tweeter,0,tayabna zlabia
chriti el tina men el tina,0,chriti el tina men el marchi
rawan el sa3id traba m3a moustfa,1,-
5demna el confuture ta3 brouklou,0,5demna el confuture ta3 kartous
t9assou nectarine,1,-
el chahid benhalima hmidou d5el fel ta7diri fi 3am pepsi,0,el chahid benhalima hmidou d5el fel ta7diri fi 3am 1932
el moujahid ben sa3id mouhamed ghloub tes3a espion bel 5enjar,1,-
el moujahid aban ramdan ghloub reb3a 9anas bel sekin,1,-
mouhamed ben abdel malek ramdan hyatou kamla w houwa ye5dem fi bladou,1,-
el moujahid de7mani sa3id kber ytim el tefa7,0,el moujahid de7mani sa3id kber ytim el ab
el chahid lbouazed le5der stachhed bel moudaharat fel sekin,0,el chahid lbouazed le5der stachhed bel sekin fel moudaharat
el moujahid mimon 3amar ben la5der traba ytim el oum,1,-
el moujahid ben ghanem el sa3id kteb lettre lel tarawi7,0,el moujahid ben ghanem el sa3id kteb lettre lel 5ouh
el chahid 9wader el taher tejrah bel ressas fel ghaba,1,-
el chahid ouhida rabah ben mohamed te9tel bel car fel sniper,0,el chahid ouhida rabah ben mohamed te9tel bel sniper fel car
el moujahid me5fi mohamed 3ach fi 3ayla fiha 3 la glace,0,el moujahid me5fi mohamed 3ach fi 3ayla fiha 3 5awa
el moujahid ben amor raba7 3ach m3a zouj 3bad,1,-
y9oussou zeri3a,0,y9oussou trida
klit tes3a s7ouna gateau,1,-
el moujahid amar athmani kteb message lel anjas,0,el moujahid amar athmani kteb message lel babah
el moujahid belatrach ibrahim 5dem taba5,1,-
el chahid srayech 3liy 5alas fel felfel 7ar,0,el chahid srayech 3liy 5alas fel metwesta
el chahid belfar mohamed 5alas fel jami3a fi 3am 1912,1,-
salitou el pizza,0,salitou el douha
salina ta7t zerbia,0,salina foug zerbia
el moujahid tyayba mbarka ye5dem mineurs,1,-
e9li felfel 7ar fel m9la,1,-
el moujahid 3a9oun mbarek wela jardinier,1,-
chrat seta keroussa 3omar,0,chrat seta keroussa dinde
el moujahid l3achach b7riya tewled m3a zouj tmatem,0,el moujahid l3achach b7riya tewled m3a zouj 3bad
y5abiw gazouz fel congelateur,1,-
yer7iw el 3neb bel survet,0,yer7iw el 3neb bel 5alat
el chahid chba7a mouhamed stachhed fel 7arb,1,-
el moujahid berkat sa3id twafa fi aghwat,1,-
tfawar brouklou fel bougelez,0,tfawar brouklou fel keskas
el moujahid tyayba ta7er ghloub 2 espion bel l7am,0,el moujahid tyayba ta7er ghloub 2 espion bel grenada
el moujahid mimon 3amar ben la5der 9tl  jondi bel rsas,1,-
el moujahid 9aras mouhamed stachhed fi felfel,0,el moujahid 9aras mouhamed stachhed fi bourj baji mou5tar
el chahid 9wader tayab ben 3li tejrah bel magharat fel sniper,0,el chahid 9wader tayab ben 3li tejrah bel sniper fel magharat
ner7iw mandarina bel mesjed,0,ner7iw mandarina bel robo
el moujahid ben taleb 7ouriya 9etel 10 tarteulette,0,el moujahid ben taleb 7ouriya 9etel 10 espion
el chahid 3ethmania 3abd el 7afi stachhed bel ghaba fel ressas,0,el chahid 3ethmania 3abd el 7afi stachhed bel ressas fel ghaba
drbni el zedra dartli el hwa,0,drbni el hwa dartli el zedra
el moujahid ben bel5ir el 3amar 9tel  felfel 7law,0,el moujahid ben bel5ir el 3amar 9tel  commandan
y9os el serdine jrh defro,1,-
9assou mer7oum bel sekin,1,-
el chahid me5fi 3abdel 9ader 9ra fel madrassa 9ouraaniya,1,-
el moujahid 3fafsa 3mer kber fi 3ayla bourjwaziya,1,-
el moujahid jeloud mouhamed ben salem kber ytim el abawayn,1,-
el moujahid de7mani mo7amed ben mossa tewled ytim el oum,1,-
el moujahid l3achach b7riya ghlb 3 rassas bel mortazi9a,0,el moujahid l3achach b7riya ghlb 3 mortazi9a bel rassas
rouht lel marché chrit el ananas,1,-
el chahid 5mays mohmad mat bel car fel grenada,0,el chahid 5mays mohmad mat bel grenada fel car
el moujahid belkacem krim ghlb 3achra joundiyin bel rachach,1,-
el chahid sraych mes3oud wela la7am fi 3am 1939,1,-
el chahid houari la5der 5dem 7afaf fi 3am pistache,0,el chahid houari la5der 5dem 7afaf fi 3am 1939
Kifh hedi fehmt la wlh,0,Kifh hedi wlh la fehmt
el kabch sghir 3la el begra,1,-
tfawar felfel 7ar fel kskas,1,-
salitou el douha fel 7anout,1,-
el nmer yakl el l7m,1,-
el moujahid ali la pointe tewled fi salah,1,-
taybou bitrave ezar,0,taybou bitrave bzef
rouht lel superette chrit el gemh,1,-
el chahid ben fetoum le5der d5el fel thanawiya fi 3am 7alwat el 7al9oum,0,el chahid ben fetoum le5der d5el fel thanawiya fi 3am 1906
el moujahid de7mani 3li ben frej 3ach fi mthe9fa 3ayla,0,el moujahid de7mani 3li ben frej 3ach fi 3ayla mthe9fa
el chahid krim bel kacem 5alas fel metwesta fi 3am 1946,1,-
el chahid talbi el 3ajla teblissa fel train,1,-
koli 3achra mgharef bitrave,1,-
el moujahid de7mani 3aicha ghlob 6 9anas bel 5enjar,1,-
el chahid de7mani bel 9assem te9tel fel rouiba,0,el chahid de7mani bel 9assem te9tel fel barage
el chahid l3achach b7riya 5alas fel metwesta fi 3am 1910,1,-
el moujahid swa3dia 3amar ghlb 6 espion bel pattisri,0,el moujahid swa3dia 3amar ghlb 6 espion bel rassas
el moujahid el 3warbi a7med traba fi 3ayla fiha 3achra afrad,1,-
salaw el tarawi7,1,-
el moujahid fra7tih moussa zed fi la creme,0,el moujahid fra7tih moussa zed fi 16 november 1908
tawam mohamed traba m3a taki,1,-
el moujahid ahmed 3a9oun 3ach ytim el zeri3a,0,el moujahid ahmed 3a9oun 3ach ytim el abawayn
el moujahid 9widrat 3aycha tewled fi 3ayla croissant,0,el moujahid 9widrat 3aycha tewled fi 3ayla met3alma
el moujahid chba7a mouhamed tewled fi 9sentina,1,-
lek7al 3issa twafa 9ahwa,0,lek7al 3issa twafa y9atel
el moujahid sa7rawi el mas3oud kan maghreb,0,el moujahid sa7rawi el mas3oud kan mouwal
el kalb sghir 3la el jmel,1,-
kla dinde bel el ma7jouba,0,kla dinde bel mougherf
tchriw el 7alwa men el clavier,0,tchriw el 7alwa men el taxiphone
3agabou imti7an sahel,1,-
chrina el tizana men el tizana,0,chrina el tizana men el 7anout
el moujahid ben 3adel mouhamed zed fi 3ayla mou7arba,1,-
el moujahid tyayba mbarka ye5dem 5yar,0,el moujahid tyayba mbarka ye5dem mineurs
el chahid ben 3adel mouhamed stachhed fel 3dam,0,el chahid ben 3adel mouhamed stachhed fel jbel
noukel el choufan,1,-
chrat 2 keroussa 3des,1,-
9oussitou khourchef,1,-
rouht el ford krit el location,0,rouht lel location krit el ford
5abi batata me9lia fel congelateur,1,-
ben blida el chrif mat y3alam,1,-
y5abiw zeri3a fel zeri3a,0,y5abiw zeri3a fel frigidar
9asit jelbana,0,9asit mandarina
el chahid 9wasimia mouhamed ben a7med 5alas fel thanawiya fi 3am kebda,0,el chahid 9wasimia mouhamed ben a7med 5alas fel thanawiya fi 3am 1919
9oussou kartous bel mous,1,-
el moujahid abderrahmane mira zed fi 3ayla el hendi,0,el moujahid abderrahmane mira zed fi 3ayla moultazma
klina jraywat bel mogherfa,1,-
el chahid larbi ben mhidi t5araj fel takwin el mihani,1,-
achri 8 tmer tmer,0,achri 8 sac tmer
el chahid ben taleb 3abdel kader 5ela lettre l cha3b,1,-
y5abiw l7am fel fajr,0,y5abiw l7am fel refrigirateur
y9asou woudouaa,0,y9asou el 5oubz
el moujahid ben 3outhman 3abdel 9ader kber fi 3ayla fa9ira,1,-
ndirou el jus ta3 tout,1,-
tfawri sel9 fel sel9,0,tfawri sel9 fel kskas
el moujahid 3a9on ahmed tayab ghloub  5enjar bel commandan,0,el moujahid 3a9on ahmed tayab ghloub  commandan bel 5enjar
salitou el douhr fel dar,1,-
ben 3adel el mas3oud hyatou kamla w houwa vichi,0,ben 3adel el mas3oud hyatou kamla w houwa y9atel
el moujahid srayech fatmi 3ach fi 3ayla met3alma,1,-
youkel 11 mgharef hrissa 7louwa,1,-
el chahid lbouazed le5der stachhed bel sekin fel moudaharat,1,-
chrina 3ayn ba9ra men el 9amous,0,chrina 3ayn ba9ra men el 5adar
el moujahid ben 3mour tayab traba fi 3ayla 3dam,0,el moujahid ben 3mour tayab traba fi 3ayla moultazma
el moujahid srayech mes3oud ghlob 7 sla7 bel 9anas,0,el moujahid srayech mes3oud ghlob 7 9anas bel sla7
el moujahid de7mani 7afsa traba m3a sferjel,0,el moujahid de7mani 7afsa traba m3a roustoum
klito felfel skhon 7rgto lsankom,1,-
el moujahid sa3id bouali 3ach fi 3ayla mou7arba,1,-
el chahid  mat bel mous fel tomobil,1,-
el moujahid far 3li ben ahmed 5dem kiwi,0,el moujahid far 3li ben ahmed 5dem sayghi
hungaria jaya fel europe,1,-
el moujahid tyayba 3mer arsel briya lel 5erdel,0,el moujahid tyayba 3mer arsel briya lel cha3b
el chahid 7irech ahmed ye5dem electricient fi 3am douhr,0,el chahid 7irech ahmed ye5dem electricient fi 3am 1915
gseltou el kaboussa fel ghassala,1,-
el moujahid benhalima hmidou 3ach ytim el ab,1,-
chrit seta chario samy,0,chrit seta chario 3ayn ba9ra
achriw 5emsa layouret sachiyat,0,achriw 5emsa sachiyat layouret
el moujahid ben 3adel mouhamed ghlob 3 jassos bel grenada,1,-
yer7iw jraywat bel jraywat,0,yer7iw jraywat bel 5alat
y9asou 5oukh bel sekin,1,-
klaw el kachir barda te7reg fomhoum,0,klaw el kachir skhona te7reg fomhoum
el moujahid ben taleb 3abdel kader 9tl 5emsa jondi bel sla7,1,-
el chahid 9atouch abdelah twafa bel sniper fel tomobil,1,-
youkel tarta bel mougherf,1,-
el moujahid srayech ibrahim kber m3a 9 3bad,1,-
yahiawi 3mor mat y9atel,1,-
el moujahid 9wadria haj ben moussa kan ydour m3a 3omar,1,-
ychriw el zaligou men el ala 7assiba,0,ychriw el zaligou men el 5adar
el chahid ben cha3ban el haj bouzian wela mouwal fi 3am felfel 7ar,0,el chahid ben cha3ban el haj bouzian wela mouwal fi 3am 1916
cherbou gazouz,1,-
el moujahid ben sa3di sa3id kan fermli,1,-
klit seta mgharef el jaj,1,-
chrew 5 chario kojaka,1,-
el chahid ben 5aled a7med 5dem chauffeur fi 3am zeri3a,0,el chahid ben 5aled a7med 5dem chauffeur fi 3am 1944
t5abi louz fel casque,0,t5abi louz fel frigo
el 7lib lounou byed,1,-
y9os 9alb louz jrh 9alb louz,0,y9os 9alb louz jrh defro
rouht lel kemoun chrit el superette,0,rouht lel superette chrit el kemoun
t9assou chwa jre7na dfourhom,1,-
ychriw el felfel 7ar men el merchi,1,-
el moujahid 3a9on mohamed 3ach fi 3ayla nectarine,0,el moujahid 3a9on mohamed 3ach fi 3ayla mderhma
el moujahid ahmed ben abdel kader kteb envlop lel croissant,0,el moujahid ahmed ben abdel kader kteb envlop lel mou
chrina el kartous men el 7anout,1,-
el moujahid belkacem krim ghlb 3achra 3dam,0,el moujahid belkacem krim ghlb 3achra joundiyin
y9oussou trida jr7na sba3hom,1,-
ndirou el confuture ta3 el 7alwa,0,ndirou el confuture ta3 fagous
n9ous 7alwat el 7al9oum jrht yedi,1,-
el chahid le3yayda el 3arbi d5el fel tarta,0,el chahid le3yayda el 3arbi d5el fel madrassa 9ouraaniya
nghsel anjas bel ma w selecto,0,nghsel anjas bel ma w 5el
el chahid swalmia moussa wela mou3alim fi 3am 1911,1,-
el moujahid bissar el tayab hyatou kamla w houwa yjahed,1,-
ntayab 3ayn ba9ra fel tabouna,1,-
el moujahid de7mani 3aicha ye5dem pistache,0,el moujahid de7mani 3aicha ye5dem 5ayat
ntayab roz fel tachghil,0,ntayab roz fel nar
el chahid tyayba 3amar teblissa fel millfay,0,el chahid tyayba 3amar teblissa fel train
el moujahid ahmed lounes tewled fi 3ayla zlabia,0,el moujahid ahmed lounes tewled fi 3ayla fa9ira
klaw el 5oubz bared 7ergo lsankom,0,klaw el 5oubz skhona 7ergo lsankom
el chahid kechroud sa3id ben mouhamed te9tel fel na3na3,0,el chahid kechroud sa3id ben mouhamed te9tel fel tomobil
9oussou tout bel tout,0,9oussou tout bel mous
el moujahid ben taleb 5dara 3ach ytim el abawayn,1,-
rouht lel 9ahwa tfrjt el match,1,-
tyayba mes3oud traba m3a taki,1,-
teghsli 3ayn ba9ra bel ma w 5el,1,-
fawart tmatem fel 3asr,0,fawart tmatem fel kskas
el moujahid ben sa3di el mas3oud 9tl 2 espion bel sekin,1,-
milano el 3asima ta3 el talyan,0,roma el 3asima ta3 el talyan
el moujahid rabah betat kan 3dam,0,el moujahid rabah betat kan najar
tayboulhem chawarma,1,-
ben zid mohamed 3ach ye5dem fi bladou,1,-
el moujahid lbouazed le5der te9tel yed3am f cha3b,1,-
youkel slata skhona tehreg foumou,1,-
teghsli croissant bel ma ta3 el 3ayn,0,teghsli garnoun bel ma ta3 el 3ayn
koulou ananas bel selecto,0,koulou ananas bel 39ila
salit el douhr fel 5edma,1,-
el moujahid be3raysia el jam3i twafa y7areb,1,-
el chahid ben sa3di ahmed tejrah bel ressas fel moudaharat,1,-
9acharna boufraywa bel el 3sel,0,9acharna boufraywa bel sekin
el moujahid 9aras mouhamed wassal briya lel babah,1,-
y5abiw la puri fel frigidar,1,-
rouht fi matar lel taxi,0,rouht fi taxi lel matar
el chahid ahmed lounes sejel fel metwesta fi 3am kebda,0,el chahid ahmed lounes sejel fel metwesta fi 3am 1923
el moujahid amirouch ait hamouda kber fi 3ayla mderhma,1,-
el chahid rawan el sa3id ye5dem jazar fi 3am 7alwat el 7al9oum,0,el chahid rawan el sa3id ye5dem jazar fi 3am 1904
t9achrou mer7oum,1,-
koli bouzelouf bel boni,0,koli bouzelouf bel mougherf
chrina el pepsi men el 7ibre,0,chrina el pepsi men el superette
el moujahid srayech 3abd rahman 9etel 3achra joundiyin,1,-
srayech mbarek twafa s3ayda,0,srayech mbarek twafa y7areb
el moujahid ben bel5ir el 3amar kber ytim el oum,1,-
el chahid belkacem krim teblissa bel car fel ressas,0,el chahid belkacem krim teblissa bel ressas fel car
ne9li zlabia fel me9la,1,-
el chahid tyayba ahmed wassal 3emtou l rissala,0,el chahid tyayba ahmed wassal rissala l 3emtou
ghselt el creuvette  bel 3ayn,1,-
el moujahid boualem bouguerra zed fi medeyna 3ayla,0,el moujahid boualem bouguerra zed fi 3ayla medeyna
el moujahid ben dawed mohamed 9etel seb3a jassos,1,-
ktebna fel ktab b stabilo,1,-
el moujahid ben fetoum le5der ydour m3a jus,0,el moujahid ben fetoum le5der ydour m3a 3omar
el moujahid tyayba 3mer te9tel fi layouret,0,el moujahid tyayba 3mer te9tel fi boumerdas
el chahid srayech 3issa tejrah bel sekin fel jbel,1,-
el moujahid lek7al mebrouk stachhed tabla,0,el moujahid lek7al mebrouk stachhed ynadel
klit les eclaires skhona 7rgt lsany,1,-
r7aw boufraywa bel boufraywa,0,r7aw boufraywa bel mixeur
el chahid lek7al sa3d 5dem jazar fi 3am 1948,1,-
ghsel mechmach bel ma ta3 el 3ayn,1,-
el moujahid swa3dia 3amar ghlb 6 espion bel rassas,1,-
t5abi chrik fel fajr,0,t5abi chrik fel frigidar
youkel foumou barda tehreg kroumb,0,youkel kroumb skhona tehreg foumou
el chahid chba7a moussa t5araj fel jami3a fi 3am chwa,0,el chahid chba7a moussa t5araj fel jami3a fi 3am 1903
khabit 9ahwa fel frigidar,1,-
y9acher coca,0,y9acher louz
el moujahid ben 3mour mouhamed 9etel 3 joundiyin,1,-
el moujahid bourza9 3aicha kber fi 3ayla thawria,1,-
el 7san kbir 3la el kalb,1,-
chriti el mouz men el hanout,1,-
ndirou el confuture ta3 fagous bel soukour,1,-
dar el jus ta3 fraise,1,-
el chahid bourza9 3abdel 7amid sejel fel takwin el mihani fi 3am tay,0,el chahid bourza9 3abdel 7amid sejel fel takwin el mihani fi 3am 1923
el chahid 9atouch brahim t5araj fel zawya,1,-
el moujahid de7mani moussa ghlb zouj sferjel,0,el moujahid de7mani moussa ghlb zouj jondi
y9os senaria bel sekin,1,-
el chahid rabah betat t5araj fel chrik,0,el chahid rabah betat t5araj fel madrassa 9ouraaniya
youkel berboucha bel bougelez,0,youkel berboucha bel tzariba
el moujahid berkat sa3id twafa fi mer7oum,0,el moujahid berkat sa3id twafa fi 15 aute 1910
ghiir khtiik,1,-
yechriw 8 sac mer7oum,1,-
y9asou el 5oubz bel sekin,1,-
9warir ibrahim 3ach m3a la creme,0,9warir ibrahim 3ach m3a taki
yegliw kawkaw fel cuisinier,1,-
yghslou nectarine bel 3ayn,1,-
t5abi el ghers fel el ghers,0,t5abi el ghers fel frigidar
el moujahid talbi 3abel ra7man kber fi 3ayla moultazma,1,-
el moujahid 9aras mouhamed stachhed ye5dem fi bladou,1,-
ner7iw sferjel bel roubo,1,-
el moujahid ben taleb 7ouriya 3ach ytim el abawayn,1,-
lbest kaboussa fi rejli w souli fi rassi,0,lbest souli fi rejli w kaboussa fi rassi
el moujahid srayech 3li ben 3ethman 5dem el 3sel,0,el moujahid srayech 3li ben 3ethman 5dem chauffeur
klit 3achra s7ouna beribas,0,klit 3achra s7ouna frit
el moujahid ben blida el chrif kan vichi,0,el moujahid ben blida el chrif kan zalabji
el moujahid bel 3amri 3abdel 9ader kber ytim el les eclaires,0,el moujahid bel 3amri 3abdel 9ader kber ytim el ab
ghselt basla bel ma ta3 el 3ayn,1,-
el chahid 5mays mohmad mat fel citron,0,el chahid 5mays mohmad mat fel car
el m3assid 9wider stachhed yerfa3 fel 9adia el jazayriya,1,-
rouht fi automobile lel hotel,1,-
ysaliw slat el janaza fel mesjed,1,-
ahmed zabana kan ydour m3a khourchef,0,ahmed zabana kan ydour m3a oussama
rouht lel tacos klit el restaurant,0,rouht lel restaurant klit el tacos
el zarafa rapide 3el 9at,1,-
el chahid de7mani bel 9assem te9tel bel barage fel mous,0,el chahid de7mani bel 9assem te9tel bel mous fel barage
yokel jelbana skhona 7reg lsano,1,-
9oussou tout bel ddr3,0,9oussou tout bel mous
chrina el anjas men el feutre,0,chrina el anjas men el 5adar
el chahid mnasria mohamed b3et lettre l 5tou,1,-
rouht lel location krit el lexus,1,-
rzi9at merza9a hyatou kamla w houwa woudouaa,0,rzi9at merza9a hyatou kamla w houwa yed3am f cha3b
el moujahid talbi el 3ajla tewled ytim el nouga,0,el moujahid talbi el 3ajla tewled ytim el oum
el moujahid ali mellah stachhed fi 28 juin 1931,1,-
el moujahid srayech raba7 9tl 8 jondi bel rsas,1,-
el moujahid 9wader el taher 3ach m3a tes3a 5awa,1,-
kla 5emsa s7ouna bechna,1,-
yechriw 8 sac abdel kader,0,yechriw 8 sac mer7oum
ktebna fel 9alam rasas b ktab,0,ktebna fel ktab b 9alam rasas
a5dmou el jus ta3 rouiba,0,a5dmou el jus ta3 el 7alba
el chahid 9wasimia mouhamed ben a7med 5alas fel thanawiya,1,-
el jmel sghir 3la el kalb,0,el kalb sghir 3la el jmel
el moujahid berkat el mas3oud tewled fi garnoun,0,el moujahid berkat el mas3oud tewled fi bechar
klina 2 s7ouna batata mcherchma,1,-
el chahid me5fi mohamed 5alas fel ta7diri,1,-
el moujahid tyayba ta7er wassal message lel el 3sel,0,el moujahid tyayba ta7er wassal message lel moujahdin
teghsli batata bel ma w brage,0,teghsli batata bel ma w 5el
yechriw 6  zlabia,1,-
salina fel 3dam,0,salina f zerbia
youkel m7albi bel mogherfa,1,-
el moujahid talbi el 3ajla te9tel ye5dem fi bladou,1,-
el chahid larbi ben mhidi 5ela mou l message,0,el chahid larbi ben mhidi 5ela message l mou
el moujahid tyayba sala7 s7abou walid,1,-
glit kiwi,0,glit roz
el fa9ra fiha el joumla,1,-
r7it basla bel robo,1,-
el moujahid nech mouhamed 9etel 3 general,1,-
hazit midwar fel sac a dos,1,-
el chahid ben bou el aid mohamed wassal 3emou l briya,0,el chahid ben bou el aid mohamed wassal briya l 3emou
el moujahid lek7al mebrouk zed fi 3assima,1,-
el moujahid mouhamed ben abdel malek ramdan mat fi rouiba,0,el moujahid mouhamed ben abdel malek ramdan mat fi adrar
el moujahid bourza9 3abdel 9ader te9tel gazouz,0,el moujahid bourza9 3abdel 9ader te9tel yed3am f cha3b
9ous slata jr7 slata,0,9ous slata jr7 sob3o
fawri slata fel kskas,1,-
chrina el tizana men el min9ala,0,chrina el tizana men el superette
yer7iw el 7alba bel roubo,1,-
7atit 9alb louz fi rassi,0,7atit kaboussa fi rassi
tbest fagous fi rejlk,0,tbest trining fi rejlk
ychriw el garnoun men el messaala,0,ychriw el garnoun men el 5adar
el moujahid bel 3amri 3abdel 9ader kber fi 3ayla mderhma,1,-
9lit toum,1,-
chraw el kiwi,1,-
el moujahid jeloud mouhamed ben salem b3et message lel el 7alwa,0,el moujahid jeloud mouhamed ben salem b3et message lel s7abou
chrat 5 5erdel 5erdel,0,chrat 5 chario 5erdel
el moujahid rzi9at 3issa mat fi 25 juil 1916,1,-
el moujahid rzi9at 3issa kber m3a tes3a kebda,0,el moujahid rzi9at 3issa kber m3a tes3a 5awa
koli 6 s7ouna dwa,0,koli 6 s7ouna tina
el moujahid ben amor raba7 3ach fi fa9ira 3ayla,0,el moujahid ben amor raba7 3ach fi 3ayla fa9ira
youkel kroumb skhona tehreg foumou,1,-
el moujahid ben cha3ban el haj bouzian 9etel seta sla7 bel dawria,0,el moujahid ben cha3ban el haj bouzian 9etel seta dawria bel sla7
ychriw mdela men el ghers,0,ychriw mdela men el trig
el chahid 3a9on ahmed tayab wela idari fi 3am 1910,1,-
7atit fel roz el krafes,1,-
chriti la glace men la glace,0,chriti la glace men el pattisri
lbest nwader fi rejli w sabat fi 3aynia,0,lbest sabat fi rejli w nwader fi 3aynia
youklou el ma7jouba bel souli,0,youklou el ma7jouba bel tzariba
el moujahid tyayba mes3oud zed m3a 5 3bad,1,-
9achrtou banan,1,-
el moujahid 9aras mouhamed ye5dem gazouz,0,el moujahid 9aras mouhamed ye5dem taba5
el chahid didouch mourad d5el fel thanawiya fi 3am felfel 7law,0,el chahid didouch mourad d5el fel thanawiya fi 3am 1935
5abi za3rour fel congelateur,1,-
tklo 5erdel barda 7regna lsankom,0,tklo 5erdel skhon 7regna lsankom
el moujahid srayech mohamed te9tel fi za3rour,0,el moujahid srayech mohamed te9tel fi 3anaba
el b7er lounou zreg,1,-
klaw el 5oubz skhona 7ergo lsankom,1,-
nechri 7 chario boufraywa,1,-
chrit el pistache men el taxiphone,1,-
taybi millfay capotichinou,0,taybi millfay chwiya brk
7atit fel jelbana el mel7,1,-
el moujahid be3raysia el jam3i twafa fi tbassa,1,-
el chahid 3ethmania 3abd el 7afi 5alas fel takwin el mihani,1,-
ben dawed mohamed 3ach cidr,0,ben dawed mohamed 3ach yjahed
el moujahid ben taleb 3abdel kader 9tl 5emsa mouz,0,el moujahid ben taleb 3abdel kader 9tl 5emsa jondi
ben cha3ban issa traba m3a brahim,1,-
el moujahid moustfa ferokhi 9tel 10 joundiyin bel rassas,1,-
youkel seb3a s7ouna kartous,1,-
el moujahid 9raychi 3abd ra7man traba m3a 7 ananas,0,el moujahid 9raychi 3abd ra7man traba m3a 7 3bad
youkel foumou barda tehreg slata,0,youkel slata skhona tehreg foumou
klaw tes3a s7ouna srir,0,klaw tes3a s7ouna khourchef
kina el pattisri,1,-
el moujahid fra7tih moussa tewled m3a zouj 5awa,1,-
y7amsou jraywat,0,y7amsou tachghil
el moujahid far 3li ben ahmed traba m3a 5 fourmage,0,el moujahid far 3li ben ahmed traba m3a 5 3bad
el moujahid me5fi mohamed 3ach fi 3ayla fiha 3 5awa,1,-
el moujahid tyayba deraji zed fi tay,0,el moujahid tyayba deraji zed fi timimoun
kla temp bel 39el,1,-
el moujahid sraych mes3oud tewled fi s3aida,1,-
rouht lel superette chrit el kemoun,1,-
y5abiw batata 7lawa fel congelateur,1,-
el moujahid ali ben 3ayoun twafa y9atel,1,-
el kalb yakl el l7m,1,-
achriw 4 chario zaligou,1,-
yghslou ma3dnous bel ma ta3 el 3ayn w 5el,1,-
er7iw tina bel ra7aya,1,-
klit frit bel beribas,0,klit frit bel lehfa
el moujahid me5fi mohamed sidi9 traba fi 3ayla met3alma,1,-
el moujahid me5fi 3abdel 9ader kber fi 3ayla medeyna,1,-
charw tes3a jraywat sac,0,charw tes3a sac jraywat
el jej sghir 3la el 7san,1,-
el moujahid berkat el mas3oud ghlb 7 mortazi9a,1,-
teghsel el 3neb bel ma,1,-
el moujahid chba7a mostfa ghlob 10 general bel rsas,1,-
t5bi kawkaw fel frigidar,1,-
el moujahid srayech 3liy traba fi 3ayla medeyna,1,-
el moujahid 3a9on mohamed zed fi 9aras,0,el moujahid 3a9on mohamed zed fi skikda
e9li roz fel choufan,0,e9li roz fel m9la
el moujahid benhalima hmidou te9tel fi nectarine,0,el moujahid benhalima hmidou te9tel fi msila
el moujahid 9warir ahmed ben la5der kan sa7bou zaky,1,-
el moujahid bourass la5der twafa fi 9aras,0,el moujahid bourass la5der twafa fi 30 september 1942
el chahid ahmed lounes ye5dem prof fi 3am douhr,0,el chahid ahmed lounes ye5dem prof fi 3am 1928
ychri el cacao men el cacao,0,ychri el cacao men el grossist
taybou el faillence,0,taybou el ma9arouna
el moujahid ben 5aled el 3mer 9tl zouj general bel 9aras,0,el moujahid ben 5aled el 3mer 9tl zouj general bel rachach
el chahid 3a9on ahmed tayab 5ela moujahdin l lettre,0,el chahid 3a9on ahmed tayab 5ela lettre l moujahdin
rouht lel frik chrit el superette,0,rouht lel superette chrit el frik
el moujahid tyayba ahmed s7abou yahia,1,-
el moujahid 9ouraichi bel abdel rahman wassal briya lel s7abou,1,-
el chahid sa3id bouali te9tel fel gazouz,0,el chahid sa3id bouali te9tel fel car
el moujahid bel3amri brahim twafa fi croissant,0,el moujahid bel3amri brahim twafa fi 10 fevri 1936
el chahid mechri sa3id arsel envlop l moujahdin,1,-
el moujahid me5fi mohamed sidi9 3ach fi 3ayla fiha 5 banan,0,el moujahid me5fi mohamed sidi9 3ach fi 3ayla fiha 5 3bad
l3achach mes3oud stachhed yerfa3 fel 9adia el jazayriya,1,-
koli toum bel mogherfa,1,-
el chahid benhalima hmidou 5ela message l 3emou,1,-
klina 5yar bel vista,0,klina 5yar bel 39ila
ychri el tizana men el phermecien,1,-
Mais t9ila prk cnx,0,Mais cnx prk t9ila
tchri miranda men el frient,0,tchri miranda men el soug
t5bi miranda fel miranda,0,t5bi miranda fel frigo
el chahid l3achach mes3oud 9ra fel madrassa 9ouraaniya fi 3am lben,0,el chahid l3achach mes3oud 9ra fel madrassa 9ouraaniya fi 3am 1934
3a9on ibrahim s7abou farouk,1,-
el moujahid houari el haj zed fi 3ayla garnoun,0,el moujahid houari el haj zed fi 3ayla medeyna
achri 6 sachiyat chawarma,1,-
el moujahid srayech taher 5dem idari,1,-
n9ous yedi jrht mouz,0,n9ous mouz jrht yedi
el chahid rawan sa3d 5alas fel jami3a,1,-
ben 3adel mouhamed te9tel pistache,0,ben 3adel mouhamed te9tel ye5dem fi bladou
5demna el confuture ta3 kartous bel soukour,1,-
el 9at sghir 3la el n7el,0,el n7el sghir 3la el 9at
7atit caprise foug rassi,0,7atit el el beri foug rassi
el moujahid l3achach mes3oud ydour m3a abdel kader,1,-
chrat 5 chario 3omar,0,chrat 5 chario 5erdel
el moujahid tyayba bachir te9tel fi za3rour,0,el moujahid tyayba bachir te9tel fi 13 juin 1922
el moujahid 3ethmania 3abd el 7afi 9etel tmenya dawria,1,-
el chahid ben fetoum le5der tejrah bel mina fel car,1,-
el moujahid bel 3amri 3abdel 9ader wela gazouz,0,el moujahid bel 3amri 3abdel 9ader wela mecanicient
klit tefa7 bel caprise,0,klit tefa7 bel zerba
el moujahid chba7a moussa traba fi moultazma 3ayla,0,el moujahid chba7a moussa traba fi 3ayla moultazma
9achrou felfel 7law,1,-
neghsel kawkaw bel kawkaw,0,neghsel kawkaw bel ma ta3 el 3ayn
yghslou el 7alba bel el 7alba,0,yghslou el 7alba bel 3ayn
9acharna tachghil bel mous,1,-
youkel pattisri bel lehfa,1,-
el moujahid ben taleb 3abdel kader 5ela lettre lel jedou,1,-
el chahid lek7al mebrouk stachhed fel ghaba,1,-
el moujahid srayech bel 9assem zed fi 3ayla 7alwat el 7al9oum,0,el moujahid srayech bel 9assem zed fi 3ayla medeyna
el moujahid delimi ahmed ben la5der traba fi 3ayla el bourak,0,el moujahid delimi ahmed ben la5der traba fi 3ayla bourjwaziya
el moujahid talbi 3abel ra7man 9etel 10 sekin bel general,0,el moujahid talbi 3abel ra7man 9etel 10 general bel sekin
ben blida fatima zouhra s7abou ddr4,0,ben blida fatima zouhra s7abou farouk
salitou el 3icha fel mesjed,1,-
y9oussou 3ayn ba9ra,1,-
el chahid  9ra fel thanawiya fi 3am 1919,1,-
y5abiw nectarine fel dra,0,y5abiw nectarine fel frigo
el chahid de7mani mo7amed ben mossa sejel fel thanawiya fi 3am 1930,1,-
klit frit bel lehfa,1,-
el moujahid swa3dia 5aled ben said zed fi 3ayla fiha tlata afrad,1,-
n5abiw basla fel frigo,1,-
el moujahid 3a9on ahmed tayab ghloub  commandan bel 5enjar,1,-
nechri reb3a el ghers sac,0,nechri reb3a sac el ghers
el moujahid 9wader tayab ben 3li wela 7aris,1,-
yfawro batata 7lawa fel louz,0,yfawro batata 7lawa fel keskas
el moujahid be3raysia el jam3i 3ach fi 3ayla fiha 6 shourba,0,el moujahid be3raysia el jam3i 3ach fi 3ayla fiha 6 5awa
el 3bed yjriw bel rjlin,1,-
chrina el 5oukh men el merchi,1,-
9ous sob3o jr7 batata 7lawa,0,9ous batata 7lawa jr7 sob3o
el chahid ben 3mour mouhamed wela mecanicient fi 3am janaza,0,el chahid ben 3mour mouhamed wela mecanicient fi 3am 1947
el moujahid chba7a mouhamed ghloub 5 dawria bel bouzelouf,0,el moujahid chba7a mouhamed ghloub 5 dawria bel rassas
9achri 3dam bel nouga,0,9achri 3dam bel sekin
teraka le5der traba m3a usb,0,teraka le5der traba m3a mouhamed
el chahid bel 3arbi sghir sejel fel zawya fi 3am vichi,0,el chahid bel 3arbi sghir sejel fel zawya fi 3am 1937
el chahid mohamed bougara 5alas fel thanawiya fi 3am 1944,1,-
ychriw el garnoun men el garnoun,0,ychriw el garnoun men el merchi
srayech 3amar hyatou kamla w houwa y3alam,1,-
drbni el hwa dartli el zedra,1,-
el moujahid de7mani 7afsa twafa batata,0,el moujahid de7mani 7afsa twafa yed3am f cha3b
rouht lel koucha chrit el braj,1,-
de7mani bel 9assem te9tel ynadel,1,-
el chahid ben zawi ahmed te9tel fel mounawachat,1,-
el chahid tyayba 3mer teblissa fel 7arb,1,-
el chahid srayech ibrahim tejrah fel kebda,0,el chahid srayech ibrahim tejrah fel ghaba
el moujahid 3a9oun mbarek arsel lettre lel 5alou,1,-
el moujahid ben sa3di ahmed wassal message lel 3ayeltou,1,-
el moujahid srayech ahmed kteb envlop lel les eclaires,0,el moujahid srayech ahmed kteb envlop lel s7abou
klit 5emsa mgharef choufan,1,-
el chahid m5fi mohamed 5ela 5tou l rissala,0,el chahid m5fi mohamed 5ela rissala l 5tou
taybet basla bzef,1,-
teghsli tout bel 3ayn,1,-
el moujahid mechri sa3id tewled ytim el oum,1,-
kla felfel 7ar skhona 7reg lsanou,1,-
techri seta  souffli,1,-
el moujahid ben cha3ban mossa 9tel 4 general,1,-
ntaybou shourba tefa7,0,ntaybou shourba chwiya
klaw senaria,1,-
9oussitou tina bel mesjed,0,9oussitou tina bel sekin
me5fi mohamed sidi9 ydour m3a oussama,1,-
ghselt tachghil bel ma ta3 el 3ayn,1,-
achri tlata  slata,1,-
el chahid srayech tahar te9tel bel ghaba fel sniper,0,el chahid srayech tahar te9tel bel sniper fel ghaba
el chahid sraych mes3oud b3et moujahdin l envlop,0,el chahid sraych mes3oud b3et envlop l moujahdin
el moujahid ben amor raba7 3ach m3a zouj garnoun,0,el moujahid ben amor raba7 3ach m3a zouj 3bad
el moujahid mouhamed ben abdel malek ramdan 3ach fi 3ayla bourjwaziya,1,-
nsaliw el 3asr fel 5edma,1,-
el moujahid ben taleb 3abdel kader kber ytim el oum,1,-
el ta9a fte7 el tfol,0,el tfol fte7 el ta9a
tsali el watr fel 5edma,1,-
el chahid srayech 3amar te9tel fel 9ar3a,0,el chahid srayech 3amar te9tel fel tomobil
el moujahid me5fi le5der ghlb tlata la glace,0,el moujahid me5fi le5der ghlb tlata general
el nos fih zouj mn rbou3,1,-
3a9on el m5ater stachhed tmatem,0,3a9on el m5ater stachhed ykafe7
9oussina jelbana,0,9oussina za3rour
t9achrou el hendi bel s3ayda,0,t9achrou el hendi bel sekin
el chahid yahiawi 3mor t5araj fel ta7diri,1,-
yghslou toum bel ma w javel,1,-
er7iw tina bel tina,0,er7iw tina bel ra7aya
tchri les eclaires men el kardouni,0,tchri les eclaires men el 5abaz
el chahid ben cha3ban newi t5araj fel thanawiya,1,-
el chahid ben dawed 3liy ben sala7 stachhed fel kawkaw,0,el chahid ben dawed 3liy ben sala7 stachhed fel car
el moujahid tyayba 3amar ghlb 7 joundiyin bel sekin,1,-
9oussitou mechmach bel sekin,1,-
nechri seb3a sac la glace,1,-
r7aw mesfouf bel mesfouf,0,r7aw mesfouf bel 5alat
el moujahid srayech mes3oud ghlob 7 9anas,1,-
el chahid de7mani bel 9assem te9tel bel mous fel barage,1,-
klit el kachir bel zawra,0,klit el kachir bel lehfa
el moujahid le3yayda el 3arbi stachhed fi 19 september 1928,1,-
el moujahid srayech mbarek kan sa7bou douhr,0,el moujahid srayech mbarek kan sa7bou oussama
el chahid ben sa3di sa3id d5el fel takwin el mihani,1,-
el moujahid dayf lah sa3d zed fi s3aida,1,-
achriw 3achra felfel sachiyat,0,achriw 3achra sachiyat felfel
el moujahid ben sa3di sa3id 9etel 5 commandan,1,-
chrina fanta men el kouras,0,chrina fanta men el 7anout
el moujahid zytoni amar 3ach fi 3ayla fiha tes3a 9ahwa,0,el moujahid zytoni amar 3ach fi 3ayla fiha tes3a 3bad
el moujahid ahmed zabana ghlob seb3a chawarma,0,el moujahid ahmed zabana ghlob seb3a mortazi9a
el moujahid berkat sa3id kber fi 3ayla fiha tes3a croissant,0,el moujahid berkat sa3id kber fi 3ayla fiha tes3a 5awa
el chahid tyayba el 7aj ye5dem mouwal fi 3am 1903,1,-
el moujahid ziytouni sa3id wela pintre,1,-
klaw fraise,1,-
el moujahid bissar el tayab kber fi 3ayla fiha reb3a 5awa,1,-
r7it janaza,0,r7it tout
el moujahid si mohamed bougera zed fi tiaret,1,-
rouht lel ananas chrit el marché,0,rouht lel marché chrit el ananas
9achart la creme,0,9achart khourchef
de7mani fatima ydour m3a korsi,0,de7mani fatima ydour m3a taki
9oussou dwa,1,-
el chahid tyayba deraji sejel fel zawya fi 3am 1942,1,-
ner7iw el kachir bel robo,1,-
3serna el stylo,0,3serna el citron
youklou zouj s7ouna jelbana,1,-
el chahid ben 3mour tayab 9ra fel madrassa 9ouraaniya fi 3am souffli,0,el chahid ben 3mour tayab 9ra fel madrassa 9ouraaniya fi 3am 1904
3agabou sahel imti7an,0,3agabou imti7an sahel
t7amsi roz fel me9la,1,-
el moujahid 9esri 3issa ghlb reb3a dawria bel rsas,1,-
el moujahid tyayba mohamed ghlb seb3a general bel grenada,1,-
el moujahid ben bel5ir el mas3oud kber ytim el dinde,0,el moujahid ben bel5ir el mas3oud kber ytim el oum
me5fi mohamed sidi9 ydour m3a fer7a,0,me5fi mohamed sidi9 ydour m3a oussama
el chahid chihani bachir sejel fel madrassa 9ouraaniya,1,-
techri reb3a pistache sachiyat,0,techri reb3a sachiyat pistache
9oussitou maghreb,0,9oussitou tina
el moujahid boualem bouguerra tewled fi el 3sel,0,el moujahid boualem bouguerra tewled fi 5 fevri 1921
el moujahid ben sa3id mouhamed mat fi ananas,0,el moujahid ben sa3id mouhamed mat fi 9 aute 1933
klit 3achra s7ouna frit,1,-
koulou 3 mgharef slata,1,-
el moujahid 9esri 3issa tewled m3a tlata zlabia,0,el moujahid 9esri 3issa tewled m3a tlata 5awa
salit el 5edma f douhr,0,salit el douhr fel 5edma
t5abi el 3neb fel frigo,1,-
el moujahid abderrahmane mira kan tajir,1,-
chof ask ya9lbohalk,1,-
7atit fel merga el realgit,0,7atit fel merga el ma3dnous
ye9liw jraywat fel jraywat,0,ye9liw jraywat fel me9la
el moujahid amar athmani 5dem fermli,1,-
el moujahid ali ammar 9tel zouj capotichinou,0,el moujahid ali ammar 9tel zouj joundiyin
teghsli garnoun bel ma ta3 el 3ayn,1,-
el moujahid berkat sa3id kan sa7bou tarta,0,el moujahid berkat sa3id kan sa7bou adam
n9ous 7alwat el 7al9oum bel mous,1,-
el moujahid tyayba 3abel ra7man stachhed ynadel,1,-
el moujahid fra7tih el 3ayachi stachhed fi 5 oktober 1929,1,-
achriw 6 chario hani,0,achriw 6 chario coca
el moujahid el 3warbi a7med kan sa7bou louz,0,el moujahid el 3warbi a7med kan sa7bou mouhamed
rouht lel ras chrit el jezar,0,rouht lel jezar chrit el ras
cherchemt platforme,0,cherchemt el batata el 7lawa
ben cha3ban issa stachhed yed3am f cha3b,1,-
el moujahid de7mani mo7amed hyatou kamla w houwa ddr3,0,el moujahid de7mani mo7amed hyatou kamla w houwa yed3am f cha3b
el moujahid l3achach mi3ouf mat ynadel,1,-
rouht lel mandarine chrit el marché,0,rouht lel marché chrit el mandarine
el chahid bouderba salah teblissa bel car fel mous,0,el chahid bouderba salah teblissa bel mous fel car
el koursi foug el kartabl,0,el kartabl foug el koursi
el chahid merouch amar wela tajir fi 3am 1924,1,-
el chahid kachrod tahar ben ahmed t5araj fel takwin el mihani fi 3am 1915,1,-
noukel el 3G,0,noukel el gem7
el chahid swa3dia 3amar twafa fel bouzelouf,0,el chahid swa3dia 3amar twafa fel train
fahmouna ya arab mafhamt Walou,1,-
el moujahid mohamed bougara kan sa7bou 3omar,1,-
klito gem7 skhon 7rgto lsankom,1,-
youklou 7 s7ouna trida,1,-
el moujahid bel 3arbi sghir 9etel 7 sekin bel general,0,el moujahid bel 3arbi sghir 9etel 7 general bel sekin
el d9i9a fiha stin thaniya,1,-
el moujahid bourass la5der 9tel reb3a jondi bel rsas,1,-
glaw zeri3a fel zeri3a,0,glaw zeri3a fel me9la
el moujahid l3achach mi3ouf 9tl tes3a jassos,1,-
el chahid jeloud mouhamed ben salem 5alas fel jami3a fi 3am fagous,0,el chahid jeloud mouhamed ben salem 5alas fel jami3a fi 3am 1940
el moujahid belatrach ibrahim kan sa7bou kawkaw,0,el moujahid belatrach ibrahim kan sa7bou walid
el moujahid fra7tih el 3ayachi 3ach m3a seb3a el bourak,0,el moujahid fra7tih el 3ayachi 3ach m3a seb3a 5awa
hazit kartable fel wer9a,0,hazit wer9a fel kartable
salina el jama3 f maghreb,0,salitou el maghreb fel jama3
klit tefa7 bel zerba,1,-
noukel tlitli skhona 7regt lsani,1,-
el moujahid ali la pointe mat y3alam,1,-
el moujahid 9eras 3issa9aras mes3oud te9tel yed3am f cha3b,1,-
srayech bel 9assem kan ydour m3a walid,1,-
el moujahid ben 3mour el 7oussin ye5dem mou3alim,1,-
chaque tflixi mois,0,chaque mois tflixi
el moujahid mechri sa3id twafa fi 16 december 1934,1,-
kla rfis bared 7reg lsanou,0,kla rfis skhon 7reg lsanou
el moujahid swa3dia 5aled ben said ghlb seta sla7 bel dawria,0,el moujahid swa3dia 5aled ben said ghlb seta dawria bel sla7
el moujahid ahmed ben abdel kader zed m3a tlata 3bad,1,-
el chahid srayech 3amar 5ela jedou l envlop,0,el chahid srayech 3amar 5ela envlop l jedou
charw reb3a el gelb keroussa,0,charw reb3a keroussa el gelb
r7it ma3dnous bel ma3dnous,0,r7it ma3dnous bel ra7aya
teghsel loubia bel loubia,0,teghsel loubia bel ma ta3 el 3ayn
el moujahid didouch mourad 9etel 10 general bel basla,0,el moujahid didouch mourad 9etel 10 general bel rassas
kla rfis skhon 7reg lsanou,1,-
rouht lel curdent jebt el cosmetique,0,rouht lel cosmetique jebt el curdent
klit souffli skhona 7rgt lsany,1,-
rouht lel tay chrbt el hanout,0,rouht lel hanout chrbt el tay
el moujahid tyayba el 7aj b3et lettre lel mac os,0,el moujahid tyayba el 7aj b3et lettre lel 5ouh
el moujahid ahmed zabana ghlb 2 jondi,1,-
el moujahid talbi 3abel ra7man zed fi 3ayla fiha tes3a afrad,1,-
el chahid nech el mas3oud 9ra fel jami3a fi 3am el 3sel,0,el chahid nech el mas3oud 9ra fel jami3a fi 3am 1927
rouht lel croki chrit el koucha,0,rouht lel koucha chrit el croki
yechriw seta chwa chwa,0,yechriw seta chkayer chwa
ktebna fel ktab b 9alam rasas,1,-
el chahid 3a9on 3abd rahman mat bel grenada fel barage,1,-
el chahid bouderba salah d5el fel takwin el mihani,1,-
klaw el 5oubz skhona 7ergo el 5oubz,0,klaw el 5oubz skhona 7ergo lsankom
el moujahid ben 3mour tayab traba fi 3ayla moultazma,1,-
el moujahid 9atouch brahim 9tl tlata pastek,0,el moujahid 9atouch brahim 9tl tlata jassos
ytayeb tlitli chwiya brk,1,-
el moujahid ahmed ben abdel kader kteb envlop lel mou,1,-
el moujahid ahmed zabana traba fi bourjwaziya 3ayla,0,el moujahid ahmed zabana traba fi 3ayla bourjwaziya
el chahid chba7a mes3oud t5araj fel pattisri,0,el chahid chba7a mes3oud t5araj fel takwin el mihani
7atit fel roz el ma3dnous,1,-
tl3t lel jbel drt el footing,1,-
el kartabl foug el bureau,1,-
el chahid ben zawi ahmed te9tel bel sekin fel mounawachat,1,-
el chahid belatrach le5missi wassal moujahdin l briya,0,el chahid belatrach le5missi wassal briya l moujahdin
koli tlata s7ouna sel9,1,-
el moujahid srayech mbarek ye5dem el hendi,0,el moujahid srayech mbarek ye5dem jardinier
nsaliw el mesjed f fajr,0,nsaliw el fajr fel mesjed
n5abiw pizza fel frigo,1,-
mechri sa3id te9tel felfel 7law,0,mechri sa3id te9tel ye5dem fi bladou
9warir ahmed ben la5der kan sa7bou zaky,1,-
youkel kebch skhona tehreg foumou,1,-
el moujahid ben bel5ir el mas3oud wela chawarma,0,el moujahid ben bel5ir el mas3oud wela mouwal
el chahid srayech 3liy mat fel tomobil,1,-
el chahid nech mouhamed stachhed fel ghaba,1,-
koulou 8 s7ouna kaskita,0,koulou 8 s7ouna la puri
ben zid mohamed traba m3a ya39oub,1,-
el chahid lek7al 3mer 5alas fel les eclaires,0,el chahid lek7al 3mer 5alas fel metwesta
el moujahid m5fi mohamed 5ela rissala lel maghreb,0,el moujahid m5fi mohamed 5ela rissala lel jedou
techri 10  7oumous,1,-
chrit tina,1,-
t5abi el 5oubz fel terba9a,0,t5abi el 5oubz fel congelateur
ychriw el jraywat men el merchi,1,-
diri el jus ta3 9astel bel mel7,0,diri el jus ta3 9astel bel soukour
youkel pattisri bel zawra,0,youkel pattisri bel lehfa
techri 5 batata chario,0,techri 5 chario batata
youkel roz skhon tehreg roz,0,youkel roz skhon tehreg foumou
el casquette lbst el tfol,0,el tfol lbes el casquette
fawart el kachir fel el kachir,0,fawart el kachir fel keskas
9assou felfel jerhto felfel,0,9assou felfel jerhto sbou3hom
el moujahid ben cha3ban issa 9etel 8 mortazi9a,1,-
el moujahid 9aras said 5ela message lel la famille,1,-
el moujahid ben blida 3abdel 9ader zed fi stif,1,-
chrat tes3a sachiyat youcef,0,chrat tes3a sachiyat el 7alwa
chrat seta keroussa dinde,1,-
9oussitou mechmach bel ddr5,0,9oussitou mechmach bel sekin
chriti el ghers men el stabilou,0,chriti el ghers men el marchi
el moujahid srayech sa3id ghlb seb3a 9anas,1,-
kima tkoun chems 9awia ndirou el parapluit,1,-
ychriw el toum men el merchi,1,-
el moujahid ahmed ben abdel kader zed m3a tlata garnoun,0,el moujahid ahmed ben abdel kader zed m3a tlata 3bad
el moujahid srayech 3liy mat fi timimoun,1,-
bourza9 3abdel 7amid hyatou kamla w houwa ye5dem fi bladou,1,-
el moujahid l3achach mouhamed wassal lettre lel fagous,0,el moujahid l3achach mouhamed wassal lettre lel 5altou
fatima bedar 3ach ynadel,1,-
ner7iw fagous bel 5alat,1,-
el moujahid tyayba el 7oussin ydour m3a 3icha,0,el moujahid tyayba el 7oussin ydour m3a moustfa
salina el 7anout f douha,0,salitou el douha fel 7anout
nechri 3achra chario shourba,1,-
9acharna kebda,0,9acharna citron
fawrou felfel 7law fel bourma,0,fawrou felfel 7law fel kskas
el moujahid ben 5aled el 3mer te9tel fi chikoula,0,el moujahid ben 5aled el 3mer te9tel fi 11 december 1944
el moujahid nessal el jloud brahim ghloub 3achra mortazi9a bel 5enjar,1,-
gheslo citron bel 3ayn,1,-
n5abiw tachghil fel sniksa,0,n5abiw tachghil fel frigo
el moujahid srayech 3abd rahman tewled fi 9ahwa,0,el moujahid srayech 3abd rahman tewled fi 27 oktober 1911
el chahid le3yayda el 3arbi kan 5ayat fi 3am 1930,1,-
r7it ma3dnous,1,-
el chahid ben sa3di sa3id kan fermli fi 3am lben,0,el chahid ben sa3di sa3id kan fermli fi 3am 1920
el chahid ben cha3ban issa 9ra fel ta7diri fi 3am croissant,0,el chahid ben cha3ban issa 9ra fel ta7diri fi 3am 1927
el moujahid mimon 3amar ben la5der traba ytim el chawarma,0,el moujahid mimon 3amar ben la5der traba ytim el oum
tfawar brouklou fel bourma,0,tfawar brouklou fel keskas
Rakom Tachéklo 3lina,1,-
el moujahid ben fetoum le5der kber fi 3ayla medeyna,1,-
mechri sa3id te9tel ye5dem fi bladou,1,-
5abi jus fel refrigirateur,1,-
el 7san ymchi 3la rjlih,1,-
el chahid tyayba ta7er teblissa bel train fel ressas,0,el chahid tyayba ta7er teblissa bel ressas fel train
el moujahid 9wadria haj ben moussa 9tl 5 espion,1,-
fawart tmatem fel kskas,1,-
el moujahid srayech 3liy te9tel bouzelouf,0,el moujahid srayech 3liy te9tel yjahed
gheslo kabouya bel 3ayn,1,-
el moujahid ouhida rabah ben mohamed traba fi 3ayla met3alma,1,-
9acharna l7am,0,9acharna dala3
el moujahid ahmed 3a9oun tewled fi 3ayla fiha 5emsa 5awa,1,-
yoklo felfel 7law skhona t7rg fomhom,1,-
el moujahid 3a9oun bhija ghlob 7 grenada bel dawria,0,el moujahid 3a9oun bhija ghlob 7 dawria bel grenada
el kalb yhrb mn el 9at,0,el 9at yhrb mn el kalb
el moujahid 9aras said ye5dem croissant,0,el moujahid 9aras said ye5dem 7aris
el moujahid chba7a mouhamed ghloub 5 dawria bel rassas,1,-
el moujahid nech mouhamed 3ach m3a farouk,1,-
khtiik ghiir,0,ghiir khtiik
nhazou kounach fel sac a dos,1,-
rouht lel cosmetique jebt el siwak,1,-
tfawar felfel 7ar fel kskas,1,-
youklou 7 s7ouna fourmage,0,youklou 7 s7ouna trida
nechri 6 tachghil chkayer,0,nechri 6 chkayer tachghil
el moujahid bel far sa3dia 9etel 8 jondi bel grenada,1,-
chrina el 9ar3a men el 9amous,0,chrina el 9ar3a men el 7anout
t9achrou 3ayn ba9ra bel sekin,1,-
el moujahid 9warir le5der 9tl 9 jondi,1,-
el 7san sghir 3la el 9at,0,el 9at sghir 3la el 7san
el chahid far 3li ben ahmed te9tel fel tunel,1,-
el moujahid tyayba ahmed tewled fi 3ayla bourjwaziya,1,-
el chahid de7mani mo7amed kan imam fi 3am 1918,1,-
el moujahid moustfa ferokhi 9tel 10 joundiyin,1,-
Ana klit ktab fel s7our,0,Ana nkteb fel ktab
9ousitou fajr,0,9ousitou 9astel
el moujahid si el houwas kber fi 3ayla bourjwaziya,1,-
kla batata mcherchma skhona 7reg lsanou,1,-
t5abi el 3aych fel el 3aych,0,t5abi el 3aych fel refrigirateur
el moujahid la5der bentobal 9etel 3achra joundiyin,1,-
chrat tes3a citron,0,chrat tes3a  citron
el chahid el 3afia sa3d ben raba7 d5el fel pistache,0,el chahid el 3afia sa3d ben raba7 d5el fel jami3a
el moujahid mnasria mohamed 5dem nouga,0,el moujahid mnasria mohamed 5dem jazar
9achrou mandarina bel sekin,1,-
el moujahid belatrach le5missi 9tel tlata el bourak,0,el moujahid belatrach le5missi 9tel tlata 9anas
el chahid lotfi t5araj fel thanawiya fi 3am jus,0,el chahid lotfi t5araj fel thanawiya fi 3am 1943
el chahid fra7tih moussa 5alas fel zawya fi 3am 1923,1,-
chrina el kartous men el mol,1,-
germechna el fard,0,germechna el tachghil
gheslo brouklou bel ma w javel,1,-
el chahid belkacem krim teblissa bel ressas fel car,1,-
el moujahid tyayba be7ria kan na3na3,0,el moujahid tyayba be7ria kan fermli
el foum fel wjeh,1,-
el moujahid ben cha3ban issa 5dem 9ahwa,0,el moujahid ben cha3ban issa 5dem la7am
9oussina krafes jrhna krafes,0,9oussina krafes jrhna dfarhoum
el moujahid tyayba belassem 3ach m3a mouhamed,1,-
el moujahid rzi9at merza9a b3et lettre lel pizza,0,el moujahid rzi9at merza9a b3et lettre lel cha3b
el chahid bourass la5der sejel fel madrassa 9ouraaniya,1,-
el moujahid ben dawed mohamed kan imam,1,-
amesterdam el 3asima ta3 holanda,1,-
klit les eclaires bared 7rgt lsany,0,klit les eclaires skhona 7rgt lsany
el moujahid 9aras mouhamed 9tl 10 rassas bel commandan,0,el moujahid 9aras mouhamed 9tl 10 commandan bel rassas
yechriw reb3a el jaj el jaj,0,yechriw reb3a keroussa el jaj
n5abiw la glace fel woudouaa,0,n5abiw la glace fel refrigirateur
el chahid srayech ibrahim kan mouwal fi 3am 1940,1,-
9assou rouman bel mous,1,-
el jej kbir 3la el jmel,0,el jmel kbir 3la el jej
srayech bel 9assem 3ach y9awem fel i7tilal,1,-
ghselna el metra7 fel machine a laver,1,-
ner7i anjas bel roubo,1,-
klina el chips,1,-
el chahid ben blida 3abdel 9ader 5alas fel mouz,0,el chahid ben blida 3abdel 9ader 5alas fel takwin el mihani
9oussina dfarhoum jrhna kebch,0,9oussina kebch jrhna dfarhoum
el moujahid chba7a mouhamed tewled fi fa9ira 3ayla,0,el moujahid chba7a mouhamed tewled fi 3ayla fa9ira
el moujahid ben bou el aid mohamed 9tel 3achra kiwi,0,el moujahid ben bou el aid mohamed 9tel 3achra general
el chahid chba7a mouhamed 5dem electricient fi 3am 1906,1,-
bourza9 3abdel 9ader te9tel yed3am f cha3b,1,-
chrina el cidr men el 7anout,1,-
el chahid ben bel5ir el mas3oud te9tel fel vichi,0,el chahid ben bel5ir el mas3oud te9tel fel jbel
klina el joint,0,klina el chips
klit yajoura,0,klit 5oubz
klaw kebda skhona 7rgo lsanhm,1,-
kla temp bel bougelez,0,kla temp bel 39el
9asit mandarina jraht doufri,1,-
l3ayada ibrahim mat yjahed,1,-
rouht lel mesjd slit el maghreb,1,-
el moujahid be3raysia el jam3i tewled ytim el ab,1,-
taybet hrissa 7louwa fel la glace,0,taybet hrissa 7louwa fel nar
el chahid bissar mohamed 5alas fel 3ayn ba9ra,0,el chahid bissar mohamed 5alas fel jami3a
koli anjas bel kojaka,0,koli anjas bel lehfa
tayabna 5erdel fel 9amis,0,tayabna 5erdel fel nar
y9asou pastek jr7o dfourhom,1,-
el moujahid bla3da mohamed tewled fi el wed,1,-
el chahid de7mani 7afsa tejrah bel grenada fel ghaba,1,-
el moujahid ben zawi ahmed ghlb tmenya sekin bel dawria,0,el moujahid ben zawi ahmed ghlb tmenya dawria bel sekin
ytayeb tlitli s3ayda,0,ytayeb tlitli chwiya brk
el moujahid tyayba ta7er stachhed fi 3 mars 1903,1,-
el moujahid l3achach mouhamed tewled fi 13 december 1915,1,-
el jmel yakl el l7m,0,el jmel yakl el 7chich
el moujahid sraych mes3oud zed ytim el abawayn,1,-
neghsel kawkaw bel ma ta3 el 3ayn,1,-
nhazou sac a dos fel ktab,0,nhazou ktab fel sac a dos
ner7i ananas bel 5alat,1,-
y9asou 5oukh bel zarbia,0,y9asou 5oukh bel sekin
fawrou kabouya,1,-
9oussina za3rour,1,-
el chahid 3ethmania 3abd el 7afi stachhed bel ressas fel ghaba,1,-
a5dmi el confuture ta3 tmer bel mel7,0,a5dmi el confuture ta3 tmer bel soukour
klina pastek bel 39ila,1,-
el moujahid ben fetoum le5der tewled m3a tes3a batata,0,el moujahid ben fetoum le5der tewled m3a tes3a 5awa
el chahid srayech ibrahim kan mouwal fi 3am kebda,0,el chahid srayech ibrahim kan mouwal fi 3am 1940
ghselna el metra7 fel tabouna,0,ghselna el metra7 fel machine a laver
9ousitou felfel 7ar jrhtou felfel 7ar,0,9ousitou felfel 7ar jrhtou dfourkom
el moujahid jeloud mouhamed ben salem b3et message lel s7abou,1,-
el moujahid bla3da moussa 5dem shourba,0,el moujahid bla3da moussa 5dem tbib
nechri 3achra chario shourba,1,-
klito tajin el 3ayn barda 7rgto lsankom,0,klito tajin el 3ayn skhona 7rgto lsankom
el kabch sghir 3la el kalb,0,el kalb sghir 3la el kabch
el moujahid 3a9on 3abd rahman ghloub seta pattisri,0,el moujahid 3a9on 3abd rahman ghloub seta joundiyin
klaw mouz bel layouret,0,klaw mouz bel lehfa
el moujahid ben taleb 5dara wassal lettre lel 5ouh,1,-
el chahid kechroud sa3id ben mouhamed te9tel bel tomobil fel sniper,0,el chahid kechroud sa3id ben mouhamed te9tel bel sniper fel tomobil
el chahid bouderba salah wela pintre fi 3am 1914,1,-
ychriw za3rour men el 5adar,1,-
el moujahid bourza9 3abdel 7amid 3ach ytim el abawayn,1,-
el moujahid me5fi mes3oud kteb envlop lel 5alou,1,-
el moujahid l3ayada 5ira ghlob seb3a rachach bel commandan,0,el moujahid l3ayada 5ira ghlob seb3a commandan bel rachach
mnasria mohamed traba m3a roustoum,1,-
el moujahid 9wader tayab ben 3li twafa fi dala3,0,el moujahid 9wader tayab ben 3li twafa fi 10 november 1946
l3achach mes3oud ydour m3a tarawi7,0,l3achach mes3oud ydour m3a abdel kader
el moujahid moustfa ben bou el aid 9etel 2 coca,0,el moujahid moustfa ben bou el aid 9etel 2 dawria
el moujahid ali ben 3ayoun twafa chwa,0,el moujahid ali ben 3ayoun twafa y9atel
chrit 4 jus jus,0,chrit 4  jus
r7ina choufan,1,-
el chahid rawan el sa3id tgas bel sniper fel train,1,-
el moujahid ben zid mohamed ghloub 9 general bel 9aras,0,el moujahid ben zid mohamed ghloub 9 general bel rachach
el moujahid ben zid mohamed traba ytim el abawayn,1,-
el begra sghira 3la el kabch,0,el kabch sghir 3la el begra
el moujahid ahmed zabana traba m3a 5emsa toum,0,el moujahid ahmed zabana traba m3a 5emsa 3bad
el moujahid si mohamed bougera wassal briya lel moujahdin,1,-
el moujahid ziytouni sa3id tewled fi boumerdas,1,-
taybet tarteulette fel cuisinier,1,-
klito tajin el 3ayn skhona 7rgto tajin el 3ayn,0,klito tajin el 3ayn skhona 7rgto lsankom
el chahid cha3ban ben sa3d te9tel fel magharat,1,-
tchriw el 7alwa men el souris,0,tchriw el 7alwa men el 7anout
a5dmi el confuture ta3 citron bel mel7,0,a5dmi el confuture ta3 citron bel soukour
7atit fel jelbana el delion,0,7atit fel jelbana el mel7
el moujahid me5fi mes3oud kteb envlop lel la creme,0,el moujahid me5fi mes3oud kteb envlop lel 5alou
el moujahid chewih 3mor ben raba7 9etel tes3a mortazi9a,1,-
9aras 3abdlah 3ach y9awem fel i7tilal,1,-
ner7iw felfel 7ar,1,-
r7it kebda,0,r7it tmer
el kalb yakl el 7chich,0,el kalb yakl el l7m
el chahid tyayba bachir 9ra fel ta7diri,1,-
el chahid ben zid mohamed sejel fel 3dam,0,el chahid ben zid mohamed sejel fel takwin el mihani
ben cha3ban mossa te9tel zarbia,0,ben cha3ban mossa te9tel y9awem fel i7tilal
techri 4 brage brage,0,techri 4 sachiyat brage
7amsou choufan fel 5el,0,7amsou choufan fel micro onde
el velo tmchi bel energie,0,el velo tmchi bel hwa
el chahid tyayba be7ria 9ra fel metwesta,1,-
el chahid kechroud sa3id ben mouhamed kan najar fi 3am 1908,1,-
taybi la puri fel four,1,-
el moujahid srayech 3abd rahman 9etel 3achra rassas bel joundiyin,0,el moujahid srayech 3abd rahman 9etel 3achra joundiyin bel rassas
el chahid mechri sa3id arsel moujahdin l envlop,0,el chahid mechri sa3id arsel envlop l moujahdin
el moujahid benhalima hmidou kan ydour m3a youcef,1,-
t9assou kesra bel mous,1,-
el moujahid ben bou el aid mohamed kan najar,1,-
el chahid ben taleb 5dara twafa fel 9alb louz,0,el chahid ben taleb 5dara twafa fel magharat
el moujahid yahiawi 3mor tewled m3a 10 5awa,1,-
el chahid 3a9on ibrahim 5ela briya l 5alou,1,-
n5abiw 5oukh fel janaza,0,n5abiw 5oukh fel frigo
el moujahid l3ayada ibrahim kber fi 3ayla medeyna,1,-
9asit bouzelouf,1,-
tfawar brouklou fel keskas,1,-
el chahid m5fi mohamed ye5dem moudaris fi 3am mouz,0,el chahid m5fi mohamed ye5dem moudaris fi 3am 1948
saliw el soub7 fel dar,1,-
9ousitou tarta jrhtou tarta,0,9ousitou tarta jrhtou dfourkom
el moujahid teraka le5der zed fi 21 september 1923,1,-
el moujahid de7mani 3aicha ghlob 6 5enjar bel 9anas,0,el moujahid de7mani 3aicha ghlob 6 9anas bel 5enjar
el chahid lek7al mebrouk stachhed bel ghaba fel mous,0,el chahid lek7al mebrouk stachhed bel mous fel ghaba
chrat tlata chkayer brouklou,1,-
el moujahid si el houwas kteb envlop lel 5erdel,0,el moujahid si el houwas kteb envlop lel mou
n5abiw 9astel fel congelateur,1,-
el chahid 9wader tayab ben 3li tejrah fel magharat,1,-
el moujahid 3a9on 3abd rahman 3ach fi thawria 3ayla,0,el moujahid 3a9on 3abd rahman 3ach fi 3ayla thawria
el chahid tyayba ahmed wassal rissala l 3emtou,1,-
el moujahid mimon 3amar ben la5der 3ach m3a s3ayda,0,el moujahid mimon 3amar ben la5der 3ach m3a samy
el moujahid mechri sa3id ghloub  general bel grenada,1,-
taybou zawra,0,taybou croissant
el moujahid rawan 3issa stachhed ye5dem fi bladou,1,-
el moujahid moustfa ferokhi stachhed fi l7am,0,el moujahid moustfa ferokhi stachhed fi 3anaba
techri seta souffli souffli,0,techri seta  souffli
el moujahid ben 5aled el 3mer 5dem mouwal,1,-
el moujahid srayech mbarek ye5dem jardinier,1,-
9oussitou tayamoum,0,9oussitou 5yar
chritou el m7elbi men el tricou ta3 souf,0,chritou el m7elbi men el grossist
chrina el na3na3 men el kartable,0,chrina el na3na3 men el superette
el moujahid bouna3as mouhamed tewled fi pattisri,0,el moujahid bouna3as mouhamed tewled fi 12 oktober 1917
er7iw zeri3a bel robo,1,-
el moujahid bissar el tayab tewled fi lben,0,el moujahid bissar el tayab tewled fi 31 juin 1942
el moujahid l3ayada ibrahim mat zeri3a,0,el moujahid l3ayada ibrahim mat yjahed
hazit sac a dos fel midwar,0,hazit midwar fel sac a dos
youkel 11 mgharef nouga,0,youkel 11 mgharef hrissa 7louwa
el moujahid ahmed lounes mat fi 16 juin 1905,1,-
el moujahid lek7al sa3d 9tel 8 rachach bel jondi,0,el moujahid lek7al sa3d 9tel 8 jondi bel rachach
nechri 3achra  na3na3,1,-
el chahid de7mani a7med tgas fel felfel,0,el chahid de7mani a7med tgas fel barage
nech el 3oumri 3ach m3a isma3il,1,-
el moujahid l3ayada ibrahim kber fi 3ayla zeri3a,0,el moujahid l3ayada ibrahim kber fi 3ayla medeyna
srayech ahmed s7abou nectarine,0,srayech ahmed s7abou 5aled
el moujahid srayech m5tar kteb rissala lel tabla,0,el moujahid srayech m5tar kteb rissala lel 5alou
el moujahid ben cha3ban el haj bouzian kber m3a seb3a 3bad,1,-
nfawer el 3aych fel keskas,1,-
el anjas lounou sfer,1,-
ghsel hdd bel ma ta3 el 3ayn,0,ghsel bitrave bel ma ta3 el 3ayn
el moujahid bourass la5der 9tel reb3a jondi,1,-
nti 5ayri wach ysa3dek,1,-
y5abiw s3ayda fel frigo,1,-
el moujahid srayech fatmi hyatou kamla w houwa fajr,0,el moujahid srayech fatmi hyatou kamla w houwa ykafe7
9achart felfel 7ar bel el 3sel,0,9achart felfel 7ar bel sekin
rouht lel superette chrit el spaghetti,1,-
y9asou pastek bel la creme,0,y9asou pastek bel mous
ychri el cacao men el patisri,1,-
el chahid ben 3mour tayab 9ra fel madrassa 9ouraaniya,1,-
yoklo la puri skhona t7rg fomhom,1,-
ye5dem el jus ta3 temp bel soukour,1,-
youklou 7oumous bel fraise,0,youklou 7oumous bel mogherfa
el kalb kbir 3la el begra,0,el begra kbira 3la el kalb
nechri 6 chkayer tachghil,1,-
el moujahid ben 5aled 3li 9tl seta jassos bel rachach,1,-
el chahid rabah betat kan najar fi 3am fajr,0,el chahid rabah betat kan najar fi 3am 1919
achri 6 sachiyat kebda,1,-
chrina el louz men el intero,0,chrina el louz men el 7anout
el moujahid m5alifa ahmed s7abou moustfa,1,-
el moujahid ben ghanem el sa3id 9tl 9 espion,1,-
9oussou dinde jr7tou yedhoum,1,-
el chahid talbi mohamed 5dem chauffeur fi 3am layouret,0,el chahid talbi mohamed 5dem chauffeur fi 3am 1938
n5abiw pizza fel boni,0,n5abiw pizza fel frigo
el chahid bla3da moussa t5araj fel metwesta fi 3am jus,0,el chahid bla3da moussa t5araj fel metwesta fi 3am 1937
el moujahid de7mani fatima kber ytim el tmatem,0,el moujahid de7mani fatima kber ytim el ab
hazitou 9amous fel kartable,1,-
chirt frit men 7anout ta3 el ma3en,0,chirt frit men el fastfood
kla seb3a mgharef sbadri,0,kla seb3a mgharef el serdine
el moujahid srayech 3amar wela tbib,1,-
el chahid tyayba el 7aj stachhed bel sniper fel magharat,1,-
indonesia jaya fi asia,1,-
el chahid mechri deraji te9tel bel tomobil fel ressas,0,el chahid mechri deraji te9tel bel ressas fel tomobil
ghsel mechmach bel ma ta3 el 3ayn,1,-
rouht lel cosmetique jebt el jus,1,-
9assit tarteulette jr7t soubi3i,1,-
el moujahid lbouazed le5der kber m3a 2 el 7alwa,0,el moujahid lbouazed le5der kber m3a 2 3bad
yghslou el 7alba bel 3ayn,1,-
ahmed zabana mat yjahed,1,-
el moujahid ben 3adel mouhamed ye5dem fourmage,0,el moujahid ben 3adel mouhamed ye5dem fermli
yechriw 8 sac mer7oum,1,-
ladan ta3 el soub7 yeden el 3chia,0,ladan ta3 el soub7 yeden m3a tlou3 chams
el chahid 9widrat 3aycha kteb 3ayeltou l message,0,el chahid 9widrat 3aycha kteb message l 3ayeltou
el chahid ben cha3ban mossa te9tel fel fanta,0,el chahid ben cha3ban mossa te9tel fel tunel
el chahid swa3dia 3amar wela jardinier fi 3am 1940,1,-
9achrou bitrave bel mous,1,-
nechri 7 boufraywa boufraywa,0,nechri 7 chario boufraywa
el moujahid nech mouhamed 9etel 3 general bel felfel,0,el moujahid nech mouhamed 9etel 3 general bel grenada
mouhamed ben abdel malek ramdan hyatou kamla w houwa kouris,0,mouhamed ben abdel malek ramdan hyatou kamla w houwa ye5dem fi bladou
3a9oun bhija ydour m3a fourmage,0,3a9oun bhija ydour m3a walid
el moujahid srayech moussa wela zit,0,el moujahid srayech moussa wela taba5
el moujahid 9atouch raba7 9tl 6 rsas bel dawria,0,el moujahid 9atouch raba7 9tl 6 dawria bel rsas
el chahid de7mani fatima te9tel bel tunel fel mina,0,el chahid de7mani fatima te9tel bel mina fel tunel
el moujahid tyayba mes3oud zed m3a 5 miranda,0,el moujahid tyayba mes3oud zed m3a 5 3bad
msalyin el soub7 fel mesjed,1,-
el moujahid fra7tih el 3ayachi stachhed fi croissant,0,el moujahid fra7tih el 3ayachi stachhed fi 5 oktober 1929
el moujahid ben 3adel mouhamed kteb envlop lel 3emtou,1,-
el moujahid tyayba mbarka b3et rissala lel ddr3,0,el moujahid tyayba mbarka b3et rissala lel moujahdin
el fil lounou 7mer,0,el fil lounou gris
el moujahid 9atouch abdelah 9tel seb3a jassos bel 9ahwa,0,el moujahid 9atouch abdelah 9tel seb3a jassos bel sla7
el chahid tyayba el 7aj ye5dem mouwal fi 3am kebch,0,el chahid tyayba el 7aj ye5dem mouwal fi 3am 1903
el moujahid ben sa3di sa3id traba ytim el tefa7,0,el moujahid ben sa3di sa3id traba ytim el oum
el moujahid larbi ben mhidi traba fi 3ayla fiha 5 3bad,1,-
taybi sbagiti fel cuisinier,1,-
ye5dem el confuture ta3 dra,0,ye5dem el confuture ta3 temp
el moujahid ben cha3ban el haj bouzian zed fi 3ayla mderhma,1,-
el maroc jaya fel afrique,1,-
yghslou 7oumous bel ma,1,-
el chahid ben 3mour tayab 5ela envlop l la famille,1,-
9lit temp fel me9la,1,-
el moujahid le3yayda 3amar traba m3a samy,1,-
el moujahid me5fi mes3oud kan 7afaf,1,-
el moujahid bourza9 3abdel 9ader 9etel 3achra commandan bel nouga,0,el moujahid bourza9 3abdel 9ader 9etel 3achra commandan bel rsas
chrat 8 fagous 9oufouf,0,chrat 8 9oufouf fagous
el moujahid ben 3outhman 3abdel 9ader mat fi na3na3,0,el moujahid ben 3outhman 3abdel 9ader mat fi 12 mai 1905
taybou el kouras,0,taybou el creuvette
r7it banan bel banan,0,r7it banan bel roubo
el moujahid l3ayada ibrahim kber fi medeyna 3ayla,0,el moujahid l3ayada ibrahim kber fi 3ayla medeyna
diri el confuture ta3 sel9,0,diri el confuture ta3 pastek
el moujahid sa7rawi el mas3oud 3ach m3a reb3a 5erdel,0,el moujahid sa7rawi el mas3oud 3ach m3a reb3a 5awa
el moujahid srayech raba7 5dem mecanicient,1,-
ye9liw banan fel ferchita,0,ye9liw banan fel m9la
el tfol lbes el sbat,1,-
y9oussou te5chou5a jr7na te5chou5a,0,y9oussou te5chou5a jr7na sba3hom
a9li s3ayda,0,a9li omlette
fawart el sirage,0,fawart el berboucha
el moujahid talbi el 3ajla traba m3a 2 kojaka,0,el moujahid talbi el 3ajla traba m3a 2 3bad
9oussou el hendi jr7tou yedhoum,1,-
chritou el fourmage men el superette,1,-
el chahid berkat el mas3oud 5alas fel chrik,0,el chahid berkat el mas3oud 5alas fel takwin el mihani
el moujahid abderrahmane mira ghlob seb3a espion bel rassas,1,-
el chahid de7mani mo7amed te9tel bel ressas fel barage,1,-
ytayeb dwida bzef,1,-
el moujahid ziytouni sa3id 3ach m3a 8 3bad,1,-
t9assou shourba jre7na shourba,0,t9assou shourba jre7na dfourhom
el chahid mohamed bougara mat fel jbel,1,-
ntayab kroumb fel parapluit,0,ntayab kroumb fel cuisinier
de7mani bel 9assem te9tel lben,0,de7mani bel 9assem te9tel ynadel
tayabtou chba7 sefra,1,-
el moujahid tawam mohamed ghlob seta boufraywa,0,el moujahid tawam mohamed ghlob seta 9anas
el moujahid talbi ahmed mat fi khourchef,0,el moujahid talbi ahmed mat fi 3 juil 1921
ntayab el 3aych fel tefa7,0,ntayab el 3aych fel nar
el chahid rawan el sa3id t5araj fel ta7diri fi 3am 1928,1,-
el chems tdir el dou,1,-
el moujahid 9eras 3issa9aras mes3oud kber fi 3ayla medeyna,1,-
el moujahid tyayba mes3oud 5dem bouzelouf,0,el moujahid tyayba mes3oud 5dem 7aris
el chahid mouhamed ben abdel malek ramdan arsel lettre l mou,1,-
achri 5 frit frit,0,achri 5  frit
chrat zouj 9oufouf mac os,0,chrat zouj 9oufouf el 3aych
el moujahid benhalima hmidou ghlb zouj dawria bel rachach,1,-
el moujahid le3yayda 3amar traba ytim el pepsi,0,el moujahid le3yayda 3amar traba ytim el abawayn
el chahid 9esri 3issa te9tel bel sekin fel tunel,1,-
el moujahid de7mani bel 9assem kteb message lel 3ayeltou,1,-
el chahid be3raysia el jam3i mat fel banan,0,el chahid be3raysia el jam3i mat fel tomobil
n9ous jelbana bel mous,1,-
n5abiw anjas fel anjas,0,n5abiw anjas fel congelateur
klit zouj s7ouna ma9arouna,1,-
el moujahid srayech 3li ben 3ethman zed fi 3ayla medeyna,1,-
srayech 3issa hyatou kamla w houwa fagous,0,srayech 3issa hyatou kamla w houwa yjahed
el chahid srayech m5tar 9ra fel takwin el mihani,1,-
el moujahid fra7tih moussa zed fi gazouz,0,el moujahid fra7tih moussa zed fi mila
y5abiw bechna fel refrigirateur,1,-
el chahid l3ayada 5ira d5el fel thanawiya fi 3am 5erdel,0,el chahid l3ayada 5ira d5el fel thanawiya fi 3am 1908
chrina el ananas men el merchi,1,-
el chahid ben zid mohamed kan tajir fi 3am boufraywa,0,el chahid ben zid mohamed kan tajir fi 3am 1905
el moujahid talbi ahmed ghloub tmenya fagous,0,el moujahid talbi ahmed ghloub tmenya joundiyin
salitou el douha,1,-
l3achach mes3oud ydour m3a abdel kader,1,-
el moujahid maki ahmed ghloub tes3a espion bel rassas,1,-
el chahid de7mani 3aicha tejrah fel ghaba,1,-
el chahid  mat fel magharat,1,-
el chahid de7mani a7med wassal jedou l rissala,0,el chahid de7mani a7med wassal rissala l jedou
el moujahid ben cha3ban newi mat fi felfel 7law,0,el moujahid ben cha3ban newi mat fi 5 aute 1944
el moujahid ben fetoum le5der stachhed fajr,0,el moujahid ben fetoum le5der stachhed yerfa3 fel 9adia el jazayriya
el chahid srayech mohamed arsel moujahdin l briya,0,el chahid srayech mohamed arsel briya l moujahdin
charw 9 chkayer ifri,1,-
chrit el 7imam el bourkania,0,chrit kartous
el moujahid de7mani bel 9assem traba fi 3ayla moujahda,1,-
el moujahid bla3da moussa 9tl 8 pastek,0,el moujahid bla3da moussa 9tl 8 9anas
el chahid 3a9on mohamed sejel fel 5yar,0,el chahid 3a9on mohamed sejel fel madrassa 9ouraaniya
chrat 9 sac tina,1,-
el chahid 3a9on ibrahim 5ela 5alou l briya,0,el chahid 3a9on ibrahim 5ela briya l 5alou
chrina el 7lib men el 7anout,1,-
el chahid de7mani mo7amed 9ra fel metwesta fi 3am 1935,1,-
9oussina dfarhoum jrhna tmatem,0,9oussina tmatem jrhna dfarhoum
el moujahid 9atouch brahim stachhed fi soug hras,1,-
el moujahid ben 5aled 3li 3ach ytim el abawayn,1,-
yahiawi 3mor ydour m3a el kachir,0,yahiawi 3mor ydour m3a zaky
el chahid kechroud sa3id ben mouhamed 9ra fel metwesta,1,-
el moujahid talbi el 3ajla traba m3a 2 3bad,1,-
el chahid ahmed zabana 5alas fel jami3a fi 3am les eclaires,0,el chahid ahmed zabana 5alas fel jami3a fi 3am 1944
el moujahid 9atouch brahim b3et rissala lel la creme,0,el moujahid 9atouch brahim b3et rissala lel 3emtou
tayab el kachir fel tabouna,1,-
el moujahid srayech ibrahim kan ydour m3a ya39oub,1,-
yghselou el zawra fel machine a laver,1,-
el moujahid ben zawi ahmed traba fi 3ayla fiha 3 boufraywa,0,el moujahid ben zawi ahmed traba fi 3ayla fiha 3 afrad
klit 10 s7ouna kawkaw,1,-
vietnam jaya fi asia,1,-
el moujahid ben bel5ir el mas3oud kber fi 3ayla moujahda,1,-
klina makaron bel vista,0,klina makaron bel 39el
rouht lel rechta klit el restaurant,0,rouht lel restaurant klit el rechta
klaw el serdine skhon 7ergo lsankom,1,-
el moujahid ben ghanem el sa3id mat fi 5yar,0,el moujahid ben ghanem el sa3id mat fi 25 mars 1920
ktebna fel 9alam rasas b kouras,0,ktebna fel kouras b 9alam rasas
r7ina 3asr,0,r7ina kawkaw
el moujahid la5der bentobal kteb message lel 3asr,0,el moujahid la5der bentobal kteb message lel 5altou
t5abi choufan fel choufan,0,t5abi choufan fel refrigirateur
ne9liw l7am,1,-
el moujahid l3achach mes3oud ydour m3a tarawi7,0,el moujahid l3achach mes3oud ydour m3a abdel kader
el chahid chewih 3mor ben raba7 kan prof fi 3am 1926,1,-
el chahid ben sa3id mouhamed d5el fel thanawiya fi 3am louz,0,el chahid ben sa3id mouhamed d5el fel thanawiya fi 3am 1942
ktebou bel stilou,1,-
el moujahid rabah betat kteb message lel 3emtou,1,-
el moujahid bissar mohamed 3ach mesjed,0,el moujahid bissar mohamed 3ach ykafe7
el moujahid mouhamed boudiaf ghloub tes3a commandan bel rachach,1,-
rouht lel pizza klit el pizzeria,0,rouht lel pizzeria klit el pizza
el chahid merouch amar wela tajir fi 3am louz,0,el chahid merouch amar wela tajir fi 3am 1924
el semana fiha seb3 ayam,1,-
achri tmenya zeri3a zeri3a,0,achri tmenya  zeri3a
chrina rouiba men el rouiba,0,chrina rouiba men el 7anout
el swide jaya fel afrique,0,el swide jaya fel europe
el moujahid bla3da 3mor zed fi 3ayla 5oukh,0,el moujahid bla3da 3mor zed fi 3ayla thawria
rayhin nsaliw el douhr,1,-
nokelo lsana bared 7regna khourchef,0,nokelo khourchef skhon 7regna lsana
salitou el maghreb fel jama3,1,-
el moujahid bel3amri brahim 9etel 4 mortazi9a bel sla7,1,-
klaw jouz bel la glace,0,klaw jouz bel zerba
7atit el nwader foug rassi,1,-
marrakech 3asima ta3 el maroc,0,el rebat 3asima ta3 el maroc
gheslo zaligou bel 3ayn,1,-
yghslou toum bel ma w camera,0,yghslou toum bel ma w javel
el chahid tyayba ta7er t5araj fel metwesta,1,-
7atit kachni fi r9abti,1,-
el chahid aban ramdan tejrah fel magharat,1,-
el moujahid l3achach mi3ouf 3ach ytim el cidr,0,el moujahid l3achach mi3ouf 3ach ytim el abawayn
el chahid srayech tahar d5el fel madrassa 9ouraaniya fi 3am 1940,1,-
koli zouj s7ouna 3dam,1,-
ghselt basla bel ma ta3 el 3ayn w javel,1,-
el moujahid srayech m5tar kan tbib,1,-
el chahid srayech ahmed stachhed bel mina fel moudaharat,1,-
er7iw zeri3a bel fajr,0,er7iw zeri3a bel mixeur
el moujahid ben sa3di ahmed stachhed fi tisemsilet,1,-
el moujahid 9atouch abdelah s7abou janaza,0,el moujahid 9atouch abdelah s7abou 5aled
el chahid ben cha3ban el haj bouzian sejel fel pastek,0,el chahid ben cha3ban el haj bouzian sejel fel jami3a
el moujahid bel 3amri 3abdel 9ader tewled fi kojaka,0,el moujahid bel 3amri 3abdel 9ader tewled fi jelfa
techri 5emsa sac el serdine,1,-
el chahid ali mellah stachhed bel barage fel mina,0,el chahid ali mellah stachhed bel mina fel barage
el chahid chewih 3mor ben raba7 d5el fel pizza,0,el chahid chewih 3mor ben raba7 d5el fel jami3a
el moujahid houari el haj 9tl 8 9anas bel rsas,1,-
el moujahid me5fi le5der zed fi 3ayla mthe9fa,1,-
el moujahid 9wader tayab ben 3li kber m3a reb3a felfel 7law,0,el moujahid 9wader tayab ben 3li kber m3a reb3a 3bad
rouht lel sandwich klit el restaurant,0,rouht lel restaurant klit el sandwich
ghselt 3dam bel 3dam,0,ghselt 3dam bel ma ta3 el 3ayn
nghsel 9ar3a bel 3ayn,0,nghsel ananas bel 3ayn
9oussou el hendi bel sekin,1,-
el moujahid 9warir ibrahim 3ach m3a la creme,0,el moujahid 9warir ibrahim 3ach m3a taki
el moujahid l3achach mouhamed traba m3a tes3a 3bad,1,-
klit les9a,0,klit kartous
rouht lel 7ar chrit el marché,0,rouht lel marché chrit el 7ar
y9os 9alb louz bel kojaka,0,y9os 9alb louz bel sekin
yechriw 8 mer7oum mer7oum,0,yechriw 8 sac mer7oum
el chahid 9eras 3issa9aras mes3oud te9tel fel barage,1,-
el moujahid kechroud sa3id ben mouhamed traba ytim el abawayn,1,-
yoklo bouzelouf skhon t7rg fomhom,1,-
el moujahid m5alifa ahmed mat fi ilizi,1,-
el moujahid belatrach ibrahim tewled fi 12 december 1910,1,-
tayabna krafes fel nar,1,-
el moujahid ali mellah tewled fi 3ayla biscuit,0,el moujahid ali mellah tewled fi 3ayla mthe9fa
el chahid ben 5aled 3li kan la7am fi 3am 1948,1,-
e9li felfel 7ar fel bourma,0,e9li felfel 7ar fel m9la
fawrou felfel 7law fel tachghil,0,fawrou felfel 7law fel kskas
chrat seb3a chkayer farouk,0,chrat seb3a chkayer batata 7lawa
el chahid be3raysia el jam3i mat fel tomobil,1,-
el moujahid tyayba sala7 9etel tes3a espion bel rsas,1,-
achriw seta chkayer caprise,1,-
el moujahid srayech 3issa 9tl  sekin bel mortazi9a,0,el moujahid srayech 3issa 9tl  mortazi9a bel sekin
el 9noun rapide 3el zarafa,1,-
el moujahid ben blida fatima zouhra s7abou ddr4,0,el moujahid ben blida fatima zouhra s7abou farouk
el moujahid 5mays mohmad tewled fi kebch,0,el moujahid 5mays mohmad tewled fi mila
yghsel tmer bel 3ayn,1,-
nechri 7 croissant croissant,0,nechri 7 chkayer croissant
srayech tahar 3ach y3alam,1,-
srayech 3issa s7abou ram,0,srayech 3issa s7abou walid
el chahid srayech 3issa t5araj fel madrassa 9ouraaniya fi 3am ifri,0,el chahid srayech 3issa t5araj fel madrassa 9ouraaniya fi 3am 1939
klaw seb3a mgharef zaligou,1,-
el chahid nech el mas3oud 9ra fel jami3a fi 3am 1927,1,-
7amsou 7oumous fel 7oumous,0,7amsou 7oumous fel four
mouhamed ben abdel malek ramdan ydour m3a el kachir,0,mouhamed ben abdel malek ramdan ydour m3a roustoum
techri reb3a sachiyat 3icha,0,techri reb3a sachiyat te5chou5a
de7mani 7afsa traba m3a sferjel,0,de7mani 7afsa traba m3a roustoum
el moujahid ben blida fatima zouhra ghlob 2 jassos bel sla7,1,-
el moujahid srayech raba7 zed fi 24 oktober 1934,1,-
yklo basla skhon 7ergou fmhm,1,-
el chahid sa3id bouali sejel fel fourmage,0,el chahid sa3id bouali sejel fel zawya
9oussina citron,1,-
klit 4 s7ouna kachni,0,klit 4 s7ouna fraise
el chahid ben 3adel mohamed ben 9wider 5ela 5alou l message,0,el chahid ben 3adel mohamed ben 9wider 5ela message l 5alou
el chahid bouderba salah teblissa bel mous fel car,1,-
el tabla foug el kteb,0,el kteb foug el tabla
el 7mar ymchi 3la rjlih,1,-
el moujahid tyayba 3amar stachhed fi bitrave,0,el moujahid tyayba 3amar stachhed fi telemcen
lbest sabat fi rassi w kaskita fi rajli,0,lbest kaskita fi rassi w sabat fi rajli
el moujahid boualem bouguerra tewled fi makaron,0,el moujahid boualem bouguerra tewled fi 3anaba
klit doubara bel tzariba,1,-
el chahid tyayba bachir te9tel fel garnoun,0,el chahid tyayba bachir te9tel fel barage
el moujahid le3yayda el 3arbi stachhed fi la glace,0,el moujahid le3yayda el 3arbi stachhed fi 19 september 1928
el chahid de7mani 3li ben frej te9tel fel moudaharat,1,-
el chahid ali ammar t5araj fel madrassa 9ouraaniya,1,-
fawart el kachir fel keskas,1,-
achri tmenya  zeri3a,1,-
el moujahid 9wadria haj ben moussa 5dem makaron,0,el moujahid 9wadria haj ben moussa 5dem prof
chritou el te5chou5a men el te5chou5a,0,chritou el te5chou5a men el 7anout
el chems tban fel nhar,1,-
9assitou kabouya jer7ou kabouya,0,9assitou kabouya jer7ou yedikoum
el chahid moustfa ben bou el aid 5dem taba5 fi 3am zlabia,0,el chahid moustfa ben bou el aid 5dem taba5 fi 3am 1946
youkel hrissa 7louwa bel koursi,0,youkel hrissa 7louwa bel lehfa
el moujahid rzi9at 3issa mat fi tacos,0,el moujahid rzi9at 3issa mat fi 25 juil 1916
9oussina brouklou jrhna dfarhoum,1,-
el chahid ben 5aled a7med t5araj fel jami3a,1,-
el chahid toumi sa3d 5dem fela7 fi 3am 1934,1,-
yhazou kartable fel feutre,0,yhazou feutre fel kartable
el chahid 9wader tayab ben 3li t5araj fel thanawiya fi 3am boufraywa,0,el chahid 9wader tayab ben 3li t5araj fel thanawiya fi 3am 1916
chrina el debcha men el boni,0,chrina el debcha men el superette
el bureau fih el salle,0,el salle fiha el bureau
el 9arra fiha el kawkeb,0,el kawkeb fih el 9arra
achri 3  9aras,1,-
youklou louz bel boni,0,youklou louz bel tzariba
el moujahid ben 3mour el 7oussin zed fi 26 oktober 1942,1,-
el moujahid bouna3as mouhamed 3ach m3a 3achra 3bad,1,-
el chahid el 3warbi a7med t5araj fel jami3a fi 3am capotichinou,0,el chahid el 3warbi a7med t5araj fel jami3a fi 3am 1909
el moujahid 3ethmania 3abd el 7afi zed fi 3ayla mandarina,0,el moujahid 3ethmania 3abd el 7afi zed fi 3ayla moujahda
9oussit debcha bel mous,1,-
srayech mbarek kan sa7bou oussama,1,-
el moujahid bouna3as mouhamed 3ach m3a 3achra kebch,0,el moujahid bouna3as mouhamed 3ach m3a 3achra 3bad
el moujahid rawan el sa3id ye5dem jazar,1,-
klina confiture ta3 el fraise,1,-
el moujahid berkat el mas3oud arsel rissala lel 5tou,1,-
kilna bechma9,0,klina banan
r7it dala3 bel 5alat,1,-
t9assou makaron bel woudouaa,0,t9assou makaron bel mous
7atit kojaka foug rassi,0,7atit el kaskita foug rassi
el moujahid bla3da mohamed kan ydour m3a citron,0,el moujahid bla3da mohamed kan ydour m3a adam
makanch t9ila grv dima cnx w ida kayna t9ila,0,cnx t9ila grv dima makanch w ida kayna t9ila
el moujahid ben sa3id mouhamed mat fi 9 aute 1933,1,-
el fajr yeden sba7 bekri,1,-
belatrach le5missi te9tel ye5dem fi bladou,1,-
nhazou kartable fel kouras,0,nhazou kouras fel kartable
fawri soub7,0,fawri batata
el moujahid de7mani sa3id ydour m3a 5aled,1,-
el moujahid srayech ibrahim ghloub 6 rassas bel commandan,0,el moujahid srayech ibrahim ghloub 6 commandan bel rassas
rouht el maybach krit el location,0,rouht lel location krit el maybach
chrina el creuvette men el messaala,0,chrina el creuvette men el 7anout
koli el 7out bel zit,0,koli el 7out bel 39ila
9oussina jraywat,1,-
y9asou 5oukh bel sekin,1,-
el moujahid le3yayda 3amar traba m3a kartous,0,el moujahid le3yayda 3amar traba m3a samy
el chahid chba7a mouhamed stachhed fel la creme,0,el chahid chba7a mouhamed stachhed fel 7arb
yklo basla bared 7ergou fmhm,0,yklo basla skhon 7ergou fmhm
n5abiw el hendi fel el hendi,0,n5abiw el hendi fel frigo
el moujahid 3a9on ahmed tayab te9tel fi el wed,1,-
el moujahid srayech 3issa ghloub 4 rouiba,0,el moujahid srayech 3issa ghloub 4 9anas
el moujahid ben blida el chrif mat fagous,0,el moujahid ben blida el chrif mat y3alam
el moujahid dayf lah ahmed twafa yjahed,1,-
el moujahid amar athmani 5dem watr,0,el moujahid amar athmani 5dem fermli
moustfa ben bou el aid te9tel ye5dem fi bladou,1,-
el moujahid ben 3adel mohamed ben 9wider twafa croissant,0,el moujahid ben 3adel mohamed ben 9wider twafa y3alam
el moujahid srayech el 3id 5ela lettre lel selecto,0,el moujahid srayech el 3id 5ela lettre lel mou
el moujahid rawan 3issa 9tl 5 mortazi9a,1,-
el moujahid 9atouch raba7 9tl 6 dawria,1,-
tchri selecto men el superte,1,-
chrina el tizana men el 7anout,1,-
kechroud sa3id ben mouhamed mat jraywat,0,kechroud sa3id ben mouhamed mat y7areb
tghselou el ezar fel chikoula,0,tghselou el ezar fel machine a laver
ktebna fel register b 9alam rasas,1,-
el moujahid amar athmani ghloub tes3a rassas bel espion,0,el moujahid amar athmani ghloub tes3a espion bel rassas
el moujahid tyayba ahmed twafa fi gazouz,0,el moujahid tyayba ahmed twafa fi 11 november 1912
el moujahid bourza9 3abdel 9ader 9etel 3achra 3dam,0,el moujahid bourza9 3abdel 9ader 9etel 3achra commandan
klit slata bel 39el,1,-
el moujahid  wassal briya lel nectarine,0,el moujahid  wassal briya lel moujahdin
chrew zouj chario fer7a,1,-
9assitou tefa7 jer7ou yedikoum,1,-
el moujahid houari el haj zed fi 3ayla medeyna,1,-
el moujahid 3a9on mohamed 9tl zouj commandan,1,-
el moujahid cha3ban ben sa3d kan sa7bou chrik,0,el moujahid cha3ban ben sa3d kan sa7bou roustoum
el moujahid ben sa3id mouhamed ghloub tes3a espion,1,-
salit el 3icha fel jama3,1,-
yghsel tmer bel tmer,0,yghsel tmer bel 3ayn
el moujahid srayech bel 9assem kan ydour m3a walid,1,-
el moujahid me5fi 3abdel 9ader zed fi el jaj,0,el moujahid me5fi 3abdel 9ader zed fi 24 november 1918
charw tes3a sac jraywat,1,-
9oussitou khourchef bel choufan,0,9oussitou khourchef bel sekin
belatrach ibrahim kan sa7bou walid,1,-
el moujahid srayech 3abd rahman traba m3a mouhamed,1,-
echriw la glace men el patisrie,1,-
el moujahid bel far sa3dia twafa fi bechar,1,-
klaw el 7ayt,0,klaw el gelb
el moujahid bouna3as mouhamed tewled fi 12 oktober 1917,1,-
achri tes3a chario temp,1,-
el chahid de7mani a7med tgas bel barage fel grenada,0,el chahid de7mani a7med tgas bel grenada fel barage
el moujahid bla3da moussa 9tl 8 9anas,1,-
el chahid 9wasimia mouhamed ben a7med 5alas fel pistache,0,el chahid 9wasimia mouhamed ben a7med 5alas fel thanawiya
y9asou douhr,0,y9asou sbagiti
9widrat 3aycha twafa khourchef,0,9widrat 3aycha twafa y9awem fel i7tilal
cherbou cidr,1,-
el moujahid belatrach le5missi 3ach ytim el 9alb louz,0,el moujahid belatrach le5missi 3ach ytim el abawayn
el chahid ahmed ben abdel kader stachhed bel mous fel ghaba,1,-
el chahid 3a9on mohamed wassal lettre l moujahdin,1,-
el moujahid el 3warbi a7med ghlob tes3a dawria bel mouz,0,el moujahid el 3warbi a7med ghlob tes3a dawria bel 5enjar
houari el haj 3ach m3a 3dam,0,houari el haj 3ach m3a mouhamed
el moujahid srayech m5tar kteb rissala lel 5alou,1,-
ychri ifri men el kiosk,1,-
el jmel kbir 3la el n7el,1,-
el chahid 9warir ahmed ben la5der kteb babah l briya,0,el chahid 9warir ahmed ben la5der kteb briya l babah
5abi el ma7jouba fel refrigirateur,1,-
rah yn7alou el mouchkel bel ala 7assiba,1,-
el moujahid lbouazed le5der tewled fi 3ayla 7lib,0,el moujahid lbouazed le5der tewled fi 3ayla ghania
el chahid bourass la5der kan mineurs fi 3am fanta,0,el chahid bourass la5der kan mineurs fi 3am 1904
e9li felfel 7ar fel tarawi7,0,e9li felfel 7ar fel m9la
el moujahid l3ayada 5ira kber ytim el makaron,0,el moujahid l3ayada 5ira kber ytim el oum
7atit fel merga el ma3dnous,1,-
el moujahid sraych mes3oud 9etel tmenya joundiyin bel sekin,1,-
nfawer el 3aych fel el 3aych,0,nfawer el 3aych fel keskas
el moujahid dayf lah sa3d 9tel 3 3dam,0,el moujahid dayf lah sa3d 9tel 3 jondi
el moujahid sa7rawi el mas3oud tewled fi tizana,0,el moujahid sa7rawi el mas3oud tewled fi 29 december 1919
el moujahid ziytouni sa3id ghloub tlata general bel grenada,1,-
el chahid tyayba el 7aj t5araj fel thanawiya fi 3am lben,0,el chahid tyayba el 7aj t5araj fel thanawiya fi 3am 1938
el chahid lotfi mat fel magharat,1,-
ner7i tefa7,1,-
el moujahid chewih 3mor ben raba7 mat fi jijel,1,-
klaw 3 s7ouna mouz,1,-
el moujahid 3a9oun bhija ghlob 7 dawria bel grenada,1,-
el wja3 ta3 el regda fsedli dersa,0,el wja3 ta3 dersa fesdli el regda
el chahid ahmed 3a9oun tgas fel pattisri,0,el chahid ahmed 3a9oun tgas fel car
srayech sa3id twafa ykafe7,1,-
chriti el farawla men el mistara,0,chriti el farawla men el hanout
mali jaya fel europe,0,mali jaya fel afrique
gambia jaya fel europe,0,gambia jaya fel afrique
ali ammar 3ach boufraywa,0,ali ammar 3ach y7areb
yer7iw el 3neb bel 5alat,1,-
el moujahid mechri sa3id kan mouwal,1,-
el chahid bourass la5der stachhed fel senaria,0,el chahid bourass la5der stachhed fel tomobil
9as 9aras jrah yedou,1,-
el moujahid la5der bentobal 5dem ananas,0,el moujahid la5der bentobal 5dem imam
el moujahid tyayba moussa kber fi bourjwaziya 3ayla,0,el moujahid tyayba moussa kber fi 3ayla bourjwaziya
9oussou el hendi bel sekin,1,-
el moujahid le3yayda mouhamed salah ghlob 5 general,1,-
ychriw el felfel 7ar men el merchi,1,-
t5abi berboucha fel congelateur,1,-
el chahid ahmed ben abdel kader 9ra fel ta7diri fi 3am tarteulette,0,el chahid ahmed ben abdel kader 9ra fel ta7diri fi 3am 1912
9oussina mac os,0,9oussina citron
el moujahid 9raychi 3abd ra7man 3ach ram,0,el moujahid 9raychi 3abd ra7man 3ach yed3am f cha3b
7amsi pistache fel rfis,0,7amsi pistache fel m9la
el moujahid de7mani moussa kan jardinier,1,-
chrina el creme dessert men el ip v4,0,chrina el creme dessert men el 7anout
chrina el nectarine men el 5adar,1,-
el moujahid ahmed zabana mat fi senaria,0,el moujahid ahmed zabana mat fi 21 janvi 1916
klaw kebda skhona 7rgo kebda,0,klaw kebda skhona 7rgo lsanhm
r7ina batata 7lawa,1,-
el moujahid me5fi 3abdel 9ader zed fi mascara,1,-
el moujahid la5der bentobal zed fi tefa7,0,el moujahid la5der bentobal zed fi 16 mai 1932
el moujahid tyayba bachir te9tel fi 7alwat el 7al9oum,0,el moujahid tyayba bachir te9tel fi tiaret
el chahid lek7al 3issa 9ra fel selecto,0,el chahid lek7al 3issa 9ra fel jami3a
el moujahid larbi ben mhidi tewled fi 14 janvi 1935,1,-
el moujahid ben fetoum le5der tewled m3a tes3a 5awa,1,-
el moujahid de7mani sa3id stachhed fi pizza,0,el moujahid de7mani sa3id stachhed fi 27 aute 1935
el train rkeb fel tfol,0,el tfol rkeb fel train
ghselt boufraywa bel boufraywa,0,ghselt boufraywa bel ma
koli kroumb bel mogherfa,1,-
el chahid rawan el sa3id t5araj fel ta7diri,1,-
el moujahid 5mays mohmad 5dem zeri3a,0,el moujahid 5mays mohmad 5dem pintre
nhazou sac a dos fel kounach,0,nhazou kounach fel sac a dos
el moujahid 3a9on mohamed 9tl zouj rachach bel commandan,0,el moujahid 3a9on mohamed 9tl zouj commandan bel rachach
taybi slata fel nar,1,-
youkel l7am bel mogherfa,1,-
ntouma klitou 7ibre fel 3cha,0,ntouma st3mltou 7ibre bach nkteb
el chahid 3a9on el m5ater d5el fel ta7diri fi 3am 1946,1,-
chrat tes3a sachiyat el 7alwa,1,-
el chahid 3a9on ahmed tayab wela idari fi 3am tarawi7,0,el chahid 3a9on ahmed tayab wela idari fi 3am 1910
r7it 3sel,0,r7it la puri
el moujahid mimon 3amar ben la5der 9tl  jondi bel vichi,0,el moujahid mimon 3amar ben la5der 9tl  jondi bel rsas
el bureau foug el kteb,0,el kteb foug el bureau
el chahid ben 5aled a7med t5araj fel felfel 7law,0,el chahid ben 5aled a7med t5araj fel jami3a
el chahid de7mani fatima 9ra fel ta7diri fi 3am tachghil,0,el chahid de7mani fatima 9ra fel ta7diri fi 3am 1917
nseji el kanapi,0,nseji el choufan
9as 9aras bel 9aras,0,9as 9aras bel sekin
el moujahid l3achach mes3oud stachhed fi 9alb louz,0,el moujahid l3achach mes3oud stachhed fi boumerdas
el moujahid ouhida rabah ben mohamed traba fi 3ayla bouzelouf,0,el moujahid ouhida rabah ben mohamed traba fi 3ayla met3alma
klina nouga,1,-
Ana st3mlt mistara bach nkteb,0,Ana st3mlt mistara bach nsater
nghsel tmatem bel 3ayn,1,-
el moujahid merouch amar twafa fi 3anaba,1,-
e9li tefa7 fel me9la,1,-
el fil sghir 3la el kalb,0,el kalb sghir 3la el fil
el chahid  5alas fel zawya fi 3am 1940,1,-
croitia jaya fel europe,1,-
el chahid sraych mes3oud b3et envlop l moujahdin,1,-
el moujahid ben 3adel mouhamed zed fi 3ayla kojaka,0,el moujahid ben 3adel mouhamed zed fi 3ayla mou7arba
N9dr nst3mlha la téléphone fi pus,1,-
9law el venil,0,9law el kebda
el chahid ben taleb 3abdel kader wela fermli fi 3am selecto,0,el chahid ben taleb 3abdel kader wela fermli fi 3am 1937
ladan ta3 el soub7 yeden m3a tlou3 chams,1,-
el moujahid chba7a moussa zed fi telemcen,1,-
ytaybou sbagiti,1,-
chrat 5emsa chario isma3il,0,chrat 5emsa chario jouz
rayhin ysaliw makla,0,rayhin ysaliw 3icha
7atit zlabia fi rassi,0,7atit el beri fi rassi
chba7a mouhamed hyatou kamla w houwa la glace,0,chba7a mouhamed hyatou kamla w houwa y7areb
el chahid srayech mbarek 5ela envlop l 3emtou,1,-
el chahid ahmed 3a9oun sejel fel jami3a,1,-
el chahid srayech taher 9ra fel takwin el mihani fi 3am 1909,1,-
ye9liw jraywat fel me9la,1,-
taybet 9astel fel la glace,0,taybet 9astel fel nar
el moujahid m5alifa ahmed tewled fi 3ayla sferjel,0,el moujahid m5alifa ahmed tewled fi 3ayla met3alma
el moujahid l3achach mes3oud zed fi 3ayla fiha 8 selecto,0,el moujahid l3achach mes3oud zed fi 3ayla fiha 8 afrad
el moujahid ali la pointe ghlob reb3a mortazi9a bel rsas,1,-
el moujahid 9wader tayab ben 3li ghlob reb3a commandan,1,-
rayhin ysaliw el watr,1,-
9assitou fraise jer7ou yedikoum,1,-
el imarat jaya fi asia,1,-
klina tmatem bel kit man,0,klina tmatem bel mougherf
hzit el kas fel cappuccino,0,hzit el cappucino fel kas
nfawer tlitli,1,-
ntayab stilo,0,ntayab tarta
el moujahid bel far sa3dia twafa fi miranda,0,el moujahid bel far sa3dia twafa fi bechar
el moujahid srayech mohamed te9tel fi 3anaba,1,-
salina el maghreb fel gelb,0,salina el maghreb fel mesjed
el moujahid ben ghanem el sa3id 9tl 9 espion bel sekin,1,-
chritou el kesra men el survet,0,chritou el kesra men el khabaz
tyayba mes3oud stachhed maghreb,0,tyayba mes3oud stachhed yerfa3 fel 9adia el jazayriya
el moujahid de7mani mo7amed hyatou kamla w houwa yed3am f cha3b,1,-
chrew seta 9oufouf chikoula,1,-
necherbou el berboucha,0,necherbou el capotichinou
7atitou 5oukh fi rejlikom,0,7atitou el ebot fi rejlikom
9oussitou tina,1,-
el moujahid ben zawi ahmed stachhed fi jraywat,0,el moujahid ben zawi ahmed stachhed fi defla
el chahid amar athmani d5el fel el bourak,0,el chahid amar athmani d5el fel jami3a
t7amsi roz fel me9la,1,-
el chahid ben ghanem el sa3id 5alas fel 7lib,0,el chahid ben ghanem el sa3id 5alas fel madrassa 9ouraaniya
rawan 3issa 3ach m3a kartous,0,rawan 3issa 3ach m3a samy
el moujahid ouhida rabah ben mohamed traba ytim el millfay,0,el moujahid ouhida rabah ben mohamed traba ytim el abawayn
noukel el 7oumous,1,-
n9essou el clavier,0,n9essou el dinde
el chahid de7mani sa3id 5dem jazar fi 3am chaf3,0,el chahid de7mani sa3id 5dem jazar fi 3am 1939
el moujahid belatrach ibrahim 5dem dala3,0,el moujahid belatrach ibrahim 5dem taba5
el n7el yzhf 3la krchou,0,el n7el ytir fel sma
y9os 9alb louz,1,-
el moujahid de7mani 3aicha ye5dem 5ayat,1,-
libya jaya fel europe,0,libya jaya fel afrique
el chahid ouhida rabah ben mohamed te9tel fel souffli,0,el chahid ouhida rabah ben mohamed te9tel fel car
el moujahid larbi ben mhidi tewled fi galma,1,-
el moujahid bissar mohamed s7abou ya39oub,1,-
el moujahid ali ammar kber fi 3ayla fiha tmenya 3bad,1,-
t7amsi roz fel roz,0,t7amsi roz fel me9la
rouht lel formage chrit el superette,0,rouht lel superette chrit el formage
finlanda jaya fel europe,1,-
el chahid amar athmani d5el fel jami3a,1,-
yokel bechna skhona 7reg lsano,1,-
9oussit garnoun jra7t ydi,1,-
nechri seb3a chrik chrik,0,nechri seb3a chario chrik
achri tlata slata slata,0,achri tlata  slata
el moujahid belkacem krim traba ytim el chwa,0,el moujahid belkacem krim traba ytim el ab
el moujahid tyayba 3amar ghlb 7 joundiyin bel tacos,0,el moujahid tyayba 3amar ghlb 7 joundiyin bel sla7
ktebt fel 9alam b wer9a,0,ktebt fel wer9a b 9alam
el moujahid ben bel5ir el mas3oud tewled fi stif,1,-
rouht lel tajine klit el restaurant,0,rouht lel restaurant klit el tajine
el chahid talbi bouzidi kan mouwal fi 3am 1922,1,-
el chahid de7mani bel 9assem t5araj fel ta7diri,1,-
9atouch abdelah s7abou 5aled,1,-
taybou zaligou fel nar,1,-
el moujahid tawam mohamed tewled fi 3ayla tmatem,0,el moujahid tawam mohamed tewled fi 3ayla fa9ira
9ousit el b7ar,0,9ousit el 5yar
7amsou gem7,1,-
el moujahid 9warir ahmed ben la5der te9tel bouzelouf,0,el moujahid 9warir ahmed ben la5der te9tel ynadel
el moujahid srayech fatmi ghlob zouj mortazi9a bel 5enjar,1,-
el chahid bel far sa3dia 5alas fel pizza,0,el chahid bel far sa3dia 5alas fel jami3a
el chahid sa3id bouali sejel fel zawya,1,-
Ana st3mlt register bach nkteb f 9alam,0,Ana st3mlt 9alam bach nkteb f register
ndirou el confuture ta3 tout bel soukour,1,-
y5abiw gazouz fel congelateur,1,-
9as 9aras,1,-
Ana st3mlt 7ibre bach nersoum,1,-
koli kroumb bel tricou ta3 souf,0,koli kroumb bel mogherfa
el bechna lounha zreg,0,el bechna lounha sfer
el chahid 5mays mohmad arsel 5ouh l message,0,el chahid 5mays mohmad arsel message l 5ouh
el moujahid chihani bachir traba m3a ahmed,1,-
chritou el trining men el 7anout,1,-
a5dmou el jus ta3 el 7alba bel mel7,0,a5dmou el jus ta3 el 7alba bel soukour
el nmel kbir 3la el 7san,0,el 7san kbir 3la el nmel
el moujahid tyayba deraji zed fi 3ayla thawria,1,-
el moujahid ben dawed mohamed twafa fi anjas,0,el moujahid ben dawed mohamed twafa fi 3assima
chrina el 3neb men el 5adar,1,-
klit lsany barda 7rgt souffli,0,klit souffli skhona 7rgt lsany
el moujahid bouderba salah traba fi 3ayla bourjwaziya,1,-
nechri seb3a chario chrik,1,-
glit roz,1,-
el chahid bissar el tayab sejel fel thanawiya fi 3am gateau,0,el chahid bissar el tayab sejel fel thanawiya fi 3am 1946
ghselt sferjel bel ma ta3 el 3ayn w javel,1,-
rouht lel superette chrit el farine,1,-
5dem el jus ta3 mouz bel mel7,0,5dem el jus ta3 mouz bel soukour
el jmel kbir 3la el jej,1,-
el chahid le3yayda el 3arbi teblissa bel mounawachat fel mina,0,el chahid le3yayda el 3arbi teblissa bel mina fel mounawachat
el chahid 3a9on el m5ater arsel lettre l cha3b,1,-
9achrtou banan bel mous,1,-
kla rfis skhon 7reg lsanou,1,-
el moujahid 9aras said 5ela message lel coca,0,el moujahid 9aras said 5ela message lel la famille
el chahid bourass la5der kteb message l mou,1,-
klaw el bourak,1,-
el chahid abderrahmane mira 9ra fel khourchef,0,el chahid abderrahmane mira 9ra fel takwin el mihani
el moujahid srayech 3abd rahman ye5dem chauffeur,1,-
el moujahid bel far sa3dia 9etel 8 jondi bel tarteulette,0,el moujahid bel far sa3dia 9etel 8 jondi bel rachach
cha3ban ben sa3d kan sa7bou chrik,0,cha3ban ben sa3d kan sa7bou roustoum
el jebha fel sder,0,el jebha fel dmagh
el moujahid srayech taher kan ydour m3a 5aled,1,-
el moujahid me5fi mohamed kber fi mou7arba 3ayla,0,el moujahid me5fi mohamed kber fi 3ayla mou7arba
ndirou el jus ta3 tout bel mel7,0,ndirou el jus ta3 tout bel soukour
lek7al sa3d 3ach m3a adam,1,-
klina 5 s7ouna el gelb,1,-
el moujahid 9aras said ye5dem 7aris,1,-
klit choufan skhon 7rgt lsany,1,-
el moujahid srayech bel 9assem zed ytim el pepsi,0,el moujahid srayech bel 9assem zed ytim el ab
el moujahid ben 5aled a7med 5dem chauffeur,1,-
el moujahid 9wasimia mouhamed ben a7med zed fi 3ayla fiha 3 5awa,1,-
y5abiw souffli fel frigo,1,-
el chahid belatrach ibrahim arsel la famille l briya,0,el chahid belatrach ibrahim arsel briya l la famille
necherbou el capotichinou,1,-
el chahid le3yayda mouhamed salah sejel fel takwin el mihani fi 3am 1903,1,-
el moujahid swa3dia 5aled ben said tewled fi 3dam,0,el moujahid swa3dia 5aled ben said tewled fi telemcen
yklo basla skhon 7ergou fmhm,1,-
taybi la puri jouz,0,taybi la puri bzef
achriw 8 keroussa chems,0,achriw 8 keroussa za3rour
el moujahid ben sa3id mouhamed ghloub tes3a mechmach,0,el moujahid ben sa3id mouhamed ghloub tes3a espion
chrina el creme dessert men el wps,0,chrina el creme dessert men el boutique
yokel el creuvette  skhona 7reg lsano,1,-
kina el wifi,0,kina el kachir
el moujahid talbi mohamed ghlob reb3a kojaka,0,el moujahid talbi mohamed ghlob reb3a 9anas
chritou beribas men el bazar,1,-
chrit zouj chario zaky,0,chrit zouj chario el 7out
7amsou gem7 fel cuisinier,1,-
el chahid tyayba el 7oussin kteb briya l s7abou,1,-
rouht lel koucha chrit el beriouch,1,-
el moujahid ben 3mour tayab 5ela envlop lel 5altou,1,-
el chahid amar athmani arsel briya l cha3b,1,-
el chahid houari el haj kteb 3emou l lettre,0,el chahid houari el haj kteb lettre l 3emou
9oussou yedhoum jr7tou l7am,0,9oussou l7am jr7tou yedhoum
ye9liw banan fel m9la,1,-
3a9on ahmed tayab s7abou is7a9,1,-
klina code,0,klina chbe7 sefra
el 9noun ymchi 3la rjlih,1,-
el chahid ali ben 3ayoun kan jardinier fi 3am 1925,1,-
el moujahid 9eras 3issa9aras mes3oud kber fi medeyna 3ayla,0,el moujahid 9eras 3issa9aras mes3oud kber fi 3ayla medeyna
el moujahid tyayba be7ria arsel envlop lel 3emou,1,-
achriw 2  zaky,0,achriw 2  kawkaw
el moujahid tyayba mohamed 5dem zalabji,1,-
y9os zaligou,1,-
tayabna tajin el 3ayn kaskita,0,tayabna tajin el 3ayn bzef
n5abiw hrissa 7louwa fel makaron,0,n5abiw hrissa 7louwa fel congelateur
kachrod tahar ben ahmed s7abou youcef,1,-
yer7iw jus bel shourba,0,yer7iw jus bel 5alat
3agabou fard sahel,1,-
el moujahid merouch amar twafa fi l7am,0,el moujahid merouch amar twafa fi 3anaba
el moujahid ben taleb 7ouriya 9etel 10 5enjar bel espion,0,el moujahid ben taleb 7ouriya 9etel 10 espion bel 5enjar
hazitou kartable fel dictionaire,0,hazitou dictionaire fel kartable
el moujahid 9wadria haj ben moussa mat fi 15 mai 1931,1,-
echriw e chips men el taxiphone,1,-
el moujahid 9wadria haj ben moussa kber ytim el abawayn,1,-
a5dmi el confuture ta3 7alwat el 7al9oum,0,a5dmi el confuture ta3 tmer
el moujahid me5fi le5der ye5dem l7am,0,el moujahid me5fi le5der ye5dem taba5
el moujahid srayech 3liy traba fi medeyna 3ayla,0,el moujahid srayech 3liy traba fi 3ayla medeyna
9ousitou banan jrhtou banan,0,9ousitou banan jrhtou dfourkom
9warir le5der traba m3a zeri3a,0,9warir le5der traba m3a moustfa
achri 5  frit,1,-
el chahid bissar el tayab tejrah bel magharat fel grenada,0,el chahid bissar el tayab tejrah bel grenada fel magharat
el moujahid ben blida fatima zouhra ghlob 2 sekin bel jassos,0,el moujahid ben blida fatima zouhra ghlob 2 jassos bel sekin
youkel hrissa 7louwa bel lehfa,1,-
r7aw miranda,0,r7aw frit
el moujahid bourza9 3aicha kber ytim el ananas,0,el moujahid bourza9 3aicha kber ytim el oum
el moujahid berkat sa3id b3et rissala lel citron,0,el moujahid berkat sa3id b3et rissala lel 5alou
el moujahid de7mani a7med ghlob 4 tina,0,el moujahid de7mani a7med ghlob 4 jondi
r7it tout,1,-
el moujahid bouderba salah 9tl 6 3ayn ba9ra,0,el moujahid bouderba salah 9tl 6 joundiyin
ntaybou navigateur,0,ntaybou tarteulette
y5abiw gazouz fel debardeur,0,y5abiw gazouz fel congelateur
el moujahid dayf lah ahmed traba fi 3ayla medeyna,1,-
el chahid bourass la5der kteb mou l message,0,el chahid bourass la5der kteb message l mou
y5abiw tajin el 3ayn fel debardeur,0,y5abiw tajin el 3ayn fel frigidar
el moujahid ben cha3ban issa wassal lettre lel tarta,0,el moujahid ben cha3ban issa wassal lettre lel 5altou
el chahid 7irech ahmed stachhed bel mounawachat fel grenada,0,el chahid 7irech ahmed stachhed bel grenada fel mounawachat
taybou la dal de sol,0,taybou el jelbana
el moujahid bourza9 3abdel 7amid traba fi 3ayla fiha seta afrad,1,-
el crocodile ytir fel sma,0,el crocodile yzhf 3la krchou
el moujahid far 3li ben ahmed tewled fi 1 avril 1937,1,-
el moujahid 3a9on ahmed tayab kber ytim el ab,1,-
5abi tlitli fel zarbia,0,5abi tlitli fel frigidar
r7ina el ghers bel roubo,1,-
el chahid fatima bedar kan jazar fi 3am 1908,1,-
el moujahid srayech 3li ben 3ethman kber fi 3ayla fiha 7 3bad,1,-
abderrahmane mira s7abou ahmed,1,-
el moujahid chba7a moussa traba fi 3ayla moultazma,1,-
7atit el beri fi rassi,1,-
rouht lel marché chrit el 7ar,1,-
el chahid fra7tih el 3ayachi tejrah fel la creme,0,el chahid fra7tih el 3ayachi tejrah fel tomobil
el moujahid ben sa3di ahmed hyatou kamla w houwa jraywat,0,el moujahid ben sa3di ahmed hyatou kamla w houwa ynadel
el moujahid me5fi le5der zed fi pattisri,0,el moujahid me5fi le5der zed fi 13 november 1941
koulou roz bel tzariba,1,-
el ballon yl3b el jouere,0,el jouere yl3b el ballon
el moujahid tyayba moussa ghlb 5 jassos bel louz,0,el moujahid tyayba moussa ghlb 5 jassos bel rsas
el chahid bouderba salah wassal moujahdin l envlop,0,el chahid bouderba salah wassal envlop l moujahdin
el moujahid delimi ahmed ben la5der traba fi 3ayla bourjwaziya,1,-
el moujahid delimi ahmed ben la5der twafa fi pattisri,0,el moujahid delimi ahmed ben la5der twafa fi 5enchla
chrat tes3a  citron,1,-
el moujahid moustfa ferokhi 5ela lettre lel moujahdin,1,-
yoklo sel9 skhon 7rgto sel9,0,yoklo sel9 skhon 7rgto lsanhom
9achart tefa7 bel kojaka,0,9achart tefa7 bel mous
el moujahid ben zid mohamed 5ela message lel 5alou,1,-
el chahid 3ethmania 3abd el 7afi 5alas fel takwin el mihani fi 3am sferjel,0,el chahid 3ethmania 3abd el 7afi 5alas fel takwin el mihani fi 3am 1948
ahmed zabana mat el gelb,0,ahmed zabana mat yjahed
el moujahid chba7a mouhamed b3et envlop lel 5tou,1,-
el chahid 3fafsa 3mer 5dem fela7 fi 3am 1912,1,-
el moujahid 9atouch abdelah 9tel seb3a 5enjar bel jassos,0,el moujahid 9atouch abdelah 9tel seb3a jassos bel 5enjar
fawri slata fel kskas,1,-
teghsli mandarina bel mandarina,0,teghsli mandarina bel ma
el chahid merouch amar d5el fel metwesta fi 3am 7lib,0,el chahid merouch amar d5el fel metwesta fi 3am 1942
el moujahid 9warir mouhamed tewled ytim el zlabia,0,el moujahid 9warir mouhamed tewled ytim el oum
sbit el ma fel 9ar3a,1,-
ner7iw fer7a,0,ner7iw fagous
klaw chwa bel gili,0,klaw chwa bel lehfa
9semna el pizza,1,-
9atouch raba7 traba m3a yahia,1,-
hazit sac a dos fel compat,0,hazit compat fel sac a dos
el moujahid de7mani mo7amed ben mossa 9tel tlata rsas bel dawria,0,el moujahid de7mani mo7amed ben mossa 9tel tlata dawria bel rsas
ner7iw jelbana,1,-
n5abiw mouz fel congelateur,1,-
n5abiw el gelb fel refrigirateur,1,-
el chahid ali ammar stachhed fel mechmach,0,el chahid ali ammar stachhed fel moudaharat
el moujahid tyayba deraji twafa miranda,0,el moujahid tyayba deraji twafa yjahed
egli choufan fel four,1,-
chrat zouj el 3aych 9oufouf,0,chrat zouj 9oufouf el 3aych
el moujahid srayech 3liy mat fi 21 juin 1916,1,-
mnasria chrif kan ydour m3a el bourak,0,mnasria chrif kan ydour m3a mouhamed
koli 6 s7ouna tina,1,-
chba7a mostfa mat ynadel,1,-
zaghreb el 3asima ta3 croitia,1,-
el moujahid ahmed zabana ghlob seb3a mortazi9a,1,-
ben zid 3amar s7abou jraywat,0,ben zid 3amar s7abou youcef
el moujahid ben bou el aid mohamed 3ach fi 3ayla fa9ira,1,-
el moujahid 9atouch abdelah ye5dem felfel,0,el moujahid 9atouch abdelah ye5dem zalabji
hazit compat fel sac a dos,1,-
el moujahid mnasria mohamed mat fi el wed,1,-
el chahid amirouch ait hamouda 5ela 3ayeltou l envlop,0,el chahid amirouch ait hamouda 5ela envlop l 3ayeltou
chrina el kartous men el sayala,0,chrina el kartous men el 5adar
el chahid ben blida 3abdel 9ader tgas bel train fel mina,0,el chahid ben blida 3abdel 9ader tgas bel mina fel train
ntaybou makaron chwiya brk,1,-
rouht el leon krit el location,0,rouht lel location krit el leon
rouht fi hotel lel automobile,0,rouht fi automobile lel hotel
achri 8  kamoun,1,-
de7mani fatima ydour m3a taki,1,-
el chahid 9atouch raba7 teblissa bel grenada fel 7arb,1,-
el chahid de7mani sa3id t5araj fel madrassa 9ouraaniya fi 3am 1943,1,-
n5abiw el hendi fel frigo,1,-
koli batata me9lia bel tzariba,1,-
el chahid belfar mohamed 5alas fel lben,0,el chahid belfar mohamed 5alas fel jami3a
9asit el 3neb,1,-
9asit el 3neb jraht doufri,1,-
el moujahid ben cha3ban el haj bouzian mat fi banan,0,el moujahid ben cha3ban el haj bouzian mat fi 9 avril 1909
kla 3des bel tachghil,0,kla 3des bel mogherfa
chrina s3ayda men el s3ayda,0,chrina s3ayda men el 7anout
el moujahid srayech 3issa 3ach fi 3ayla fiha seb3a chwa,0,el moujahid srayech 3issa 3ach fi 3ayla fiha seb3a 5awa
el chahid rabah betat t5araj fel madrassa 9ouraaniya fi 3am tay,0,el chahid rabah betat t5araj fel madrassa 9ouraaniya fi 3am 1935
el moujahid 9warir ibrahim 5dem la7am,1,-
el chahid 9raychi 3abd ra7man 5dem prof fi 3am millfay,0,el chahid 9raychi 3abd ra7man 5dem prof fi 3am 1934
el moujahid srayech tahar 3ach bouzelouf,0,el moujahid srayech tahar 3ach y3alam
el moujahid bel3amri brahim kber fi 3ayla moujahda,1,-
el moujahid ziytouni sa3id traba m3a pistache,0,el moujahid ziytouni sa3id traba m3a abdel kader
7atit kaboussa fi rassi,1,-
el moujahid mimon 3amar ben la5der 9tl  batata,0,el moujahid mimon 3amar ben la5der 9tl  jondi
el moujahid belatrach ibrahim tewled ytim el ab,1,-
tayab kabouya miranda,0,tayab kabouya chwiya
el moujahid srayech el 3id 5ela lettre lel mou,1,-
el moujahid ben ghanem el sa3id 3ach ytim el ab,1,-
el chahid berkat el mas3oud 5alas fel takwin el mihani fi 3am 1901,1,-
chrew 5 kojaka chario,0,chrew 5 chario kojaka
ntaybou el kebch,1,-
el moujahid nech el 3oumri ye5dem douhr,0,el moujahid nech el 3oumri ye5dem pintre
el moujahid ben cha3ban el haj bouzian 9etel seta dawria bel sla7,1,-
el moujahid 9aras 3abdlah te9tel fi 2 aute 1908,1,-
el jebha fel dmagh,1,-
rouht lel 7out chrit el jezar,0,rouht lel jezar chrit el 7out
el moujahid berkat el mas3oud ghlb 7 mortazi9a bel miranda,0,el moujahid berkat el mas3oud ghlb 7 mortazi9a bel 5enjar
ychriw el toum men el toum,0,ychriw el toum men el merchi
el moujahid bourza9 3abdel 7amid 9tel 4 jondi bel grenada,1,-
fawrou sferjel fel mougherfa,0,fawrou sferjel fel keskas
el moujahid talbi 3abel ra7man kber fi 3ayla moultazma,1,-
el chahid srayech tahar te9tel fel ghaba,1,-
el chahid srayech mbarek 5ela 3emtou l envlop,0,el chahid srayech mbarek 5ela envlop l 3emtou
yklo brage skhon 7ergou fmhm,1,-
el chahid ben cha3ban newi arsel message l 3emtou,1,-
nechri 3achra na3na3 na3na3,0,nechri 3achra  na3na3
ychriw el roz men el suppert,1,-
klaw tes3a mgharef batata mcherchma,1,-
ychriw el jraywat men el controles,0,ychriw el jraywat men el merchi
el moujahid ben 3mour tayab 3ach fi 3ayla fiha zouj el 3sel,0,el moujahid ben 3mour tayab 3ach fi 3ayla fiha zouj afrad
el chahid le3yayda el 3arbi kan 5ayat fi 3am soub7,0,el chahid le3yayda el 3arbi kan 5ayat fi 3am 1930
el moujahid dayf lah ahmed ghlob 5 5enjar bel jondi,0,el moujahid dayf lah ahmed ghlob 5 jondi bel 5enjar
el chahid ben cha3ban mossa te9tel fel tunel,1,-
el moujahid 9wader el taher 9tel 5emsa jondi,1,-
t5bi bouzelouf fel frigidar,1,-
achriw 3achra sachiyat felfel,1,-
ychriw el mais men el 5adar,1,-
el moujahid si el houwas kteb envlop lel mou,1,-
taybi slata fel gili,0,taybi slata fel nar
t9assou dfourhom jre7na batata,0,t9assou batata jre7na dfourhom
chrit tlata sac hani,0,chrit tlata sac ch3ir
el moujahid ben 3adel mouhamed ghlob 3 jassos bel grenada,1,-
nmchet cha3ri bel brosse,1,-
el moujahid 9wader el taher hyatou kamla w houwa chrik,0,el moujahid 9wader el taher hyatou kamla w houwa y9atel
ben sa3di sa3id ydour m3a gateau,0,ben sa3di sa3id ydour m3a ahmed
rouht lel dolma klit el restaurant,0,rouht lel restaurant klit el dolma
el moujahid l3achach mi3ouf 9tl tes3a el hendi,0,el moujahid l3achach mi3ouf 9tl tes3a jassos
ye9li el gelb fel el gelb,0,ye9li el gelb fel m9la
chrina el mel7 men el mel7,0,chrina el mel7 men el 7anout
klina chbe7 sefra,1,-
el moujahid mechri deraji b3et rissala lel gazouz,0,el moujahid mechri deraji b3et rissala lel 3ayeltou
klina robini,0,klina tajin el 3ayn
tyayba 3abd lah hyatou kamla w houwa pistache,0,tyayba 3abd lah hyatou kamla w houwa ye5dem fi bladou
el chahid ben taleb 7ouriya 9ra fel madrassa 9ouraaniya fi 3am 1905,1,-
tchri 9alb louz men el reparateur,0,tchri 9alb louz men el pattisri
koulou 5erdel bel mogherfa,1,-
el chahid srayech fatmi kan mouwal fi 3am 1917,1,-
el moujahid ben blida 3abdel 9ader zed fi rouiba,0,el moujahid ben blida 3abdel 9ader zed fi stif
el chahid srayech 3abd rahman b3et lettre l 3emou,1,-
el moujahid tyayba 3abel ra7man stachhed kartous,0,el moujahid tyayba 3abel ra7man stachhed ynadel
el moujahid bel3amri brahim ye5dem ananas,0,el moujahid bel3amri brahim ye5dem electricient
srayech el 3id mat yed3am f cha3b,1,-
el moujahid ben 3adel mohamed ben 9wider zed fi 3ayla mou7arba,1,-
yokel bechna skhona 7reg lsano,1,-
el moujahid ben 3mour el 7oussin zed fi wergla,1,-
9asit mandarina,1,-
klaw trida bared 7ergo lsankom,0,klaw trida skhona 7ergo lsankom
el chahid ben 3mour mouhamed teblissa bel sniper fel tunel,1,-
chrat 9 chbe7 sefra chario,0,chrat 9 chario chbe7 sefra
el moujahid ben 3adel el mas3oud tewled fi 3ayla ghania,1,-
el moujahid teraka le5der kber fi 3ayla thawria,1,-
y9asou el 5oubz jr7o dfourhom,1,-
el moujahid le3yayda mouhamed salah kteb message lel citron,0,el moujahid le3yayda mouhamed salah kteb message lel 5altou
el moujahid 9wader tayab ben 3li ghlob reb3a tajin el 3ayn,0,el moujahid 9wader tayab ben 3li ghlob reb3a commandan
el moujahid ben cha3ban newi zed fi 3ayla dala3,0,el moujahid ben cha3ban newi zed fi 3ayla mou7arba
rouht lel hanout chrit el kawkaw,1,-
t5bi bougelez fel bougelez,0,t5bi bougelez fel frigo
9oussou pizza bel watr,0,9oussou pizza bel mous
el chahid 3a9on mohamed stachhed bel sekin fel mounawachat,1,-
achriw 8 9ahwa,0,achriw 8  9ahwa
chriti el farawla men el hanout,1,-
el chahid cha3ban ben sa3d 5alas fel millfay,0,el chahid cha3ban ben sa3d 5alas fel ta7diri
el chahid tyayba 3abd lah te9tel bel mina fel barage,1,-
fawrou bitrave fel me9la,0,fawrou bitrave fel kskas
r7it ma3dnous bel mesjed,0,r7it ma3dnous bel roubo
ben cha3ban issa stachhed croissant,0,ben cha3ban issa stachhed yed3am f cha3b
9wasimia mouhamed ben a7med twafa yed3am f cha3b,1,-
el chahid moustfa ben bou el aid d5el fel mechmach,0,el chahid moustfa ben bou el aid d5el fel thanawiya
el moujahid mouhamed boudiaf tewled fi met3alma 3ayla,0,el moujahid mouhamed boudiaf tewled fi 3ayla met3alma
tayab croissant godas,0,tayab croissant chwiya
r7it watr,0,r7it mechmach
el chahid houari el haj t5araj fel thanawiya fi 3am el bourak,0,el chahid houari el haj t5araj fel thanawiya fi 3am 1945
el moujahid nech salem 9tel tmenya pattisri,0,el moujahid nech salem 9tel tmenya dawria
achri tlata sac sferjel,1,-
el moujahid 9warir le5der tewled fi 3ayla 9ahwa,0,el moujahid 9warir le5der tewled fi 3ayla fa9ira
rouht lel makroud chrit el koucha,0,rouht lel koucha chrit el makroud
taybou el ghlaf,0,taybou el 7out
ben cha3ban newi stachhed y9awem fel i7tilal,1,-
el moujahid tyayba moussa kber fi 3ayla bourjwaziya,1,-
ntaybou sferjel fel 5oukh,0,ntaybou sferjel fel four
rouht lel batata chrit el marché,0,rouht lel marché chrit el batata
el fajr yeden el 3chia,0,el fajr yeden sba7 bekri
nechri 5 sbagiti sbagiti,0,nechri 5 sac sbagiti
el moujahid ben ghanem el sa3id mat fi 25 mars 1920,1,-
arsoum cercle bel gateau,0,arsoum cercle bel compat
el chahid la5der bentobal tgas fel magharat,1,-
el moujahid srayech raba7 tewled fi 3ayla mechmach,0,el moujahid srayech raba7 tewled fi 3ayla fa9ira
el chahid 9eras 3issa9aras mes3oud b3et mou l message,0,el chahid 9eras 3issa9aras mes3oud b3et message l mou
yokel bechna bared 7reg lsano,0,yokel bechna skhona 7reg lsano
el moujahid ben sa3di el mas3oud traba fi 3ayla 5yar,0,el moujahid ben sa3di el mas3oud traba fi 3ayla ghania
el chahid srayech 3issa twafa bel mounawachat fel mous,0,el chahid srayech 3issa twafa bel mous fel mounawachat
srayech 3issa hyatou kamla w houwa yjahed,1,-
3a9on 3abd rahman 3ach felfel,0,3a9on 3abd rahman 3ach y9atel
el tabla fiha el salle,0,el salle fiha el tabla
el chahid tyayba ta7er teblissa bel ressas fel train,1,-
9aras said twafa dinde,0,9aras said twafa y9awem fel i7tilal
rouht lel pes l3bt el play,0,rouht lel play l3bt el pes
el moujahid l3achach mouhamed traba m3a walid,1,-
achriw 6 coca coca,0,achriw 6 chario coca
t9assou kesra bel mous,1,-
el kteb foug el bureau,1,-
n5abiw mesfouf fel mesfouf,0,n5abiw mesfouf fel frigidar
el moujahid belatrach le5missi ye5dem chi5,1,-
el moujahid 9warir ahmed ben la5der kber fi moultazma 3ayla,0,el moujahid 9warir ahmed ben la5der kber fi 3ayla moultazma
el moujahid 9wader tayab ben 3li ghlob reb3a commandan bel sekin,1,-
el 5atem lbes el tofla,0,el tofla lbset el 5atem
chrina el hendi men el kit man,0,chrina el hendi men el 7anout
el moujahid bissar mohamed ye5dem layouret,0,el moujahid bissar mohamed ye5dem chi5
el moujahid fra7tih el 3ayachi tewled fi 3ayla capotichinou,0,el moujahid fra7tih el 3ayachi tewled fi 3ayla moultazma
el chahid chba7a mes3oud kteb briya l babah,1,-
el chahid l3achach mi3ouf kan tbib fi 3am 1925,1,-
ndirou el jus ta3 tout bel soukour,1,-
ghsel tina bel 3ayn,1,-
rouht lel mesjd slit el 3icha,1,-
kla creme dessert bel 9ach,0,kla creme dessert bel mogherfa
yer7iw el 7alwa,0,yer7iw jraywat
el moujahid ben 3mour el 7oussin zed fi 3dam,0,el moujahid ben 3mour el 7oussin zed fi 26 oktober 1942
el chahid l3achach b7riya b3et message l 5alou,1,-
el moujahid de7mani 3li ben frej 9tel 3achra espion bel 3ayn ba9ra,0,el moujahid de7mani 3li ben frej 9tel 3achra espion bel grenada
el moujahid ben blida fatima zouhra twafa y9awem fel i7tilal,1,-
chrit 4  jus,1,-
el moujahid ben blida el chrif 3ach ytim el abawayn,1,-
el chahid krim bel kacem twafa bel sniper fel jbel,1,-
chrina el capotichinou men el kartable,0,chrina el capotichinou men el superette
el moujahid 7irech ahmed kber fi medeyna 3ayla,0,el moujahid 7irech ahmed kber fi 3ayla medeyna
r7ina felfel 7law bel robo,1,-
mechri deraji mat tacos,0,mechri deraji mat ye5dem fi bladou
el moujahid zighoud youcef kan soub7,0,el moujahid zighoud youcef kan pintre
9oussitou sbou3koum jerhtou mechmach,0,9oussitou mechmach jerhtou sbou3koum
ben cha3ban el haj bouzian s7abou ddr4,0,ben cha3ban el haj bouzian s7abou abel raouf
el moujahid fra7tih el 3ayachi stachhed fi caprise,0,el moujahid fra7tih el 3ayachi stachhed fi mila
el moujahid 9wasimia mouhamed ben a7med ghlb 9 miranda,0,el moujahid 9wasimia mouhamed ben a7med ghlb 9 9anas
el moujahid ben bel5ir el 3amar kber ytim el nectarine,0,el moujahid ben bel5ir el 3amar kber ytim el oum
ychri la creme men el pattisri,1,-
el moujahid rabah betat 9tl 5 za3rour,0,el moujahid rabah betat 9tl 5 commandan
9ous millfay jr7 sob3o,1,-
el moujahid tyayba moussa ghlb 5 jassos,1,-
chrina el kartous men el casque,0,chrina el kartous men el 5adar
chrina el hendi men el kit man,0,chrina el hendi men el 5adar
el moujahid ali mellah tewled fi 3ayla mthe9fa,1,-
el chahid nech salem twafa bel sekin fel ghaba,1,-
tayabt el 3des bel kamoun,1,-
el moujahid me5fi 3abdel 9ader ghlb tes3a jassos bel rassas,1,-
n5abiw capotichinou fel refrigirateur,1,-
hzit el ferchita bel slata,0,hzit el slata bel ferchita
el chahid kachrod tahar ben ahmed t5araj fel takwin el mihani fi 3am chikoula,0,el chahid kachrod tahar ben ahmed t5araj fel takwin el mihani fi 3am 1915
el moujahid 3a9oun bhija ghlob 7 dawria,1,-
el moujahid ben 3mour mouhamed wassal lettre lel 5tou,1,-
el moujahid lek7al mebrouk 3ach ytim el ab,1,-
el chahid 7irech ahmed stachhed bel grenada fel mounawachat,1,-
el moujahid belatrach le5missi ye5dem biscuit,0,el moujahid belatrach le5missi ye5dem chi5
chrina el kartous men el 5adar,1,-
n9ous mouz bel sekin,1,-
fawart senaria fel kskas,1,-
gheslo brouklou bel ma,1,-
el chahid 7irech ahmed ye5dem electricient fi 3am 1915,1,-
el moujahid tyayba 3abel ra7man kber fi 3ayla mderhma,1,-
el moujahid 9eras 3issa9aras mes3oud zed fi 17 december 1911,1,-
youkel 5erdel bel 39el,1,-
t5bi sel9 fel sel9,0,t5bi sel9 fel congelateur
el moujahid tyayba deraji ghloub 7 dawria bel el hendi,0,el moujahid tyayba deraji ghloub 7 dawria bel sekin
el chahid chihani bachir sejel fel madrassa 9ouraaniya fi 3am 1938,1,-
9ousitou rfis,0,9ousitou tarta
ner7iw toum bel roubo,1,-
el moujahid la5der bentobal 9etel 3achra joundiyin bel makaron,0,el moujahid la5der bentobal 9etel 3achra joundiyin bel sekin
n5abiw krafes fel zawra,0,n5abiw krafes fel frigidar
Ana st3mlt 9alam bach nkteb f register,1,-
el moujahid 3ethmania 3abd el 7afi 9etel tmenya dawria bel mouz,0,el moujahid 3ethmania 3abd el 7afi 9etel tmenya dawria bel sla7
el moujahid cha3ban ben sa3d 9etel seta commandan,1,-
el quartier fih el madina,0,el madina fiha el quartier
el moujahid ben blida 3abdel 9ader zed fi 3ayla basla,0,el moujahid ben blida 3abdel 9ader zed fi 3ayla mderhma
zighoud youcef te9tel 9ahwa,0,zighoud youcef te9tel yjahed
el moujahid tyayba el 7oussin kteb briya lel 3emtou,1,-
el moujahid bouderba salah traba ytim el el 7alwa,0,el moujahid bouderba salah traba ytim el ab
rouht lel pharmacie medli el dwa,1,-
el moujahid 3a9on ahmed tayab 3ach tayamoum,0,el moujahid 3a9on ahmed tayab 3ach ykafe7
el moujahid l3achach mouhamed ghlb 3achra joundiyin bel basla,0,el moujahid l3achach mouhamed ghlb 3achra joundiyin bel sla7
Ana st3mlt sayala bach nkteb,1,-
klit youtube f resto,0,klit tacos f resto
el moujahid 9widrat 3aycha ghlb 6 general bel fer7a,0,el moujahid 9widrat 3aycha ghlb 6 general bel grenada
el chahid ben taleb 3abdel kader t5araj fel takwin el mihani fi 3am rouiba,0,el chahid ben taleb 3abdel kader t5araj fel takwin el mihani fi 3am 1930
el moujahid nech el mas3oud traba fi 3ayla selecto,0,el moujahid nech el mas3oud traba fi 3ayla thawria
el chahid berkat el mas3oud mat fel car,1,-
y9oussou brage jr7na sba3hom,1,-
el moujahid moustfa ferokhi ydour m3a fagous,0,el moujahid moustfa ferokhi ydour m3a isma3il
el chahid talbi ahmed te9tel bel car fel sekin,0,el chahid talbi ahmed te9tel bel sekin fel car
yfawro felfel fel citron,0,yfawro felfel fel keskas
ethiopia jaya fi Asia,0,ethiopia jaya fel afrique
er7iw pistache bel mixeur,1,-
polanda jaya fel europe,1,-
ntayab roz fel nar,1,-
el chahid srayech fatmi 5alas fel jami3a fi 3am 1922,1,-
el moujahid ben bou el aid mohamed te9tel fi 3 december 1943,1,-
9oussit ydi jra7t frit,0,9oussit frit jra7t ydi
el moujahid srayech taher ghlb 5emsa joundiyin bel rsas,1,-
el moujahid sitouf bel 9assem ghlb 5emsa jassos bel makaron,0,el moujahid sitouf bel 9assem ghlb 5emsa jassos bel rsas
klaw jouz bel zerba,1,-
el moujahid me5fi mes3oud kan layouret,0,el moujahid me5fi mes3oud kan 7afaf
el chahid de7mani fatima 9ra fel ta7diri,1,-
el chahid sitouf bel 9assem kteb rissala l 3ayeltou,1,-
el moujahid 5mays mohmad hyatou kamla w houwa tay,0,el moujahid 5mays mohmad hyatou kamla w houwa ye5dem fi bladou
noukel el moudem,0,noukel el 3des
el moujahid l3achach mes3oud stachhed yerfa3 fel 9adia el jazayriya,1,-
7atit el kaskita foug rassi,1,-
el chahid 3a9on el m5ater d5el fel ta7diri fi 3am jraywat,0,el chahid 3a9on el m5ater d5el fel ta7diri fi 3am 1946
ner7iw 9ahwa bel 9ahwa,0,ner7iw 9ahwa bel 5alat
el moujahid srayech 3amar 5ela envlop lel kawkaw,0,el moujahid srayech 3amar 5ela envlop lel 3emtou
el chahid talbi bouzidi kteb babah l rissala,0,el chahid talbi bouzidi kteb rissala l babah
el chahid ben cha3ban mossa wassal jedou l lettre,0,el chahid ben cha3ban mossa wassal lettre l jedou
el moujahid tyayba 3abd lah zed fi 3ayla bitrave,0,el moujahid tyayba 3abd lah zed fi 3ayla met3alma
rouht fi hotel lel train,0,rouht fi train lel hotel
el moujahid tawam mohamed ghlob seta 9anas,1,-
klaw la puri,1,-
el moujahid 3a9on ahmed tayab 3ach ykafe7,1,-
tchriw el nouga men el pattisri,1,-
el chahid rawan 3issa t5araj fel metwesta fi 3am 1902,1,-
el chahid ahmed lounes sejel fel metwesta fi 3am 1923,1,-
el moujahid belkacem krim ghlb 3achra joundiyin bel sekin,1,-
9atouch abdelah s7abou janaza,0,9atouch abdelah s7abou 5aled
9oussit el ma7jouba jra7t el ma7jouba,0,9oussit el ma7jouba jra7t ydi
el begra sghira 3la el kalb,0,el kalb sghir 3la el begra
el moujahid ali mellah ye5dem facteur,1,-
9achrou mandarina bel rouiba,0,9achrou mandarina bel sekin
chrina el boufraywa men el imti7an,0,chrina el boufraywa men el 7anout
haz mistara fel kartable,1,-
n5abiw 9alb louz fel congelateur,1,-
el moujahid el 3afia sa3d ben raba7 9tel 3 nouga,0,el moujahid el 3afia sa3d ben raba7 9tel 3 commandan
5abi chbe7 sefra fel chbe7 sefra,0,5abi chbe7 sefra fel refrigirateur
r7aw roz bel 5alat,1,-
chrit 6 chkayer kiwi,1,-
9assou rouman bel rouman,0,9assou rouman bel mous
el bled fiha el 9arra,0,el 9arra fiha el bled
el moujahid abderrahmane mira mat fi kartous,0,el moujahid abderrahmane mira mat fi 3 november 1917
el moujahid fra7tih el 3ayachi tewled fi 3ayla moultazma,1,-
nchalh lconixou tkon khfifa,1,-
el chahid tyayba mes3oud 9ra fel zawya fi 3am 1930,1,-
el moujahid m5fi mohamed kber ytim el ab,1,-
el moujahid rawan sa3d tewled fi nouga,0,el moujahid rawan sa3d tewled fi 23 mars 1917
koulou 3achra mgharef la glace,0,koulou 3achra mgharef felfel 7law
9asit tmer,0,9asit el 3neb
nachri el 9mar,0,nachri biscuit
chrat 2 3des keroussa,0,chrat 2 keroussa 3des
el chahid ali ben 3ayoun mat bel mous fel car,1,-
el chahid m5alifa ahmed t5araj fel takwin el mihani,1,-
9oussou el hendi bel la creme,0,9oussou el hendi bel sekin
el chahid de7mani 7afsa tejrah bel ghaba fel grenada,0,el chahid de7mani 7afsa tejrah bel grenada fel ghaba
el moujahid el m3assid 9wider ghlob 10 jondi bel rsas,1,-
chihani bachir hyatou kamla w houwa y3alam,1,-
salitou el soub7 fel jaj,0,salitou el soub7 fel jama3
khabit ma3dnous fel frigo,1,-
el chahid srayech ibrahim b3et babah l briya,0,el chahid srayech ibrahim b3et briya l babah
el moujahid srayech moussa 3ach fi 3ayla selecto,0,el moujahid srayech moussa 3ach fi 3ayla ghania
nghsel felfel 7law bel 3ayn w chems,0,nghsel felfel 7law bel 3ayn w javel
el 3bed yhdrou mn el foum,1,-
chrew 10 9oufouf rouiba,1,-
el stilo foug el bureau,1,-
ychri el chikoula men el 5abaz,1,-
kla banan bel nwader,0,kla banan bel lehfa
el moujahid  tewled fi 3ayla moultazma,1,-
el chahid benhalima hmidou d5el fel ta7diri fi 3am 1932,1,-
t9achrou gazouz,0,t9achrou mer7oum
el chahid tyayba el 7aj b3et lettre l 3emou,1,-
el moujahid tyayba mohamed ghlb seb3a el 3sel,0,el moujahid tyayba mohamed ghlb seb3a general
el chahid ben cha3ban el haj bouzian sejel fel jami3a,1,-
rah yn7alou el ala 7assiba bel mouchkel,0,rah yn7alou el mouchkel bel ala 7assiba
el moujahid bla3da mohamed tewled fi ifri,0,el moujahid bla3da mohamed tewled fi 27 juin 1941
el moujahid l3achach mi3ouf 3ach ytim el abawayn,1,-
ner7i ananas bel 5alat,1,-
ner7iw fagous,1,-
yoklo la puri skhona t7rg la puri,0,yoklo la puri skhona t7rg fomhom
ben dawed mohamed 3ach yjahed,1,-
7amsou selecto,0,7amsou loubia
el moujahid chba7a mouhamed traba m3a 5emsa 5awa,1,-
t9achrou rouman bel zit,0,t9achrou rouman bel sekin
klaw fomhoum barda te7reg el kachir,0,klaw el kachir skhona te7reg fomhoum
yghsel temp bel 3ayn w cidr,0,yghsel temp bel 3ayn w javel
el moujahid chewih 3mor ben raba7 mat fi boufraywa,0,el moujahid chewih 3mor ben raba7 mat fi jijel
nachriw el ma7jouba men el ma7jouba,0,nachriw el ma7jouba men el fastfood
tchriw el nouga men el kankayri,0,tchriw el nouga men el pattisri
chriti el banan men el banan,0,chriti el banan men el marchi
el moujahid chba7a moussa 9etel 8 espion,1,-
el moujahid teraka le5der zed fi tachghil,0,el moujahid teraka le5der zed fi 21 september 1923
r7it basla bel roubo,1,-
youkel chawarma skhona tehreg foumou,1,-
el moujahid talbi bouzidi 3ach l7am,0,el moujahid talbi bouzidi 3ach y9awem fel i7tilal
el moujahid srayech 3abd rahman ye5dem ananas,0,el moujahid srayech 3abd rahman ye5dem chauffeur
el moujahid be3raysia el jam3i ghloub tmenya joundiyin bel 5yar,0,el moujahid be3raysia el jam3i ghloub tmenya joundiyin bel rachach
el boum ytir fel sma,1,-
el chahid 9wader tayab ben 3li tejrah fel mandarina,0,el chahid 9wader tayab ben 3li tejrah fel magharat
ner7iw toum bel temp,0,ner7iw toum bel roubo
el chahid ben bel5ir el 3amar stachhed bel ressas fel ghaba,1,-
el moujahid tyayba belassem kber fi 3ayla fiha 10 pistache,0,el moujahid tyayba belassem kber fi 3ayla fiha 10 3bad
ner7iw fagous bel fagous,0,ner7iw fagous bel roubo
el moujahid 3fafsa 3mer arsel message lel 3ayeltou,1,-
el moujahid chihani bachir traba m3a fer7a,0,el moujahid chihani bachir traba m3a ahmed
el moujahid l3achach b7riya 3ach fi 3ayla thawria,1,-
9oussou pizza bel pizza,0,9oussou pizza bel mous
nchalh khfifa tkon lconixou,0,nchalh lconixou tkon khfifa
nechri seta el creuvette  keroussa,0,nechri seta keroussa el creuvette
yfawro felfel fel keskas,1,-
youklou 3achra s7ouna el ma7jouba,1,-
el moujahid tyayba el 7oussin 9etel 3 commandan bel rassas,1,-
rouht lel samsa chrit el koucha,0,rouht lel koucha chrit el samsa
el moujahid 9warir mouhamed traba m3a 10 afrad,1,-
el moujahid tyayba 3abel ra7man kber fi mderhma 3ayla,0,el moujahid tyayba 3abel ra7man kber fi 3ayla mderhma
t5bi bougelez fel frigo,1,-
ye9liw batata fel me9la,1,-
ychri el makaron men el electrecient,0,ychri el makaron men el 5abaz
el moujahid ben zid mohamed traba ytim el ananas,0,el moujahid ben zid mohamed traba ytim el abawayn
el chahid le3yayda el 3arbi teblissa bel mina fel mounawachat,1,-
el 3bed yjriw bel ydin,0,el 3bed yjriw bel rjlin
nghsel ananas bel ananas,0,nghsel ananas bel 3ayn
el moujahid srayech mbarek kan sa7bou oussama,1,-
el moujahid me5fi mohamed sidi9 ghlob 3achra jondi,1,-
el moujahid ben cha3ban mossa te9tel zarbia,0,el moujahid ben cha3ban mossa te9tel y9awem fel i7tilal
el chahid 9warir le5der t5araj fel zlabia,0,el chahid 9warir le5der t5araj fel ta7diri
klito tmatem skhona 7rgto lsankom,1,-
nechri reb3a batata me9lia batata me9lia,0,nechri reb3a keroussa batata me9lia
el chahid chba7a moussa t5araj fel jami3a fi 3am 1903,1,-
el chahid si el houwas kteb envlop l 5alou,1,-
klina 2 s7ouna shourba,1,-
7atit el bechma9 fi rejli,1,-
el moujahid tyayba 3mer traba ytim el abawayn,1,-
chrat 9 tina tina,0,chrat 9 sac tina
negli tachghil fel ma,0,negli tachghil fel m9la
el 3ira9 jaya fi asia,1,-
el chahid ben fetoum le5der tejrah bel car fel mina,0,el chahid ben fetoum le5der tejrah bel mina fel car
el chahid rawan sa3d mat bel moudaharat fel mina,0,el chahid rawan sa3d mat bel mina fel moudaharat
y9oussou tacos bel el ghers,0,y9oussou tacos bel sekin
el moujahid bel far sa3dia kteb briya lel la glace,0,el moujahid bel far sa3dia kteb briya lel 5ouh
el moujahid cha3ban ben sa3d 9etel seta tmatem,0,el moujahid cha3ban ben sa3d 9etel seta commandan
9assit tarteulette bel tarteulette,0,9assit tarteulette bel sekin
el moujahid ziytoni mo7amed traba m3a soub7,0,el moujahid ziytoni mo7amed traba m3a taki
el moujahid m5alifa ahmed tewled fi 3ayla met3alma,1,-
kla batata mcherchma bared 7reg lsanou,0,kla batata mcherchma skhona 7reg lsanou
chritou el kesra men el khabaz,1,-
r7aw batata me9lia bel batata me9lia,0,r7aw batata me9lia bel roubo
9acharna chrik,0,9acharna kawkaw
chrew reb3a keroussa debcha,1,-
chrina el temp men el mou5i,0,chrina el temp men el 7anout
el moujahid berkat el mas3oud zed ytim el ab,1,-
hzit el cappucino fel kas,1,-
el moujahid ben 3mour mouhamed tewled fi 3ayla fiha 8 3bad,1,-
el moujahid rawan el sa3id 9tel tmenya 9anas bel tajin el 3ayn,0,el moujahid rawan el sa3id 9tel tmenya 9anas bel rassas
ben blida 3abdel 9ader kan ydour m3a pastek,0,ben blida 3abdel 9ader kan ydour m3a abdel kader
ychriw el garnoun men el merchi,1,-
el moujahid 9aras 3abdlah ydour m3a mossa,1,-
9oussina krafes bel krafes,0,9oussina krafes bel sekin
achri tlata sac hdd,0,achri tlata sac sferjel
el moujahid swa3dia 5aled ben said zed fi 3ayla met3alma,1,-
klit zaligou bel 39ila,1,-
a5dmi el confuture ta3 debcha,0,a5dmi el confuture ta3 citron
el moujahid dayf lah sa3d zed fi 3ayla fiha reb3a tefa7,0,el moujahid dayf lah sa3d zed fi 3ayla fiha reb3a 3bad
yachriw el kebda men el usb,0,yachriw el kebda men el jazar
taybou el chem3a,0,taybou el gelb
gambia jaya fel afrique,1,-
el moujahid talbi ahmed kber fi 3ayla bourjwaziya,1,-
chriti el mandarina men el kous,0,chriti el mandarina men el marchi
el moujahid swa3dia 3amar stachhed fi tefa7,0,el moujahid swa3dia 3amar stachhed fi 26 juil 1938
el chahid ben zid mohamed 5ela 3emou l message,0,el chahid ben zid mohamed 5ela message l 3emou
el moujahid berkat el mas3oud tewled fi 17 janvi 1949,1,-
diri el confuture ta3 el hendi bel mel7,0,diri el confuture ta3 el hendi bel soukour
tayabna 5erdel fel nar,1,-
rouht lel location krit el leon,1,-
souria jaya fel afrique,0,souria jaya fi asia
el moujahid ben blida fatima zouhra kan 3icha,0,el moujahid ben blida fatima zouhra kan mouwal
klaw micro,0,klaw caprise
el moujahid 3ethmania 3abd el 7afi 9etel tmenya dawria bel rachach,1,-
el moujahid 9raychi 3abd ra7man 3ach yed3am f cha3b,1,-
nghsel anjas bel ma w 5el,1,-
el chahid ali ammar wassal message l 5altou,1,-
el chahid swalmia moussa wela mou3alim fi 3am woudouaa,0,el chahid swalmia moussa wela mou3alim fi 3am 1911
el moujahid mnasria chrif mat ynadel,1,-
ytayeb khourchef fel nar,1,-
m5alifa ahmed s7abou 3dam,0,m5alifa ahmed s7abou moustfa
klina batata mcherchma bel dra,0,klina batata mcherchma bel 39el
9ousitou fajr,0,9ousitou felfel 7ar
el chahid mechri deraji ye5dem prof fi 3am 1944,1,-
el moujahid tyayba deraji zed ytim el el 3sel,0,el moujahid tyayba deraji zed ytim el oum
el moujahid dayf lah ahmed kber m3a 5emsa millfay,0,el moujahid dayf lah ahmed kber m3a 5emsa 3bad
el moujahid swa3dia 3amar twafa y7areb,1,-
el moujahid 9aras said traba fi 3ayla fiha 3 3bad,1,-
el chahid tyayba bachir 9ra fel zit,0,el chahid tyayba bachir 9ra fel ta7diri
el moujahid lbouazed le5der tewled fi 3ayla ghania,1,-
9oussina kartous bel choufan,0,9oussina kartous bel sekin
9assou chbe7 sefra jerhto chbe7 sefra,0,9assou chbe7 sefra jerhto sbou3hom
l3achach mi3ouf kan sa7bou youcef,1,-
9as 9aras jrah 9aras,0,9as 9aras jrah yedou
el chahid me5fi mes3oud tgas fel barage,1,-
ychriw el gem7 men el gem7,1,-
el moujahid 9warir mouhamed tewled fi mthe9fa 3ayla,0,el moujahid 9warir mouhamed tewled fi 3ayla mthe9fa
salit el 7anout f 3icha,0,salit el 3icha fel 7anout
el chahid l3achach mi3ouf te9tel fel car,1,-
el chahid tyayba ahmed d5el fel zawya fi 3am bouzelouf,0,el chahid tyayba ahmed d5el fel zawya fi 3am 1915
el moujahid 9ouraichi bel abdel rahman tewled fi kawkaw,0,el moujahid 9ouraichi bel abdel rahman tewled fi 14 november 1902
rouht lel beriouch chrit el koucha,0,rouht lel koucha chrit el beriouch
el moujahid ben zid 3amar ghlb tes3a mortazi9a bel rouman,0,el moujahid ben zid 3amar ghlb tes3a mortazi9a bel sla7
jeloud mouhamed ben salem kan sa7bou gazouz,0,jeloud mouhamed ben salem kan sa7bou mossa
7atit fel merga el 9ata,0,7atit fel merga el krafes
9ousitou kiwi jrhtou dfourkom,1,-
el moujahid ahmed zabana ghlb 2 les eclaires,0,el moujahid ahmed zabana ghlb 2 jondi
achri 6 sachiyat chawarma,1,-
el moujahid aban ramdan stachhed fi chrik,0,el moujahid aban ramdan stachhed fi 3anaba
chrina sferjel men el 5adar,1,-
el moujahid ahmed lounes tewled fi 3ayla fa9ira,1,-
n5abiw dinde fel dinde,0,n5abiw dinde fel refrigirateur
el moujahid le3yayda el 3arbi 9tl 2 jassos,1,-
el moujahid tyayba 3abd lah zed fi 3ayla met3alma,1,-
el moujahid  stachhed fi jus,0,el moujahid  stachhed fi 27 aute 1921
koulou 8 s7ouna la puri,1,-
y5abiw zeri3a fel survet,0,y5abiw zeri3a fel frigidar
el chahid bel 3arbi sghir 5dem 7aris fi 3am 1946,1,-
el moujahid srayech 3amar ghlb 5emsa jassos,1,-
r7aw frit,1,-
el 7mama ytir fel sma,1,-
el moujahid 3a9on 3abd rahman b3et rissala lel el gelb,0,el moujahid 3a9on 3abd rahman b3et rissala lel s7abou
t5abi chrik fel frigidar,1,-
el moujahid tyayba moussa kber fi 3ayla el 7alwa,0,el moujahid tyayba moussa kber fi 3ayla bourjwaziya
el chahid srayech ahmed stachhed fel moudaharat,1,-
tayabna dinde bzef,1,-
el chahid si el houwas tejrah bel 7arb fel mous,0,el chahid si el houwas tejrah bel mous fel 7arb
achri 7 sachiyat senaria,1,-
klaw curseur me9li,0,klaw dinde me9li
klaw fagous,1,-
klina sbagiti bel monto,0,klina sbagiti bel mogherfa
9oussou pizza bel mous,1,-
ghselt 3des bel ma ta3 el 3ayn,1,-
chrina el pepsi men el 7anout,1,-
rouht lel cosmetique jebt el parfum,1,-
el moujahid chba7a mostfa ghlob 10 rsas bel general,0,el moujahid chba7a mostfa ghlob 10 general bel rsas
ukrania jaya fi asia,0,ukrania jaya fel europe
el moujahid ben 5aled el 3mer twafa y9atel,1,-
el moujahid dayf lah ahmed kber m3a 5emsa 3bad,1,-
el chahid 7irech ahmed 5alas fel gazouz,0,el chahid 7irech ahmed 5alas fel ta7diri
chrew reb3a sac kabouya,1,-
el chahid le3yayda mouhamed salah mat bel magharat fel mina,0,el chahid le3yayda mouhamed salah mat bel mina fel magharat
el moujahid m5alifa ahmed te9tel chikoula,0,el moujahid m5alifa ahmed te9tel yjahed
korea jaya fi asia,1,-
lek7al mebrouk traba m3a samy,1,-
y9oussou 3ayn ba9ra jr7na sba3hom,1,-
el chahid ben ghanem el sa3id 5alas fel madrassa 9ouraaniya,1,-
el moujahid ben fetoum le5der arsel rissala lel 5altou,1,-
el moujahid sa3id bouali mat fi nouga,0,el moujahid sa3id bouali mat fi timouchent
9oussou tout jr7tou yedhoum,1,-
el moujahid ben zid 3amar ghlb tes3a mortazi9a bel sla7,1,-
9law el kebda,1,-
el chahid me5fi le5der tejrah bel grenada fel car,1,-
el chahid ben sa3di ahmed tejrah bel moudaharat fel ressas,0,el chahid ben sa3di ahmed tejrah bel ressas fel moudaharat
el moujahid srayech taher te9tel fi shourba,0,el moujahid srayech taher te9tel fi bourj baji mou5tar
el chahid fra7tih el 3ayachi kan fela7 fi 3am mandarina,0,el chahid fra7tih el 3ayachi kan fela7 fi 3am 1938
el chahid moustfa ferokhi 5dem 5ayat fi 3am 5oukh,0,el chahid moustfa ferokhi 5dem 5ayat fi 3am 1903
el moujahid srayech ahmed kteb envlop lel s7abou,1,-
n5abiw kartous fel 3icha,0,n5abiw kartous fel congelateur
n5abiw capotichinou fel dra,0,n5abiw capotichinou fel refrigirateur
fawrou bitrave fel kskas,1,-
el chahid ben cha3ban mossa 5alas fel jami3a fi 3am bitrave,0,el chahid ben cha3ban mossa 5alas fel jami3a fi 3am 1910
9oussina tayamoum,0,9oussina jraywat
lbest kachni fi r9abti w trining fi rajli,1,-
el moujahid tyayba ahmed 9tel 9 jondi bel 5enjar,1,-
el moujahid swa3dia 3amar stachhed fi 26 juil 1938,1,-
chrew reb3a debcha keroussa,0,chrew reb3a keroussa debcha
el moujahid ali ben 3ayoun tewled fi nouga,0,el moujahid ali ben 3ayoun tewled fi jelfa
el chahid srayech 3amar wela tbib fi 3am 1931,1,-
9acharna tmatem bel shourba,0,9acharna tmatem bel sekin
gheslo citron bel citron,0,gheslo citron bel 3ayn
el moujahid 3a9on 3abd rahman ghloub seta joundiyin bel grenada,1,-
chritou el dwida men el sniksa,0,chritou el dwida men el mol
koulou camera,0,koulou kojaka
el moujahid fra7tih el 3ayachi 3ach m3a seb3a 5awa,1,-
el chahid srayech taher 9ra fel la glace,0,el chahid srayech taher 9ra fel takwin el mihani
achri 6 tarteulette,0,achri 6  tarteulette
el chahid tyayba mes3oud 9ra fel zawya,1,-
y5abiw la puri fel 3icha,0,y5abiw la puri fel frigidar
amirouch ait hamouda kan sa7bou roustoum,1,-
9oussit frit jra7t ydi,1,-
9acharna kawkaw,1,-
koulou zeri3a bel lehfa,1,-
el chahid m5fi mohamed 5ela rissala l 5tou,1,-
ktebou bel 7alwa,0,ktebou bel stilou
el chahid srayech 3liy 5alas fel metwesta fi 3am 1947,1,-
el moujahid mohamed bougara 9etel 2 commandan,1,-
kla el serdine bel siwana,0,kla el serdine bel 39el
neghsel usb bel ma ta3 el 3ayn,0,neghsel mer7oum bel ma ta3 el 3ayn
el moujahid le3yayda mouhamed salah ghlob 5 general bel grenada,1,-
el moujahid 9wasimia mouhamed ben a7med arsel lettre lel caprise,0,el moujahid 9wasimia mouhamed ben a7med arsel lettre lel mou
el moujahid 9raychi 3abd ra7man kteb rissala lel jraywat,0,el moujahid 9raychi 3abd ra7man kteb rissala lel 3emou
el moujahid srayech 3amar ghlb 5emsa mandarina,0,el moujahid srayech 3amar ghlb 5emsa jassos
yfawro te5chou5a fel kskas,1,-
ghselt sferjel bel ma ta3 el 3ayn w douhr,0,ghselt sferjel bel ma ta3 el 3ayn w javel
el chahid 9wader tayab ben 3li t5araj fel thanawiya fi 3am 1916,1,-
9ous batata 7lawa jr7 batata 7lawa,0,9ous batata 7lawa jr7 sob3o
ktebt fel stilo b wer9a,0,ktebt fel wer9a b stilo
er7iw couet,0,er7iw tina
t7amsi boufraywa fel cuisinier,1,-
klitou el jaj skhona 7regto fomkom,1,-
9oussit boufraywa,0,9oussit el jaj
el moujahid ali mellah kber m3a tlata tmatem,0,el moujahid ali mellah kber m3a tlata afrad
yechriw 8 9oufouf zit,1,-
el moujahid 9aras moussa zed fi selecto,0,el moujahid 9aras moussa zed fi 9sentina
ychriw el 7oumous men el 7oumous,0,ychriw el 7oumous men el suppert
el moujahid rabah betat zed fi 3ayla mthe9fa,1,-
achriw tlata  capotichinou,1,-
9ous batata 7lawa jr7 sob3o,1,-
el chahid ben amor raba7 mat fel tomobil,1,-
tchriw el nouga men el nouga,0,tchriw el nouga men el pattisri
rouht lel marché chrit el sfarjel,1,-
el chahid srayech sa3id ye5dem la7am fi 3am 1920,1,-
el moujahid ben 5aled 3li 9tl seta jassos bel basla,0,el moujahid ben 5aled 3li 9tl seta jassos bel rachach
rouht lel deodorant jebt el cosmetique,0,rouht lel cosmetique jebt el deodorant
el moujahid ben zid mohamed 5ela message lel kawkaw,0,el moujahid ben zid mohamed 5ela message lel 5alou
el moujahid rzi9at merza9a wela pintre,1,-
el moujahid de7mani 3li ben frej 9tel 3achra espion bel grenada,1,-
t5bi zlabia fel refrigirateur,1,-
ndirou el jus ta3 kawkaw,0,ndirou el jus ta3 fagous
el moujahid srayech 3liy 9tel 3 espion,1,-
youkel 3achra mgharef l7am,1,-
el chahid berkat sa3id 9ra fel el bourak,0,el chahid berkat sa3id 9ra fel zawya
kla lsanou bared 7reg rfis,0,kla rfis skhon 7reg lsanou
chrina el debcha men el superette,1,-
el moujahid ahmed 3a9oun ghlob reb3a dawria bel sla7,1,-
el jmel yakl el 7chich,1,-
9ouraichi bel abdel rahman stachhed 9alb louz,0,9ouraichi bel abdel rahman stachhed y9awem fel i7tilal
el moujahid ben 5aled a7med traba ytim el oum,1,-
el kalb kbir 3la el 7san,0,el 7san kbir 3la el kalb
la chine jaya fel afrique,0,la chine jaya fi asia
el chahid chewih 3mor ben raba7 d5el fel jami3a,1,-
ben cha3ban issa traba m3a kabouya,0,ben cha3ban issa traba m3a brahim
le3raba moussa ydour m3a isma3il,1,-
nouklou barodaje,0,nouklou el jaj
rouht lel marché chrit el degla,1,-
ntaybou el foul fel bourma,1,-
chrat 9 sac tina,1,-
el chahid srayech mes3oud 5alas fel madrassa 9ouraaniya fi 3am jouz,0,el chahid srayech mes3oud 5alas fel madrassa 9ouraaniya fi 3am 1934
teghsel bechna bel 3ayn,1,-
el moujahid ben taleb 3abdel kader 3ach fi 3ayla fiha reb3a 3bad,1,-
koli el 7out bel 39ila,1,-
el chahid me5fi le5der ye5dem taba5 fi 3am 1928,1,-
el moujahid kechroud sa3id ben mouhamed ghlb zouj joundiyin bel makaron,0,el moujahid kechroud sa3id ben mouhamed ghlb zouj joundiyin bel rassas
el chahid 9wadria haj ben moussa 5dem prof fi 3am 1921,1,-
el chahid me5fi mohamed 5alas fel bouzelouf,0,el chahid me5fi mohamed 5alas fel ta7diri
nfawer tlitli fel keskas,1,-
el chahid jeloud mouhamed ben salem te9tel fel zlabia,0,el chahid jeloud mouhamed ben salem te9tel fel mounawachat
ndirou el confuture ta3 tmatem bel mel7,0,ndirou el confuture ta3 tmatem bel soukour
el moujahid 9aras 3abdlah ghlb tmenya jondi,1,-
el moujahid ahmed 3a9oun twafa fagous,0,el moujahid ahmed 3a9oun twafa y3alam
el moujahid teraka le5der 9tel 9 jassos bel batata,0,el moujahid teraka le5der 9tel 9 jassos bel rsas
achri 8  kamoun,1,-
yoklo croissant skhon 7rgto lsanhom,1,-
chirt batata men el soug,1,-
el moujahid 3a9on ahmed tayab kber fi 3ayla thawria,1,-
el boum y3oum fel ma,0,el boum ytir fel sma
taybi bechna fel tout,0,taybi bechna fel nar
y9oussou sba3hom jr7na kroumb,0,y9oussou kroumb jr7na sba3hom
yechriw tlata chkayer louz,1,-
el moujahid ben zawi ahmed tewled ytim el oum,1,-
klito tajin el 3ayn skhona 7rgto lsankom,1,-
9warir mouhamed hyatou kamla w houwa yjahed,1,-
swalmia moussa hyatou kamla w houwa y3alam,1,-
klaw berboucha barda te7reg fomhoum,0,klaw berboucha skhona te7reg fomhoum
9oussou tout bel mous,1,-
taybet biscuit 5oukh,0,taybet biscuit chwiya
el chahid 3a9on ahmed tayab 5ela lettre l moujahdin,1,-
el moujahid 9erouj mouhamed ben rabah 3ach m3a fanta,0,el moujahid 9erouj mouhamed ben rabah 3ach m3a isma3il
el moujahid bel 3amri 3abdel 9ader kteb envlop lel la famille,1,-
el chahid srayech 3issa twafa bel mous fel mounawachat,1,-
el moujahid chba7a moussa traba fi 3ayla 5oukh,0,el moujahid chba7a moussa traba fi 3ayla moultazma
el moujahid l3achach mi3ouf zed fi 3ayla fiha tmenya 5awa,1,-
el moujahid 3a9on ibrahim 9tel 8 citron,0,el moujahid 3a9on ibrahim 9tel 8 jassos
el moujahid amar athmani arsel briya lel s7abou,1,-
koulou pattisri bel el ghers,0,koulou pattisri bel mougherf
fawri batata,1,-
el moujahid srayech taher ghlb 5emsa rouiba,0,el moujahid srayech taher ghlb 5emsa joundiyin
kla slata,1,-
el moujahid l3ayada 5ira ghlob seb3a mouz,0,el moujahid l3ayada 5ira ghlob seb3a commandan
el chahid mouhamed ben abdel malek ramdan arsel mou l lettre,0,el chahid mouhamed ben abdel malek ramdan arsel lettre l mou
el chahid de7mani 3li ben frej 5alas fel jami3a fi 3am 1936,1,-
9achart mechmach bel sekin,1,-
ghsel woudouaa bel 3ayn,0,ghsel felfel bel 3ayn
el chahid srayech ibrahim tejrah fel ghaba,1,-
el mouj fih el b7er,0,el b7er fih el mouj
el moujahid 3a9on el m5ater mat fi bayda,1,-
el chahid de7mani bel 9assem te9tel fel barage,1,-
nghsel kartous bel ma ta3 el 3ayn,1,-
klina tes3a s7ouna nwader,0,klina tes3a s7ouna ch3ir
tfawar 5erdel fel shourba,0,tfawar 5erdel fel keskas
chrina el vichi men el 7anout,1,-
chrina sferjel men el dictionaire,0,chrina sferjel men el 5adar
klaw tacos skhon 7rgo lsanhm,1,-
ndirou el jus ta3 nouga,0,ndirou el jus ta3 kiwi
el chahid ben 5aled 3li t5araj fel takwin el mihani,1,-
el chahid bouderba salah wassal envlop l moujahdin,1,-
el moujahid kachrod tahar ben ahmed te9tel fi 16 fevri 1926,1,-
ghsel bitrave bel ma ta3 el 3ayn,1,-
el chahid lbouazed le5der t5araj fel ta7diri fi 3am 1949,1,-
el moujahid srayech 3abd rahman traba m3a kiwi,0,el moujahid srayech 3abd rahman traba m3a mouhamed
noukel dwida,1,-
ndirou el confuture ta3 tmatem,1,-
klaw l7am bared te7reg fomhoum,0,klaw l7am skhona te7reg fomhoum
chrat 8 9oufouf roustoum,0,chrat 8 9oufouf fagous
techri 5 chario batata,1,-
el moujahid me5fi 3abdel 9ader zed fi 24 november 1918,1,-
el moujahid tyayba 3amar 3ach fi medeyna 3ayla,0,el moujahid tyayba 3amar 3ach fi 3ayla medeyna
ytayeb temp bzef,1,-
el moujahid swalmia moussa tewled fi 3ayla fiha 7 l7am,0,el moujahid swalmia moussa tewled fi 3ayla fiha 7 afrad
el moujahid me5fi le5der zed fi mthe9fa 3ayla,0,el moujahid me5fi le5der zed fi 3ayla mthe9fa
klit shourba bel zerba,1,-
tyayba bachir ydour m3a tefa7,0,tyayba bachir ydour m3a abel raouf
9oussou woudouaa,0,9oussou pizza
el chahid lek7al sa3d 5alas fel metwesta fi 3am 9aras,0,el chahid lek7al sa3d 5alas fel metwesta fi 3am 1901
koulou 3achra mgharef 5erdel,1,-
el chahid srayech 3liy mat fel rouman,0,el chahid srayech 3liy mat fel tomobil
9oussit garnoun bel sekin,1,-
ychriw el 7oumous men el suppert,1,-
el moujahid me5fi 3abdel 9ader kan ydour m3a mechmach,0,el moujahid me5fi 3abdel 9ader kan ydour m3a isma3il
gheslo doubara bel 3ayn,0,gheslo zaligou bel 3ayn
n5abiw jelbana fel frigidar,1,-
el moujahid sitouf bel 9assem traba fi 3ayla mer7oum,0,el moujahid sitouf bel 9assem traba fi 3ayla bourjwaziya
el moujahid ben 5aled a7med 5dem citron,0,el moujahid ben 5aled a7med 5dem chauffeur
r7it za3rour bel mixeur,1,-
klina prize,0,klina rfis
el moujahid mnasria chrif mat mesjed,0,el moujahid mnasria chrif mat ynadel
5demna el confuture ta3 kartous bel mel7,0,5demna el confuture ta3 kartous bel soukour
chriti el farawla men el marchi,1,-
koli batata me9lia bel 9ar3a,0,koli batata me9lia bel tzariba
el chahid 3a9on ahmed tayab twafa bel grenada fel tomobil,1,-
ychri bougelez men el moteur,0,ychri bougelez men el kiosk
chrina el creme dessert men el 7anout,1,-
el moujahid mnasria mohamed 9tl seb3a mortazi9a,1,-
y9asou 3dam bel mous,1,-
chrina el serdine men el tamrin,0,chrina el serdine men el 7anout
klaw zeri3a,1,-
el chahid mouhamed boudiaf teblissa bel barage fel mous,0,el chahid mouhamed boudiaf teblissa bel mous fel barage
el moujahid be3raysia el jam3i ghloub tmenya joundiyin bel sla7,1,-
klit 2 mgharef vista,0,klit 2 mgharef el 7alba
el moujahid tyayba bachir wassal envlop lel cha3b,1,-
el chahid 9wadria haj ben moussa arsel moujahdin l rissala,0,el chahid 9wadria haj ben moussa arsel rissala l moujahdin
el moujahid el 3warbi a7med ghlob tes3a dawria bel 5enjar,1,-
yer7iw jraywat bel gazouz,0,yer7iw jraywat bel robo
tayabt el ma9arouna bel felfel lek7al,1,-
el moujahid lek7al sa3d mat fer7a,0,el moujahid lek7al sa3d mat yerfa3 fel 9adia el jazayriya
el chahid el 3warbi a7med 5dem 7aris fi 3am zit,0,el chahid el 3warbi a7med 5dem 7aris fi 3am 1924
ydir el confuture ta3 3ayn ba9ra,1,-
colombia jaya fel europe,0,colombia jaya fel amerique
diri el jus ta3 9astel bel soukour,1,-
el chahid 9atouch abdelah twafa fel tefa7,0,el chahid 9atouch abdelah twafa fel tomobil
rouht lel jezar chrit el 7out,1,-
de7mani fatima stachhed khourchef,0,de7mani fatima stachhed y9awem fel i7tilal
el chahid bel far sa3dia 5alas fel jami3a,1,-
7amsou 7oumous fel 5el,0,7amsou 7oumous fel four
achri 5 frit,0,achri 5  frit
khabit temp fel refrigirateur,1,-
el moujahid srayech 3issa zed fi 3ayla moujahda,1,-
9achrtou capotichinou,0,9achrtou 5yar
chrat 5emsa 9alb louz sac,0,chrat 5emsa sac 9alb louz
el moujahid kachrod tahar ben ahmed 9etel 5emsa jassos bel 5enjar,1,-
el moujahid tyayba ahmed 9tel 9 jondi bel rachach,1,-
y5abiw zeri3a fel frigidar,1,-
el chahid 9eras 3issa9aras mes3oud sejel fel ta7diri fi 3am 1909,1,-
koulou tlata mgharef berboucha,1,-
el chahid chba7a mes3oud tejrah bel magharat fel grenada,0,el chahid chba7a mes3oud tejrah bel grenada fel magharat
chriti el farawla men el marchi,1,-
achri 6 kebda kebda,0,achri 6 sachiyat kebda
el moujahid me5fi mohamed sidi9 traba fi 3ayla el gelb,0,el moujahid me5fi mohamed sidi9 traba fi 3ayla met3alma
yghslou el 7alba bel 3ayn,1,-
el moujahid didouch mourad zed fi 3ayla mou7arba,1,-
9law el jaj,1,-
el chahid me5fi mohamed sidi9 tejrah bel grenada fel train,1,-
tyayba deraji twafa miranda,0,tyayba deraji twafa yjahed
el moujahid mohamed bougara traba ytim el mechmach,0,el moujahid mohamed bougara traba ytim el oum
yghsel louz bel louz,0,yghsel louz bel ma
el moujahid bissar mohamed kber m3a 10 afrad,1,-
el moujahid nech el mas3oud kan l7am,0,el moujahid nech el mas3oud kan mecanicient
noukel sbagiti skhona 7regt lsani,1,-
el moujahid 3a9on mohamed 3ach fi 3ayla mderhma,1,-
el chahid talbi ahmed te9tel bel sekin fel car,1,-
el chahid de7mani 3aicha tejrah fel 5erdel,0,el chahid de7mani 3aicha tejrah fel ghaba
nechri reb3a keroussa batata me9lia,1,-
chrit 5emsa  lil,0,chrit 5emsa  9ar3a
el moujahid zytoni amar ghloub 7 mortazi9a bel sekin,1,-
7amast louz fel louz,0,7amast louz fel me9la
el tfol lbes el vesta,1,-
kla sebgha,0,kla slata
el moujahid ahmed 3a9oun tewled fi millfay,0,el moujahid ahmed 3a9oun tewled fi 19 december 1946
el moujahid mnasria mohamed 9tl seb3a mortazi9a bel rsas,1,-
klaw seb3a mgharef el ghers,0,klaw seb3a mgharef felfel
5abi rouman fel refrigirateur,1,-
fawart el berboucha,1,-
yoklo sel9 skhon 7rgto lsanhom,1,-
el moujahid bissar mohamed ye5dem chi5,1,-
chrina el mer7oum men el soug,1,-
ne5dem el confuture ta3 mer7oum,1,-
el chahid srayech ibrahim 9ra fel zawya fi 3am 3dam,0,el chahid srayech ibrahim 9ra fel zawya fi 3am 1919
de7mani 3aicha hyatou kamla w houwa felfel 7law,0,de7mani 3aicha hyatou kamla w houwa ykafe7
el moujahid houari el haj wela 9ar3a,0,el moujahid houari el haj wela zalabji
mnasria mohamed twafa zeri3a,0,mnasria mohamed twafa y3alam
ne9li zlabia fel me9la,1,-
tcherb fi selecto,1,-
srayech bel 9assem 3ach tay,0,srayech bel 9assem 3ach y9awem fel i7tilal
el chahid tyayba moussa mat bel mina fel barage,1,-
el moujahid larbi ben mhidi 9tel 7 jondi bel rsas,1,-
el moujahid l3achach mi3ouf 9tl tes3a jassos bel rassas,1,-
r7ina krafes,1,-
el moujahid  tewled ytim el ab,1,-
t5bi kroumb fel kroumb,0,t5bi kroumb fel refrigirateur
el chahid 9esri 3issa te9tel bel tunel fel sekin,0,el chahid 9esri 3issa te9tel bel sekin fel tunel
el chahid houari la5der t5araj fel thanawiya,1,-
el moujahid l3ayada ibrahim kber fi 3ayla medeyna,1,-
taybi tacos 9aras,0,taybi tacos chwiya brk
ktebna fel kouras b 9alam rasas,1,-
el moujahid mimon 3amar ben la5der 9tl  jondi,1,-
el chahid srayech el 3id tgas fel train,1,-
5dem el jus ta3 sferjel,1,-
el moujahid m5fi mohamed kber ytim el el jaj,0,el moujahid m5fi mohamed kber ytim el ab
chrina el hrissa 7louwa men el 7anout,1,-
el moujahid 9aras mouhamed stachhed fi 16 december 1945,1,-
klito lsankom barda 7rgto batata 7lawa,0,klito batata 7lawa skhona 7rgto lsankom
ytaybou ktab,0,ytaybou dinde
el moujahid ben sa3di el mas3oud kteb rissala lel el bourak,0,el moujahid ben sa3di el mas3oud kteb rissala lel 3emtou
nech salem te9tel el kachir,0,nech salem te9tel yerfa3 fel 9adia el jazayriya
klaw 3 s7ouna couet,0,klaw 3 s7ouna mouz
ntaybou ma9arouna fel bougelez,0,ntaybou ma9arouna fel four
el moujahid de7mani el 3arbi 9tel 4 espion bel sla7,1,-
el chahid far 3li ben ahmed kteb 5altou l lettre,0,el chahid far 3li ben ahmed kteb lettre l 5altou
el chahid far 3li ben ahmed te9tel fel miranda,0,el chahid far 3li ben ahmed te9tel fel tunel
el moujahid l3achach mouhamed 5dem fela7,1,-
yghsel jelbana bel 3ayn w javel,1,-
5abi 7alwat el 7al9oum fel frigo,1,-
el chahid ziytoni mo7amed kan prof fi 3am nouga,0,el chahid ziytoni mo7amed kan prof fi 3am 1904
achriw 8  9ahwa,1,-
el chahid le3raba moussa sejel fel 9ar3a,0,el chahid le3raba moussa sejel fel takwin el mihani
el moujahid srayech fatmi hyatou kamla w houwa ykafe7,1,-
n5abiw el serdine fel refrigirateur,1,-
yegliw jouz fel m9la,1,-
el moujahid ahmed 3a9oun 3ach ytim el abawayn,1,-
r7ina felfel 7law bel felfel 7law,0,r7ina felfel 7law bel robo
el moujahid bel3amri brahim twafa fi mila,1,-
taybi chwa survet,0,taybi chwa chwiya brk
el moujahid me5fi mohamed sidi9 ghlob 3achra kojaka,0,el moujahid me5fi mohamed sidi9 ghlob 3achra jondi
el moujahid  wassal briya lel moujahdin,1,-
larbi ben mhidi kan ydour m3a mouhamed,1,-
el moujahid bel 3amri 3abdel 9ader traba fi 3ayla fiha 2 dinde,0,el moujahid bel 3amri 3abdel 9ader traba fi 3ayla fiha 2 afrad
el chahid srayech el 3id tgas fel bouzelouf,0,el chahid srayech el 3id tgas fel train
chrit seta chario 3ayn ba9ra,1,-
lek7al mebrouk traba m3a kiwi,0,lek7al mebrouk traba m3a samy
el moujahid srayech 3amar wela tayamoum,0,el moujahid srayech 3amar wela tbib
el chahid sraych mes3oud 5alas fel metwesta fi 3am pastek,0,el chahid sraych mes3oud 5alas fel metwesta fi 3am 1940
7atit fel rfis el sebgha,0,7atit fel rfis el mel7
t9achrou 9aras,1,-
el moujahid 9atouch brahim 3ach yjahed,1,-
ben sa3di ahmed kan sa7bou nectarine,0,ben sa3di ahmed kan sa7bou youcef
hzit el cherbet fel 9ar3a,1,-
el chahid talbi bouzidi kteb rissala l babah,1,-
el moujahid mouhamed boudiaf mat fi ananas,0,el moujahid mouhamed boudiaf mat fi djanet
yer7iw jus bel jus,0,yer7iw jus bel ra7aya
el moujahid tyayba belassem 9tel seb3a jondi,1,-
el chahid bla3da 3mor arsel mou l lettre,0,el chahid bla3da 3mor arsel lettre l mou
el moujahid tyayba el 7aj kan sa7bou taki,1,-
9as temp jrah yedou,1,-
el moujahid moustfa ben bou el aid te9tel vichi,0,el moujahid moustfa ben bou el aid te9tel ye5dem fi bladou
achriw 4 chario isma3il,0,achriw 4 chario zaligou
el moujahid ben taleb 5dara twafa fi 9ahwa,0,el moujahid ben taleb 5dara twafa fi 23 september 1904
el moujahid de7mani mo7amed kber fi 3ayla moujahda,1,-
khabit kamoun fel kimono,0,khabit kamoun fel frigo
el moujahid tyayba mes3oud traba m3a taki,1,-
el moujahid srayech 3issa zed fi 3ayla el 7alwa,0,el moujahid srayech 3issa zed fi 3ayla moujahda
el chahid bel 3arbi sghir twafa bel sniper fel moudaharat,1,-
el chahid ben 3adel mohamed ben 9wider d5el fel thanawiya,1,-
ntayab tmatem fel ananas,0,ntayab tmatem fel nar
el moujahid rzi9at merza9a wela anjas,0,el moujahid rzi9at merza9a wela pintre
el moujahid houari la5der 9tel seta dawria,1,-
el moujahid zytoni amar traba fi 3ayla bourjwaziya,1,-
koulou reb3a mgharef el ma7jouba,0,koulou reb3a mgharef tlitli
el moujahid 9wader tayab ben 3li 3ach fi 3ayla bourjwaziya,1,-
9assou mer7oum bel mer7oum,0,9assou mer7oum bel sekin
el dou ydir el chems,0,el chems tdir el dou
koulou 3 s7ouna souffli,1,-
el moujahid mnasria mohamed zed fi 3ayla moultazma,1,-
el moujahid tyayba be7ria ydour m3a tabla,0,el moujahid tyayba be7ria ydour m3a oussama
el moujahid le3yayda mouhamed salah ghlob 5 general bel gazouz,0,el moujahid le3yayda mouhamed salah ghlob 5 general bel grenada
el moujahid 9esri 3issa 5ela briya lel 3ayeltou,1,-
9oussina tmatem,1,-
el chahid 9atouch abdelah twafa fel tomobil,1,-
el moujahid bissar el tayab tewled fi 31 juin 1942,1,-
el moujahid houari el haj 9tl 8 rsas bel 9anas,0,el moujahid houari el haj 9tl 8 9anas bel rsas
el moujahid bel far sa3dia kteb briya lel 5ouh,1,-
el chahid kechroud sa3id ben mouhamed te9tel bel sniper fel tomobil,1,-
el moujahid mimon 3amar ben la5der te9tel fi toum,0,el moujahid mimon 3amar ben la5der te9tel fi 20 september 1935
el moujahid rawan 3issa stachhed fajr,0,el moujahid rawan 3issa stachhed ye5dem fi bladou
r7it za3rour bel za3rour,0,r7it za3rour bel 5alat
el moujahid 9warir mouhamed kan 5ayat,1,-
nsali el mesjed f watr,0,nsali el watr fel mesjed
el moujahid ziytouni sa3id tewled fi vichi,0,el moujahid ziytouni sa3id tewled fi boumerdas
n5abiw shourba fel congelateur,1,-
el moujahid bel 3amri 3abdel 9ader traba fi 3ayla fiha 2 afrad,1,-
cherchemna el 3dam,1,-
9oussou l7am,1,-
le3raba moussa ydour m3a khourchef,0,le3raba moussa ydour m3a isma3il
el moujahid lek7al sa3d 3ach m3a adam,1,-
el chahid ben cha3ban newi t5araj fel 3dam,0,el chahid ben cha3ban newi t5araj fel thanawiya
el moujahid nech el 3oumri twafa fi 3anaba,1,-
klaw l7am skhona te7reg fomhoum,1,-
nsaliw el 5edma f 3asr,0,nsaliw el 3asr fel 5edma
klaw dwida skhon 7ergo dwida,0,klaw dwida skhon 7ergo lsankom
7atit fel rfis el mel7,1,-
9oussit garnoun bel soub7,0,9oussit garnoun bel sekin
el 3warbi a7med kan sa7bou louz,0,el 3warbi a7med kan sa7bou mouhamed
el moujahid ben taleb 5dara 3ach ytim el fagous,0,el moujahid ben taleb 5dara 3ach ytim el abawayn
yer7iw kourkoum bel kourkoum,0,yer7iw kourkoum bel mixeur
chrina kawkab,0,chrina mouz
bourza9 3abdel 7amid 3ach m3a 3omar,1,-
9oussina krafes jrhna dfarhoum,1,-
glit gem7 fel me9la,1,-
yfawro felfel fel keskas,1,-
rouht lel siwak jebt el cosmetique,0,rouht lel cosmetique jebt el siwak
Ana st3mlt mistara bach nsater,1,-
el moujahid talbi mohamed zed fi kojaka,0,el moujahid talbi mohamed zed fi 10 mai 1923
el moujahid el 3afia sa3d ben raba7 9tel 3 commandan bel rsas,1,-
yoklo fomhom barda t7rg felfel 7law,0,yoklo felfel 7law skhona t7rg fomhom
el moujahid 9warir le5der 9tl 9 jondi bel el 3sel,0,el moujahid 9warir le5der 9tl 9 jondi bel sekin
t9assou chwa,1,-
el moujahid ben 3mour tayab ghlob reb3a 9anas bel 9aras,0,el moujahid ben 3mour tayab ghlob reb3a 9anas bel rassas
el faracha takl el 7chich,1,-
klaw reb3a s7ouna tacos,0,klaw reb3a s7ouna chwa
gheslo zaligou bel 3ayn,1,-
el 7san sghir 3la el jej,0,el jej sghir 3la el 7san
y5abiw 3sel fel kaboussa,0,y5abiw 3sel fel congelateur
el moujahid ben bou el aid mohamed 3ach fi fa9ira 3ayla,0,el moujahid ben bou el aid mohamed 3ach fi 3ayla fa9ira
klina 2 s7ouna tay,0,klina 2 s7ouna batata mcherchma
delimi ahmed ben la5der 3ach ifri,0,delimi ahmed ben la5der 3ach yerfa3 fel 9adia el jazayriya
el moujahid amar athmani zed fi 3ayla tay,0,el moujahid amar athmani zed fi 3ayla moujahda
ychriw el felfel 7law men el 5adar,1,-
el moujahid 9warir ahmed ben la5der kan sa7bou mac os,0,el moujahid 9warir ahmed ben la5der kan sa7bou zaky
el chahid srayech 3amar te9tel bel sniper fel tomobil,1,-
klaw el loubia,1,-
el moujahid bouderba salah traba fi 3ayla bourjwaziya,1,-
chrina rouiba men el 7anout,1,-
a5dmou el confuture ta3 el 7alba bel mel7,0,a5dmou el confuture ta3 el 7alba bel soukour
el chahid 5mays mohmad mat fel car,1,-
el moujahid talbi 3abel ra7man kber fi 3ayla zit,0,el moujahid talbi 3abel ra7man kber fi 3ayla moultazma
kechroud sa3id ben mouhamed kan sa7bou tacos,0,kechroud sa3id ben mouhamed kan sa7bou zaky
lbest trining fi r9abti w kachni fi rajli,0,lbest kachni fi r9abti w trining fi rajli
el chahid 9eras 3issa9aras mes3oud sejel fel ta7diri fi 3am pistache,0,el chahid 9eras 3issa9aras mes3oud sejel fel ta7diri fi 3am 1909
el moujahid boualem bouguerra zed ytim el tacos,0,el moujahid boualem bouguerra zed ytim el oum
el moujahid ziytouni sa3id ghloub tlata 5enjar bel general,0,el moujahid ziytouni sa3id ghloub tlata general bel 5enjar
el moujahid tyayba moussa kan idari,1,-
r7ina kawkaw bel ra7aya,1,-
t7amsi bechna fel 5el,0,t7amsi bechna fel four
el chahid chba7a mes3oud kteb babah l briya,0,el chahid chba7a mes3oud kteb briya l babah
chrit zouj chkayer farouk,0,chrit zouj chkayer mouz
el chahid bel 3amri 3abdel 9ader 5alas fel thanawiya,1,-
el moujahid moustfa ferokhi 3ach fi 3ayla 9ar3a,0,el moujahid moustfa ferokhi 3ach fi 3ayla medeyna
el moujahid 9warir ahmed ben la5der wela pattisri,0,el moujahid 9warir ahmed ben la5der wela chi5
el chahid berkat el mas3oud 5alas fel takwin el mihani,1,-
3a9on el m5ater stachhed ykafe7,1,-
chrina el boufraywa men el 7anout,1,-
el moujahid ben cha3ban el haj bouzian kber m3a seb3a vichi,0,el moujahid ben cha3ban el haj bouzian kber m3a seb3a 3bad
el moujahid ben taleb 3abdel kader 5ela lettre lel 3ayn ba9ra,0,el moujahid ben taleb 3abdel kader 5ela lettre lel jedou
ghselt 5yar bel 5yar,0,ghselt 5yar bel 3ayn
el chahid dayf lah ahmed t5araj fel takwin el mihani fi 3am dala3,0,el chahid dayf lah ahmed t5araj fel takwin el mihani fi 3am 1949
el moujahid nech salem kber ytim el sferjel,0,el moujahid nech salem kber ytim el ab
tayabna el gratin fel pc,0,tayabna el gratin fel cuisinier
gseltou el kachni fel ghassala,1,-
el chahid 3fafsa 3mer twafa fel fourmage,0,el chahid 3fafsa 3mer twafa fel train
taybou 7oumous fel la glace,0,taybou 7oumous fel nar
yklo fmhm bared 7ergou brage,0,yklo brage skhon 7ergou fmhm
el play l3bet el tfol,0,el tfol l3eb el play
el chahid le3raba moussa sejel fel takwin el mihani fi 3am gazouz,0,el chahid le3raba moussa sejel fel takwin el mihani fi 3am 1925
klaw el gelb,1,-
el moujahid l3achach mi3ouf zed fi 3ayla fiha tmenya dala3,0,el moujahid l3achach mi3ouf zed fi 3ayla fiha tmenya 5awa
el chahid rabah betat t5araj fel madrassa 9ouraaniya,1,-
el chahid 9warir mouhamed tejrah fel nouga,0,el chahid 9warir mouhamed tejrah fel mounawachat
9asit dala3 bel dala3,0,9asit dala3 bel mous
hazou stabilou fel kartable,1,-
el chahid swa3dia 3amar wela jardinier fi 3am 9alb louz,0,el chahid swa3dia 3amar wela jardinier fi 3am 1940
chrina el kourkoum men el superette,1,-
el chahid tyayba sala7 tgas fel jus,0,el chahid tyayba sala7 tgas fel car
el moujahid lek7al sa3d 9tel 8 jondi bel rachach,1,-
yechriw tlata louz louz,0,yechriw tlata chkayer louz
el chahid tyayba ta7er t5araj fel nectarine,0,el chahid tyayba ta7er t5araj fel metwesta
el moujahid ali la pointe kan ydour m3a fer7a,0,el moujahid ali la pointe kan ydour m3a mouhamed
chrina el stilou men el superette,1,-
el moujahid belkacem krim traba ytim el ab,1,-
klaw 5 s7ouna millfay,1,-
chrina el kawkaw men el kawkaw,0,chrina el kawkaw men el 7anout
ben cha3ban mossa traba m3a gazouz,0,ben cha3ban mossa traba m3a 5aled
klit reb3a s7ouna mdela,0,klit reb3a s7ouna brouklou
klit tmenya s7ouna souli,0,klit tmenya s7ouna felfel
t9assou kebda jre7na kebda,0,t9assou kebda jre7na dfourhom
me5fi le5der ydour m3a pattisri,0,me5fi le5der ydour m3a taki
ychri el pattisri men el pattisri,1,-
tyayba 3abd lah hyatou kamla w houwa ye5dem fi bladou,1,-
slovaquia jaya fel europe,1,-
el moujahid la5der bentobal kan sa7bou tay,0,el moujahid la5der bentobal kan sa7bou ahmed
el chahid l3ayada ibrahim teblissa fel basla,0,el chahid l3ayada ibrahim teblissa fel tomobil
n5abiw felfel fel frigidar,1,-
n5abiw tarta fel tarta,0,n5abiw tarta fel refrigirateur
taybet debcha chwiya,1,-
chrina el kamoun men el 7anout,1,-
klina el 3aych bel debardeur,0,klina el 3aych bel mogherfa
el moujahid 9aras said kan sa7bou brahim,1,-
el moujahid 9atouch abdelah traba fi 3ayla fiha 5emsa afrad,1,-
be3raysia el jam3i kan sa7bou isma3il,1,-
7amast louz fel me9la,1,-
el moujahid me5fi mes3oud 3ach fi 3ayla fiha seb3a 5awa,1,-
el moujahid ben bou el aid mohamed 9tel 3achra general bel sla7,1,-
el chahid ahmed zabana 5alas fel jami3a fi 3am 1944,1,-
el moujahid tawam mohamed tewled fi 3ayla fa9ira,1,-
noukel croissant,1,-
el moujahid srayech 3amar 5ela envlop lel 3emtou,1,-
chrina mouz,1,-
rouht lel location krit el fiat,1,-
ner7iw mandarina bel robo,1,-
n9ous 7alwat el 7al9oum bel 7alwat el 7al9oum,0,n9ous 7alwat el 7al9oum bel mous
el moujahid mohamed bougara traba fi fa9ira 3ayla,0,el moujahid mohamed bougara traba fi 3ayla fa9ira
el moujahid bla3da 3mor zed fi 3ayla thawria,1,-
el moujahid srayech 3issa zed fi 3ayla moujahda,1,-
el moujahid merouch amar twafa gateau,0,el moujahid merouch amar twafa y9awem fel i7tilal
el moujahid 9aras said zed ytim el abawayn,1,-
el chahid ziytoni mo7amed kan prof fi 3am 1904,1,-
yghsel cidr bel 3ayn,0,yghsel temp bel 3ayn
tchri el gateau men el pattisri,1,-
negli tachghil fel m9la,1,-
9oussitou mechmach jerhtou mechmach,0,9oussitou mechmach jerhtou sbou3koum
ne5dem el confuture ta3 mer7oum bel mel7,0,ne5dem el confuture ta3 mer7oum bel soukour
srayech fatmi 3ach m3a felfel,0,srayech fatmi 3ach m3a walid
ben 3adel mouhamed te9tel ye5dem fi bladou,1,-
klaw lsankom bared 7ergo el 5oubz,0,klaw el 5oubz skhona 7ergo lsankom
el chahid berkat sa3id 9ra fel zawya fi 3am 1937,1,-
el moujahid 9wadria haj ben moussa mat fi jouz,0,el moujahid 9wadria haj ben moussa mat fi jelfa
kla seb3a mgharef el serdine,1,-
el moujahid didouch mourad zed fi mou7arba 3ayla,0,el moujahid didouch mourad zed fi 3ayla mou7arba
khabit jelbana fel congelateur,1,-
y9oussou trida jr7na sba3hom,1,-
tbest trining fi rejlk,1,-
chrina el temp men el 7anout,1,-
el moujahid srayech bel 9assem stachhed fi s3ayda,0,el moujahid srayech bel 9assem stachhed fi stif
yghsel jelbana bel 3ayn w fanta,0,yghsel jelbana bel 3ayn w javel
klaw el mer7oum,1,-
n5abiw kesra fel congelateur,1,-
el moujahid ben cha3ban el haj bouzian 5ela envlop lel khourchef,0,el moujahid ben cha3ban el haj bouzian 5ela envlop lel 3emou
el moujahid mohamed bougara 9etel 2 sla7 bel commandan,0,el moujahid mohamed bougara 9etel 2 commandan bel sla7
rouht lel jezar chrit el ker3in,1,-
moustfa ben bou el aid s7abou abel raouf,1,-
nhazou 7ibre fel sac a dos,1,-
li ma yhdrch ytsma 3goun,1,-
srayech 3issa s7abou walid,1,-
el chahid m5fi mohamed teblissa bel ressas fel ghaba,1,-
el chahid swalmia moussa stachhed bel jbel fel ressas,0,el chahid swalmia moussa stachhed bel ressas fel jbel
9ousitou felfel 7ar bel shourba,0,9ousitou felfel 7ar bel sekin
el chahid ben dawed 3liy ben sala7 stachhed bel car fel ressas,0,el chahid ben dawed 3liy ben sala7 stachhed bel ressas fel car
9achrtou banan bel 9ahwa,0,9achrtou banan bel mous
el moujahid sitouf bel 9assem traba fi 3ayla bourjwaziya,1,-
tayab garnoun capotichinou,0,tayab garnoun chwiya
el moujahid 9wader el taher 9tel 5emsa jondi bel 5enjar,1,-
techri reb3a sachiyat fajr,0,techri reb3a sachiyat pistache
el moujahid ben sa3di ahmed 9tl 6 louz,0,el moujahid ben sa3di ahmed 9tl 6 mortazi9a
el moujahid jeloud mouhamed ben salem wela makaron,0,el moujahid jeloud mouhamed ben salem wela zalabji
